Year,Location,Bedrooms,Property_type,Rent,District
2008,Dublin 3,One bed,Semi detached house,745.08,D3
2008,Dublin 4,One bed,Semi detached house,911.54,D4
2008,Dublin 6,One bed,Semi detached house,801.92,D6
2008,Dublin 7,One bed,Semi detached house,642.81,D7
2008,Dublin 8,One bed,Semi detached house,891.94,D8
2008,Dublin 4,One bed,Terrace house,1104.44,D4
2008,Dublin 6,One bed,Terrace house,914.55,D6
2008,Dublin 7,One bed,Terrace house,765.89,D7
2008,Dublin 8,One bed,Terrace house,974.76,D8
2008,"Balbriggan, Dublin",One bed,Apartment,832.77,D1
2008,"Blackrock, Dublin",One bed,Apartment,1169.45,D18
2008,"Donabate, Dublin",One bed,Apartment,908.33,D13
2008,"Dun Laoghaire, Dublin",One bed,Apartment,1060.02,D18
2008,"Lucan, Dublin",One bed,Apartment,962.4,D20
2008,"Malahide, Dublin",One bed,Apartment,1202.44,D17
2008,"Monkstown, Dublin",One bed,Apartment,1033.45,D18
2008,"Portmarnock, Dublin",One bed,Apartment,1098.33,D13
2008,"Stillorgan, Dublin",One bed,Apartment,1206.38,D18
2008,"Swords, Dublin",One bed,Apartment,993.72,D17
2008,Dublin 1,One bed,Apartment,1037.51,D1
2008,"I.F.S.C., Dublin 1",One bed,Apartment,1205.44,D1
2008,"Parnell Street, Dublin 1",One bed,Apartment,1100.55,D1
2008,"Spencer Dock, Dublin 1",One bed,Apartment,1308.13,D1
2008,"Summerhill, Dublin 1",One bed,Apartment,924.11,D1
2008,Dublin 2,One bed,Apartment,1187.84,D2
2008,"Pearse Street, Dublin 2",One bed,Apartment,1156.25,D2
2008,"Temple Bar, Dublin 2",One bed,Apartment,1226.52,D2
2008,"Townsend Street, Dublin 2",One bed,Apartment,1208.33,D2
2008,Dublin 3,One bed,Apartment,1036.36,D3
2008,"Clontarf, Dublin 3",One bed,Apartment,1070.1,D3
2008,"Drumcondra, Dublin 3",One bed,Apartment,876.3,D3
2008,"Fairview, Dublin 3",One bed,Apartment,968.14,D3
2008,Dublin 4,One bed,Apartment,1199.04,D4
2008,"Ballsbridge, Dublin 4",One bed,Apartment,1301.4,D4
2008,"Donnybrook, Dublin 4",One bed,Apartment,1151.28,D4
2008,"Merrion, Dublin 4",One bed,Apartment,1279.09,D4
2008,"Pembroke, Dublin 4",One bed,Apartment,1134.49,D4
2008,"Ringsend, Dublin 4",One bed,Apartment,1132.0,D4
2008,"Sandymount, Dublin 4",One bed,Apartment,1085.42,D4
2008,Dublin 5,One bed,Apartment,968.82,D5
2008,Dublin 6,One bed,Apartment,1021.98,D6
2008,"Harolds Cross, Dublin 6",One bed,Apartment,957.55,D6
2008,"Milltown, Dublin 6",One bed,Apartment,1261.22,D6
2008,"Ranelagh, Dublin 6",One bed,Apartment,1042.97,D6
2008,"Rathgar, Dublin 6",One bed,Apartment,980.82,D6
2008,"Rathmines, Dublin 6",One bed,Apartment,997.67,D6
2008,Dublin 6W,One bed,Apartment,942.4,D6W
2008,"Harolds Cross, Dublin 6W",One bed,Apartment,932.02,D6W
2008,"Terenure, Dublin 6W",One bed,Apartment,985.35,D6W
2008,Dublin 7,One bed,Apartment,966.17,D7
2008,"Navan Road, Dublin 7",One bed,Apartment,1026.88,D7
2008,"Phibsboro, Dublin 7",One bed,Apartment,899.28,D7
2008,"Smithfield, Dublin 7",One bed,Apartment,1127.66,D7
2008,Dublin 8,One bed,Apartment,1017.97,D8
2008,"Christchurch, Dublin 8",One bed,Apartment,1049.93,D8
2008,"Cork Street, Dublin 8",One bed,Apartment,1083.65,D8
2008,"Inchicore, Dublin 8",One bed,Apartment,989.81,D8
2008,"Islandbridge, Dublin 8",One bed,Apartment,1043.06,D8
2008,"Kilmainham , Dublin 8",One bed,Apartment,1022.74,D8
2008,"South Circular Road, Dublin 8",One bed,Apartment,993.33,D8
2008,Dublin 9,One bed,Apartment,906.84,D9
2008,"Ballymun, Dublin 9",One bed,Apartment,917.62,D9
2008,"Drumcondra, Dublin 9",One bed,Apartment,860.9,D9
2008,"Glasnevin, Dublin 9",One bed,Apartment,932.33,D9
2008,"Santry, Dublin 9",One bed,Apartment,915.87,D9
2008,Dublin 11,One bed,Apartment,968.61,D11
2008,"Ballymun, Dublin 11",One bed,Apartment,934.92,D11
2008,"Finglas, Dublin 11",One bed,Apartment,999.05,D11
2008,Dublin 12,One bed,Apartment,1025.05,D12
2008,"Drimnagh, Dublin 12",One bed,Apartment,1108.06,D12
2008,"Kimmage, Dublin 12",One bed,Apartment,926.52,D12
2008,Dublin 13,One bed,Apartment,1013.3,D13
2008,Dublin 14,One bed,Apartment,1133.46,D14
2008,"Dundrum, Dublin 14",One bed,Apartment,1183.11,D14
2008,"Rathfarnham, Dublin 14",One bed,Apartment,1006.45,D14
2008,Dublin 15,One bed,Apartment,1008.1,D15
2008,"Ashtown, Dublin 15",One bed,Apartment,1061.24,D15
2008,"Blanchardstown, Dublin 15",One bed,Apartment,963.15,D15
2008,"Castleknock, Dublin 15",One bed,Apartment,1104.88,D15
2008,"Ongar, Dublin 15",One bed,Apartment,936.36,D15
2008,"Royal Canal Park, Dublin 15",One bed,Apartment,1051.89,D15
2008,Dublin 16,One bed,Apartment,1126.56,D16
2008,"Dundrum, Dublin 16",One bed,Apartment,1185.59,D16
2008,"Rathfarnham, Dublin 16",One bed,Apartment,1019.87,D16
2008,Dublin 18,One bed,Apartment,1215.6,D18
2008,"Cabinteely, Dublin 18",One bed,Apartment,1103.41,D18
2008,"Sandyford, Dublin 18",One bed,Apartment,1264.28,D18
2008,Dublin 20,One bed,Apartment,999.69,D20
2008,"Chapelizod, Dublin 20",One bed,Apartment,1010.0,D20
2008,Dublin 24,One bed,Apartment,996.95,D24
2008,"Tallaght, Dublin 24",One bed,Apartment,991.91,D24
2008,"Dun Laoghaire, Dublin",One bed,Other flats,780.73,D18
2008,Dublin 1,One bed,Other flats,706.35,D1
2008,Dublin 2,One bed,Other flats,874.61,D2
2008,Dublin 3,One bed,Other flats,680.7,D3
2008,"Clontarf, Dublin 3",One bed,Other flats,665.35,D3
2008,"Drumcondra, Dublin 3",One bed,Other flats,668.5,D3
2008,"Fairview, Dublin 3",One bed,Other flats,640.49,D3
2008,Dublin 4,One bed,Other flats,800.92,D4
2008,"Ballsbridge, Dublin 4",One bed,Other flats,810.98,D4
2008,"Donnybrook, Dublin 4",One bed,Other flats,751.19,D4
2008,Dublin 6,One bed,Other flats,698.68,D6
2008,"Harolds Cross, Dublin 6",One bed,Other flats,684.44,D6
2008,"Ranelagh, Dublin 6",One bed,Other flats,705.24,D6
2008,"Rathgar, Dublin 6",One bed,Other flats,709.93,D6
2008,"Rathmines, Dublin 6",One bed,Other flats,706.26,D6
2008,"Terenure, Dublin 6",One bed,Other flats,663.73,D6
2008,Dublin 6W,One bed,Other flats,666.96,D6W
2008,"Harolds Cross, Dublin 6W",One bed,Other flats,698.59,D6W
2008,"Terenure, Dublin 6W",One bed,Other flats,653.2,D6W
2008,Dublin 7,One bed,Other flats,652.79,D7
2008,"Cabra, Dublin 7",One bed,Other flats,621.53,D7
2008,"Phibsboro, Dublin 7",One bed,Other flats,598.59,D7
2008,Dublin 8,One bed,Other flats,675.97,D8
2008,"Kilmainham , Dublin 8",One bed,Other flats,613.84,D8
2008,"Portobello, Dublin 8",One bed,Other flats,735.08,D8
2008,"South Circular Road, Dublin 8",One bed,Other flats,660.42,D8
2008,Dublin 9,One bed,Other flats,641.91,D9
2008,"Drumcondra, Dublin 9",One bed,Other flats,671.33,D9
2008,"Glasnevin, Dublin 9",One bed,Other flats,558.7,D9
2008,Dublin 12,One bed,Other flats,640.23,D12
2008,"Balbriggan, Dublin",Two bed,Semi detached house,1007.39,D1
2008,"Blackrock, Dublin",Two bed,Semi detached house,1335.23,D18
2008,"Lucan, Dublin",Two bed,Semi detached house,1090.7,D20
2008,"Swords, Dublin",Two bed,Semi detached house,1112.5,D17
2008,Dublin 3,Two bed,Semi detached house,1268.77,D3
2008,"Drumcondra, Dublin 3",Two bed,Semi detached house,1214.17,D3
2008,"East Wall, Dublin 3",Two bed,Semi detached house,1254.46,D3
2008,Dublin 4,Two bed,Semi detached house,1589.72,D4
2008,Dublin 5,Two bed,Semi detached house,1208.48,D5
2008,Dublin 6,Two bed,Semi detached house,1313.85,D6
2008,"Rathmines, Dublin 6",Two bed,Semi detached house,1269.63,D6
2008,Dublin 7,Two bed,Semi detached house,1157.03,D7
2008,Dublin 8,Two bed,Semi detached house,1281.97,D8
2008,Dublin 9,Two bed,Semi detached house,1196.89,D9
2008,Dublin 11,Two bed,Semi detached house,1114.43,D11
2008,Dublin 12,Two bed,Semi detached house,1210.63,D12
2008,Dublin 14,Two bed,Semi detached house,1324.7,D14
2008,Dublin 15,Two bed,Semi detached house,1163.64,D15
2008,Dublin 16,Two bed,Semi detached house,1323.55,D16
2008,Dublin 24,Two bed,Semi detached house,1135.26,D24
2008,"Tallaght, Dublin 24",Two bed,Semi detached house,1092.64,D24
2008,"Balbriggan, Dublin",Two bed,Terrace house,981.77,D1
2008,"Blackrock, Dublin",Two bed,Terrace house,1400.44,D18
2008,"Lucan, Dublin",Two bed,Terrace house,1114.38,D20
2008,"Swords, Dublin",Two bed,Terrace house,1145.33,D17
2008,Dublin 1,Two bed,Terrace house,1157.39,D1
2008,Dublin 2,Two bed,Terrace house,1531.45,D2
2008,Dublin 3,Two bed,Terrace house,1179.85,D3
2008,"Drumcondra, Dublin 3",Two bed,Terrace house,1147.11,D3
2008,"East Wall, Dublin 3",Two bed,Terrace house,1178.94,D3
2008,Dublin 4,Two bed,Terrace house,1499.41,D4
2008,"Ballsbridge, Dublin 4",Two bed,Terrace house,1822.81,D4
2008,"Donnybrook, Dublin 4",Two bed,Terrace house,1454.14,D4
2008,"Ringsend, Dublin 4",Two bed,Terrace house,1281.38,D4
2008,"Sandymount, Dublin 4",Two bed,Terrace house,1484.9,D4
2008,Dublin 5,Two bed,Terrace house,1202.09,D5
2008,Dublin 6,Two bed,Terrace house,1407.1,D6
2008,"Harolds Cross, Dublin 6",Two bed,Terrace house,1242.51,D6
2008,"Ranelagh, Dublin 6",Two bed,Terrace house,1572.8,D6
2008,"Rathmines, Dublin 6",Two bed,Terrace house,1336.41,D6
2008,Dublin 6W,Two bed,Terrace house,1275.15,D6W
2008,Dublin 7,Two bed,Terrace house,1160.54,D7
2008,"Cabra, Dublin 7",Two bed,Terrace house,1148.75,D7
2008,"Stoneybatter, Dublin 7",Two bed,Terrace house,1217.58,D7
2008,Dublin 8,Two bed,Terrace house,1278.9,D8
2008,"Inchicore, Dublin 8",Two bed,Terrace house,1203.94,D8
2008,Dublin 9,Two bed,Terrace house,1138.07,D9
2008,"Drumcondra, Dublin 9",Two bed,Terrace house,1143.52,D9
2008,Dublin 11,Two bed,Terrace house,1190.0,D11
2008,Dublin 12,Two bed,Terrace house,1186.47,D12
2008,"Crumlin, Dublin 12",Two bed,Terrace house,1182.31,D12
2008,Dublin 13,Two bed,Terrace house,1243.97,D13
2008,Dublin 14,Two bed,Terrace house,1351.69,D14
2008,Dublin 15,Two bed,Terrace house,1109.3,D15
2008,"Clonee, Dublin 15",Two bed,Terrace house,1090.85,D15
2008,Dublin 16,Two bed,Terrace house,1224.34,D16
2008,Dublin 24,Two bed,Terrace house,1162.5,D24
2008,"Balbriggan, Dublin",Two bed,Apartment,958.57,D1
2008,"Blackrock, Dublin",Two bed,Apartment,1440.89,D18
2008,"Booterstown, Dublin",Two bed,Apartment,1495.6,D4
2008,"Dalkey, Dublin",Two bed,Apartment,1501.7,D18
2008,"Donabate, Dublin",Two bed,Apartment,1171.03,D13
2008,"Dun Laoghaire, Dublin",Two bed,Apartment,1445.07,D18
2008,"Howth, Dublin",Two bed,Apartment,1514.71,D13
2008,"Kinsealy, Dublin",Two bed,Apartment,1149.84,D17
2008,"Lucan, Dublin",Two bed,Apartment,1119.86,D20
2008,"Malahide, Dublin",Two bed,Apartment,1465.01,D17
2008,"Monkstown, Dublin",Two bed,Apartment,1326.24,D18
2008,"Portmarnock, Dublin",Two bed,Apartment,1261.33,D13
2008,"Rathcoole, Dublin",Two bed,Apartment,1056.93,D24
2008,"Saggart, Dublin",Two bed,Apartment,1231.59,D24
2008,"Sandycove, Dublin",Two bed,Apartment,1371.16,D18
2008,"Shankill, Dublin",Two bed,Apartment,1276.59,D18
2008,"Skerries, Dublin",Two bed,Apartment,992.05,D1
2008,"Stillorgan, Dublin",Two bed,Apartment,1474.13,D18
2008,"Swords, Dublin",Two bed,Apartment,1136.82,D17
2008,Dublin 1,Two bed,Apartment,1396.57,D1
2008,"I.F.S.C., Dublin 1",Two bed,Apartment,1496.39,D1
2008,"Parnell Street, Dublin 1",Two bed,Apartment,1461.82,D1
2008,"Spencer Dock, Dublin 1",Two bed,Apartment,1606.92,D1
2008,"Summerhill, Dublin 1",Two bed,Apartment,1338.06,D1
2008,Dublin 2,Two bed,Apartment,1539.62,D2
2008,"Charlemont Street, Dublin 2",Two bed,Apartment,1555.67,D2
2008,"Grand Canal Dock, Dublin 2",Two bed,Apartment,1813.67,D2
2008,"Pearse Street, Dublin 2",Two bed,Apartment,1406.29,D2
2008,"Temple Bar, Dublin 2",Two bed,Apartment,1571.15,D2
2008,"Townsend Street, Dublin 2",Two bed,Apartment,1485.88,D2
2008,Dublin 3,Two bed,Apartment,1337.72,D3
2008,"Clontarf, Dublin 3",Two bed,Apartment,1354.26,D3
2008,"Drumcondra, Dublin 3",Two bed,Apartment,1290.3,D3
2008,"Fairview, Dublin 3",Two bed,Apartment,1255.4,D3
2008,Dublin 4,Two bed,Apartment,1568.36,D4
2008,"Ballsbridge, Dublin 4",Two bed,Apartment,1657.28,D4
2008,"Donnybrook, Dublin 4",Two bed,Apartment,1610.1,D4
2008,"Merrion, Dublin 4",Two bed,Apartment,1621.72,D4
2008,"Pembroke, Dublin 4",Two bed,Apartment,1548.45,D4
2008,"Ringsend, Dublin 4",Two bed,Apartment,1365.39,D4
2008,"Sandymount, Dublin 4",Two bed,Apartment,1600.9,D4
2008,Dublin 5,Two bed,Apartment,1293.09,D5
2008,"Artane, Dublin 5",Two bed,Apartment,1348.25,D5
2008,"Raheny, Dublin 5",Two bed,Apartment,1335.0,D5
2008,Dublin 6,Two bed,Apartment,1378.35,D6
2008,"Harolds Cross, Dublin 6",Two bed,Apartment,1227.58,D6
2008,"Milltown, Dublin 6",Two bed,Apartment,1547.6,D6
2008,"Ranelagh, Dublin 6",Two bed,Apartment,1307.66,D6
2008,"Rathgar, Dublin 6",Two bed,Apartment,1218.32,D6
2008,"Rathmines, Dublin 6",Two bed,Apartment,1333.86,D6
2008,"Terenure, Dublin 6",Two bed,Apartment,1348.93,D6
2008,Dublin 6W,Two bed,Apartment,1382.24,D6W
2008,"Terenure, Dublin 6W",Two bed,Apartment,1407.09,D6W
2008,Dublin 7,Two bed,Apartment,1262.33,D7
2008,"Navan Road, Dublin 7",Two bed,Apartment,1197.4,D7
2008,"Phibsboro, Dublin 7",Two bed,Apartment,1237.48,D7
2008,"Smithfield, Dublin 7",Two bed,Apartment,1416.68,D7
2008,Dublin 8,Two bed,Apartment,1245.36,D8
2008,"Christchurch, Dublin 8",Two bed,Apartment,1371.12,D8
2008,"Cork Street, Dublin 8",Two bed,Apartment,1356.22,D8
2008,"Inchicore, Dublin 8",Two bed,Apartment,1198.4,D8
2008,"Islandbridge, Dublin 8",Two bed,Apartment,1303.29,D8
2008,"Kilmainham , Dublin 8",Two bed,Apartment,1228.38,D8
2008,"Rialto, Dublin 8",Two bed,Apartment,1337.12,D8
2008,"South Circular Road, Dublin 8",Two bed,Apartment,875.63,D8
2008,Dublin 9,Two bed,Apartment,1210.35,D9
2008,"Ballymun, Dublin 9",Two bed,Apartment,1088.57,D9
2008,"Beaumont, Dublin 9",Two bed,Apartment,1201.25,D9
2008,"Drumcondra, Dublin 9",Two bed,Apartment,1294.97,D9
2008,"Glasnevin, Dublin 9",Two bed,Apartment,1187.99,D9
2008,"Santry, Dublin 9",Two bed,Apartment,1190.67,D9
2008,"Whitehall, Dublin 9",Two bed,Apartment,1394.09,D9
2008,Dublin 10,Two bed,Apartment,1146.56,D10
2008,Dublin 11,Two bed,Apartment,1146.46,D11
2008,"Ballymun, Dublin 11",Two bed,Apartment,1075.33,D11
2008,"Finglas, Dublin 11",Two bed,Apartment,1168.27,D11
2008,"Glasnevin, Dublin 11",Two bed,Apartment,1180.81,D11
2008,"Meakstown, Dublin 11",Two bed,Apartment,1155.86,D11
2008,"St Margarets Road, Dublin 11",Two bed,Apartment,1155.49,D11
2008,Dublin 12,Two bed,Apartment,1226.47,D12
2008,"Drimnagh, Dublin 12",Two bed,Apartment,1300.55,D12
2008,"Kimmage, Dublin 12",Two bed,Apartment,1169.19,D12
2008,Dublin 13,Two bed,Apartment,1271.86,D13
2008,"Baldoyle, Dublin 13",Two bed,Apartment,1263.48,D13
2008,"Clongriffin, Dublin 13",Two bed,Apartment,1218.88,D13
2008,"Donaghmede, Dublin 13",Two bed,Apartment,1191.28,D13
2008,"Sutton, Dublin 13",Two bed,Apartment,1500.97,D13
2008,Dublin 14,Two bed,Apartment,1420.63,D14
2008,"Clonskeagh, Dublin 14",Two bed,Apartment,1439.54,D14
2008,"Dundrum, Dublin 14",Two bed,Apartment,1466.83,D14
2008,"Goatstown, Dublin 14",Two bed,Apartment,1505.0,D14
2008,"Rathfarnham, Dublin 14",Two bed,Apartment,1323.61,D14
2008,Dublin 15,Two bed,Apartment,1200.82,D15
2008,"Ashtown, Dublin 15",Two bed,Apartment,1246.68,D15
2008,"Blanchardstown, Dublin 15",Two bed,Apartment,1153.56,D15
2008,"Carpenterstown, Dublin 15",Two bed,Apartment,1152.09,D15
2008,"Castleknock, Dublin 15",Two bed,Apartment,1309.72,D15
2008,"Clonee, Dublin 15",Two bed,Apartment,1101.19,D15
2008,"Clonsilla, Dublin 15",Two bed,Apartment,1107.65,D15
2008,"Ongar, Dublin 15",Two bed,Apartment,1126.39,D15
2008,"Porterstown, Dublin 15",Two bed,Apartment,1154.02,D15
2008,"Royal Canal Park, Dublin 15",Two bed,Apartment,1251.55,D15
2008,Dublin 16,Two bed,Apartment,1373.87,D16
2008,"Ballinteer, Dublin 16",Two bed,Apartment,1371.79,D16
2008,"Dundrum, Dublin 16",Two bed,Apartment,1477.68,D16
2008,"Rathfarnham, Dublin 16",Two bed,Apartment,1313.13,D16
2008,Dublin 17,Two bed,Apartment,1199.53,D17
2008,"Malahide Road, Dublin 17",Two bed,Apartment,1264.19,D17
2008,Dublin 18,Two bed,Apartment,1403.01,D18
2008,"Cabinteely, Dublin 18",Two bed,Apartment,1307.13,D18
2008,"Carrickmines, Dublin 18",Two bed,Apartment,1383.48,D18
2008,"Sandyford, Dublin 18",Two bed,Apartment,1434.55,D18
2008,"Stepaside, Dublin 18",Two bed,Apartment,1309.49,D18
2008,Dublin 20,Two bed,Apartment,1177.58,D20
2008,"Chapelizod, Dublin 20",Two bed,Apartment,1185.85,D20
2008,Dublin 24,Two bed,Apartment,1164.23,D24
2008,"Ballycullen, Dublin 24",Two bed,Apartment,1193.13,D24
2008,"Citywest, Dublin 24",Two bed,Apartment,1151.89,D24
2008,"Tallaght, Dublin 24",Two bed,Apartment,1150.62,D24
2008,"Malahide, Dublin",Two bed,Other flats,1582.26,D17
2008,Dublin 1,Two bed,Other flats,1064.77,D1
2008,Dublin 2,Two bed,Other flats,1103.13,D2
2008,Dublin 3,Two bed,Other flats,1004.47,D3
2008,"Drumcondra, Dublin 3",Two bed,Other flats,904.74,D3
2008,Dublin 4,Two bed,Other flats,1177.71,D4
2008,Dublin 6,Two bed,Other flats,1026.22,D6
2008,"Ranelagh, Dublin 6",Two bed,Other flats,995.61,D6
2008,"Rathgar, Dublin 6",Two bed,Other flats,1069.72,D6
2008,"Rathmines, Dublin 6",Two bed,Other flats,1040.56,D6
2008,Dublin 7,Two bed,Other flats,929.65,D7
2008,Dublin 8,Two bed,Other flats,1003.54,D8
2008,Dublin 9,Two bed,Other flats,879.58,D9
2008,"Drumcondra, Dublin 9",Two bed,Other flats,906.29,D9
2008,Dublin 4,Three bed,Detached house,2329.09,D4
2008,Dublin 15,Three bed,Detached house,1245.0,D15
2008,Dublin 24,Three bed,Detached house,1194.55,D24
2008,"Balbriggan, Dublin",Three bed,Semi detached house,1148.0,D1
2008,"Blackrock, Dublin",Three bed,Semi detached house,1685.53,D18
2008,"Dun Laoghaire, Dublin",Three bed,Semi detached house,1552.14,D18
2008,"Kinsealy, Dublin",Three bed,Semi detached house,1268.0,D17
2008,"Lucan, Dublin",Three bed,Semi detached house,1234.93,D20
2008,"Lusk, Dublin",Three bed,Semi detached house,1154.27,D1
2008,"Malahide, Dublin",Three bed,Semi detached house,1500.12,D17
2008,"Rush, Dublin",Three bed,Semi detached house,1142.94,D1
2008,"Shankill, Dublin",Three bed,Semi detached house,1432.35,D18
2008,"Skerries, Dublin",Three bed,Semi detached house,1157.62,D1
2008,"Stillorgan, Dublin",Three bed,Semi detached house,1640.47,D18
2008,"Swords, Dublin",Three bed,Semi detached house,1261.32,D17
2008,Dublin 1,Three bed,Semi detached house,1332.76,D1
2008,Dublin 3,Three bed,Semi detached house,1565.63,D3
2008,"Clontarf, Dublin 3",Three bed,Semi detached house,1650.96,D3
2008,"Drumcondra, Dublin 3",Three bed,Semi detached house,1429.39,D3
2008,Dublin 4,Three bed,Semi detached house,2166.61,D4
2008,"Ballsbridge, Dublin 4",Three bed,Semi detached house,2215.19,D4
2008,"Sandymount, Dublin 4",Three bed,Semi detached house,2280.71,D4
2008,Dublin 5,Three bed,Semi detached house,1356.77,D5
2008,"Artane, Dublin 5",Three bed,Semi detached house,1345.29,D5
2008,"Raheny, Dublin 5",Three bed,Semi detached house,1379.45,D5
2008,Dublin 6,Three bed,Semi detached house,1815.09,D6
2008,"Harolds Cross, Dublin 6",Three bed,Semi detached house,1628.82,D6
2008,"Ranelagh, Dublin 6",Three bed,Semi detached house,2035.71,D6
2008,"Rathgar, Dublin 6",Three bed,Semi detached house,1788.64,D6
2008,"Rathmines, Dublin 6",Three bed,Semi detached house,1811.24,D6
2008,Dublin 6W,Three bed,Semi detached house,1552.43,D6W
2008,"Templeogue, Dublin 6W",Three bed,Semi detached house,1381.32,D6W
2008,"Terenure, Dublin 6W",Three bed,Semi detached house,1595.0,D6W
2008,Dublin 7,Three bed,Semi detached house,1414.4,D7
2008,"Navan Road, Dublin 7",Three bed,Semi detached house,1371.78,D7
2008,Dublin 8,Three bed,Semi detached house,1545.75,D8
2008,Dublin 9,Three bed,Semi detached house,1369.22,D9
2008,"Beaumont, Dublin 9",Three bed,Semi detached house,1316.8,D9
2008,"Drumcondra, Dublin 9",Three bed,Semi detached house,1438.84,D9
2008,"Glasnevin, Dublin 9",Three bed,Semi detached house,1443.49,D9
2008,"Santry, Dublin 9",Three bed,Semi detached house,1311.31,D9
2008,"Whitehall, Dublin 9",Three bed,Semi detached house,1366.21,D9
2008,Dublin 11,Three bed,Semi detached house,1297.17,D11
2008,"Finglas, Dublin 11",Three bed,Semi detached house,1216.49,D11
2008,"Glasnevin, Dublin 11",Three bed,Semi detached house,1453.78,D11
2008,Dublin 12,Three bed,Semi detached house,1336.68,D12
2008,"Crumlin, Dublin 12",Three bed,Semi detached house,1367.05,D12
2008,"Drimnagh, Dublin 12",Three bed,Semi detached house,1292.62,D12
2008,"Kimmage, Dublin 12",Three bed,Semi detached house,1423.65,D12
2008,Dublin 13,Three bed,Semi detached house,1317.94,D13
2008,Dublin 14,Three bed,Semi detached house,1615.7,D14
2008,"Churchtown, Dublin 14",Three bed,Semi detached house,1620.71,D14
2008,"Clonskeagh, Dublin 14",Three bed,Semi detached house,1686.19,D14
2008,"Dundrum, Dublin 14",Three bed,Semi detached house,1679.39,D14
2008,"Rathfarnham, Dublin 14",Three bed,Semi detached house,1390.05,D14
2008,Dublin 15,Three bed,Semi detached house,1235.16,D15
2008,"Blanchardstown, Dublin 15",Three bed,Semi detached house,1220.8,D15
2008,"Castleknock, Dublin 15",Three bed,Semi detached house,1263.51,D15
2008,"Clonee, Dublin 15",Three bed,Semi detached house,1221.06,D15
2008,"Clonsilla, Dublin 15",Three bed,Semi detached house,1237.59,D15
2008,"Mulhuddart, Dublin 15",Three bed,Semi detached house,1155.75,D15
2008,Dublin 16,Three bed,Semi detached house,1383.67,D16
2008,"Ballinteer, Dublin 16",Three bed,Semi detached house,1362.66,D16
2008,"Dundrum, Dublin 16",Three bed,Semi detached house,1608.18,D16
2008,"Knocklyon, Dublin 16",Three bed,Semi detached house,1342.94,D16
2008,"Rathfarnham, Dublin 16",Three bed,Semi detached house,1403.08,D16
2008,Dublin 18,Three bed,Semi detached house,1460.41,D18
2008,"Cabinteely, Dublin 18",Three bed,Semi detached house,1365.74,D18
2008,"Leopardstown, Dublin 18",Three bed,Semi detached house,1495.22,D18
2008,"Sandyford, Dublin 18",Three bed,Semi detached house,1433.82,D18
2008,Dublin 20,Three bed,Semi detached house,1279.9,D20
2008,"Palmerstown, Dublin 20",Three bed,Semi detached house,1252.61,D20
2008,Dublin 24,Three bed,Semi detached house,1255.9,D24
2008,"Firhouse, Dublin 24",Three bed,Semi detached house,1280.6,D24
2008,"Tallaght, Dublin 24",Three bed,Semi detached house,1240.54,D24
2008,"Balbriggan, Dublin",Three bed,Terrace house,1138.09,D1
2008,"Blackrock, Dublin",Three bed,Terrace house,1598.02,D18
2008,"Lucan, Dublin",Three bed,Terrace house,1265.16,D20
2008,"Malahide, Dublin",Three bed,Terrace house,1618.42,D17
2008,"Swords, Dublin",Three bed,Terrace house,1274.08,D17
2008,Dublin 2,Three bed,Terrace house,1861.58,D2
2008,Dublin 3,Three bed,Terrace house,1475.46,D3
2008,"Clontarf, Dublin 3",Three bed,Terrace house,1637.69,D3
2008,"Drumcondra, Dublin 3",Three bed,Terrace house,1483.88,D3
2008,Dublin 4,Three bed,Terrace house,1999.96,D4
2008,"Ballsbridge, Dublin 4",Three bed,Terrace house,1972.8,D4
2008,"Donnybrook, Dublin 4",Three bed,Terrace house,1957.26,D4
2008,"Sandymount, Dublin 4",Three bed,Terrace house,2172.55,D4
2008,Dublin 5,Three bed,Terrace house,1349.35,D5
2008,"Artane, Dublin 5",Three bed,Terrace house,1276.92,D5
2008,"Raheny, Dublin 5",Three bed,Terrace house,1374.2,D5
2008,Dublin 6,Three bed,Terrace house,1855.04,D6
2008,"Harolds Cross, Dublin 6",Three bed,Terrace house,1399.56,D6
2008,"Ranelagh, Dublin 6",Three bed,Terrace house,1989.86,D6
2008,"Rathgar, Dublin 6",Three bed,Terrace house,1815.91,D6
2008,Dublin 6W,Three bed,Terrace house,1437.42,D6W
2008,"Harolds Cross, Dublin 6W",Three bed,Terrace house,1405.52,D6W
2008,"Terenure, Dublin 6W",Three bed,Terrace house,1469.29,D6W
2008,Dublin 7,Three bed,Terrace house,1385.09,D7
2008,"Cabra, Dublin 7",Three bed,Terrace house,1256.94,D7
2008,Dublin 8,Three bed,Terrace house,1496.62,D8
2008,Dublin 9,Three bed,Terrace house,1376.76,D9
2008,"Drumcondra, Dublin 9",Three bed,Terrace house,1489.09,D9
2008,"Glasnevin, Dublin 9",Three bed,Terrace house,1335.99,D9
2008,Dublin 11,Three bed,Terrace house,1249.65,D11
2008,"Finglas, Dublin 11",Three bed,Terrace house,1205.83,D11
2008,Dublin 12,Three bed,Terrace house,1304.18,D12
2008,"Crumlin, Dublin 12",Three bed,Terrace house,1258.62,D12
2008,"Drimnagh, Dublin 12",Three bed,Terrace house,1310.33,D12
2008,"Kimmage, Dublin 12",Three bed,Terrace house,1348.08,D12
2008,"Walkinstown, Dublin 12",Three bed,Terrace house,1261.73,D12
2008,Dublin 13,Three bed,Terrace house,1340.16,D13
2008,Dublin 14,Three bed,Terrace house,1617.15,D14
2008,"Dundrum, Dublin 14",Three bed,Terrace house,1749.32,D14
2008,Dublin 15,Three bed,Terrace house,1237.61,D15
2008,"Blanchardstown, Dublin 15",Three bed,Terrace house,1209.91,D15
2008,"Castleknock, Dublin 15",Three bed,Terrace house,1249.47,D15
2008,"Clonsilla, Dublin 15",Three bed,Terrace house,1204.43,D15
2008,Dublin 16,Three bed,Terrace house,1464.63,D16
2008,"Dundrum, Dublin 16",Three bed,Terrace house,1740.18,D16
2008,"Rathfarnham, Dublin 16",Three bed,Terrace house,1364.11,D16
2008,Dublin 18,Three bed,Terrace house,1606.3,D18
2008,Dublin 24,Three bed,Terrace house,1226.98,D24
2008,"Tallaght, Dublin 24",Three bed,Terrace house,1207.86,D24
2008,"Blackrock, Dublin",Three bed,Apartment,1812.45,D18
2008,"Dun Laoghaire, Dublin",Three bed,Apartment,2048.79,D18
2008,"Lucan, Dublin",Three bed,Apartment,1320.78,D20
2008,"Stillorgan, Dublin",Three bed,Apartment,1834.26,D18
2008,"Swords, Dublin",Three bed,Apartment,1325.85,D17
2008,Dublin 1,Three bed,Apartment,1693.65,D1
2008,Dublin 2,Three bed,Apartment,1909.3,D2
2008,Dublin 3,Three bed,Apartment,1595.76,D3
2008,"Drumcondra, Dublin 3",Three bed,Apartment,1652.44,D3
2008,Dublin 4,Three bed,Apartment,2027.82,D4
2008,"Ballsbridge, Dublin 4",Three bed,Apartment,2120.92,D4
2008,"Pembroke, Dublin 4",Three bed,Apartment,2030.9,D4
2008,"Ringsend, Dublin 4",Three bed,Apartment,1968.62,D4
2008,Dublin 6,Three bed,Apartment,1618.64,D6
2008,"Milltown, Dublin 6",Three bed,Apartment,1705.39,D6
2008,"Rathmines, Dublin 6",Three bed,Apartment,1555.68,D6
2008,Dublin 6W,Three bed,Apartment,1690.0,D6W
2008,Dublin 7,Three bed,Apartment,1535.99,D7
2008,"Smithfield, Dublin 7",Three bed,Apartment,1797.62,D7
2008,Dublin 8,Three bed,Apartment,1587.65,D8
2008,Dublin 9,Three bed,Apartment,1517.4,D9
2008,"Drumcondra, Dublin 9",Three bed,Apartment,1672.37,D9
2008,"Santry, Dublin 9",Three bed,Apartment,1432.78,D9
2008,Dublin 11,Three bed,Apartment,1337.63,D11
2008,"Finglas, Dublin 11",Three bed,Apartment,1339.96,D11
2008,Dublin 12,Three bed,Apartment,1580.63,D12
2008,"Drimnagh, Dublin 12",Three bed,Apartment,1626.67,D12
2008,Dublin 13,Three bed,Apartment,1453.06,D13
2008,Dublin 14,Three bed,Apartment,1843.3,D14
2008,Dublin 15,Three bed,Apartment,1358.21,D15
2008,"Blanchardstown, Dublin 15",Three bed,Apartment,1304.79,D15
2008,"Castleknock, Dublin 15",Three bed,Apartment,1456.83,D15
2008,"Royal Canal Park, Dublin 15",Three bed,Apartment,1360.5,D15
2008,Dublin 16,Three bed,Apartment,1681.9,D16
2008,Dublin 18,Three bed,Apartment,1624.21,D18
2008,"Cabinteely, Dublin 18",Three bed,Apartment,1523.07,D18
2008,"Sandyford, Dublin 18",Three bed,Apartment,1667.92,D18
2008,Dublin 20,Three bed,Apartment,1348.0,D20
2008,Dublin 24,Three bed,Apartment,1330.18,D24
2008,Dublin 6,Three bed,Other flats,1360.12,D6
2008,"Rathmines, Dublin 6",Three bed,Other flats,1311.36,D6
2008,"Lucan, Dublin",Four plus bed,Detached house,1556.81,D20
2008,"Stillorgan, Dublin",Four plus bed,Detached house,2193.39,D18
2008,Dublin 4,Four plus bed,Detached house,2853.89,D4
2008,Dublin 6,Four plus bed,Detached house,2115.06,D6
2008,Dublin 14,Four plus bed,Detached house,2251.44,D14
2008,Dublin 15,Four plus bed,Detached house,1623.5,D15
2008,"Castleknock, Dublin 15",Four plus bed,Detached house,1813.67,D15
2008,Dublin 16,Four plus bed,Detached house,1942.73,D16
2008,Dublin 18,Four plus bed,Detached house,2509.12,D18
2008,"Foxrock, Dublin 18",Four plus bed,Detached house,2973.68,D18
2008,"Blackrock, Dublin",Four plus bed,Semi detached house,2112.81,D18
2008,"Booterstown, Dublin",Four plus bed,Semi detached house,2068.91,D4
2008,"Lucan, Dublin",Four plus bed,Semi detached house,1354.26,D20
2008,"Malahide, Dublin",Four plus bed,Semi detached house,1874.56,D17
2008,"Shankill, Dublin",Four plus bed,Semi detached house,1486.56,D18
2008,"Stillorgan, Dublin",Four plus bed,Semi detached house,1949.83,D18
2008,"Swords, Dublin",Four plus bed,Semi detached house,1503.03,D17
2008,Dublin 3,Four plus bed,Semi detached house,1889.19,D3
2008,"Clontarf, Dublin 3",Four plus bed,Semi detached house,2006.98,D3
2008,"Drumcondra, Dublin 3",Four plus bed,Semi detached house,1725.32,D3
2008,Dublin 4,Four plus bed,Semi detached house,2963.38,D4
2008,"Ballsbridge, Dublin 4",Four plus bed,Semi detached house,2837.58,D4
2008,Dublin 5,Four plus bed,Semi detached house,1580.39,D5
2008,Dublin 6,Four plus bed,Semi detached house,2206.8,D6
2008,"Harolds Cross, Dublin 6",Four plus bed,Semi detached house,2016.44,D6
2008,"Ranelagh, Dublin 6",Four plus bed,Semi detached house,2642.03,D6
2008,"Rathmines, Dublin 6",Four plus bed,Semi detached house,2288.83,D6
2008,Dublin 6W,Four plus bed,Semi detached house,1988.74,D6W
2008,"Terenure, Dublin 6W",Four plus bed,Semi detached house,2137.37,D6W
2008,Dublin 7,Four plus bed,Semi detached house,1753.89,D7
2008,Dublin 8,Four plus bed,Semi detached house,1688.47,D8
2008,Dublin 9,Four plus bed,Semi detached house,1582.03,D9
2008,"Beaumont, Dublin 9",Four plus bed,Semi detached house,1456.31,D9
2008,"Drumcondra, Dublin 9",Four plus bed,Semi detached house,1727.76,D9
2008,"Glasnevin, Dublin 9",Four plus bed,Semi detached house,1678.08,D9
2008,"Santry, Dublin 9",Four plus bed,Semi detached house,1450.59,D9
2008,Dublin 11,Four plus bed,Semi detached house,1571.24,D11
2008,Dublin 12,Four plus bed,Semi detached house,1527.11,D12
2008,Dublin 13,Four plus bed,Semi detached house,1598.86,D13
2008,Dublin 14,Four plus bed,Semi detached house,1911.35,D14
2008,"Clonskeagh, Dublin 14",Four plus bed,Semi detached house,2176.24,D14
2008,"Dundrum, Dublin 14",Four plus bed,Semi detached house,1752.99,D14
2008,"Rathfarnham, Dublin 14",Four plus bed,Semi detached house,1711.51,D14
2008,Dublin 15,Four plus bed,Semi detached house,1421.04,D15
2008,"Blanchardstown, Dublin 15",Four plus bed,Semi detached house,1330.53,D15
2008,"Castleknock, Dublin 15",Four plus bed,Semi detached house,1499.72,D15
2008,"Clonee, Dublin 15",Four plus bed,Semi detached house,1294.27,D15
2008,"Clonsilla, Dublin 15",Four plus bed,Semi detached house,1417.8,D15
2008,Dublin 16,Four plus bed,Semi detached house,1666.08,D16
2008,"Dundrum, Dublin 16",Four plus bed,Semi detached house,1772.91,D16
2008,"Knocklyon, Dublin 16",Four plus bed,Semi detached house,1519.53,D16
2008,"Rathfarnham, Dublin 16",Four plus bed,Semi detached house,1679.85,D16
2008,Dublin 18,Four plus bed,Semi detached house,2003.3,D18
2008,"Foxrock, Dublin 18",Four plus bed,Semi detached house,2321.4,D18
2008,"Sandyford, Dublin 18",Four plus bed,Semi detached house,1794.56,D18
2008,Dublin 24,Four plus bed,Semi detached house,1458.87,D24
2008,"Tallaght, Dublin 24",Four plus bed,Semi detached house,1460.46,D24
2008,Dublin 3,Four plus bed,Terrace house,1619.76,D3
2008,"Drumcondra, Dublin 3",Four plus bed,Terrace house,1684.33,D3
2008,Dublin 4,Four plus bed,Terrace house,2536.37,D4
2008,Dublin 6,Four plus bed,Terrace house,2140.19,D6
2008,"Ranelagh, Dublin 6",Four plus bed,Terrace house,2310.67,D6
2008,"Rathmines, Dublin 6",Four plus bed,Terrace house,2113.74,D6
2008,Dublin 6W,Four plus bed,Terrace house,2005.36,D6W
2008,Dublin 7,Four plus bed,Terrace house,1580.68,D7
2008,Dublin 8,Four plus bed,Terrace house,1755.87,D8
2008,Dublin 9,Four plus bed,Terrace house,1671.4,D9
2008,"Drumcondra, Dublin 9",Four plus bed,Terrace house,1696.55,D9
2008,Dublin 11,Four plus bed,Terrace house,1390.64,D11
2008,Dublin 12,Four plus bed,Terrace house,1501.4,D12
2008,Dublin 14,Four plus bed,Terrace house,1838.28,D14
2008,Dublin 15,Four plus bed,Terrace house,1429.23,D15
2008,"Tyrrelstown, Dublin 15",Four plus bed,Terrace house,1511.5,D15
2008,Dublin 1,Four plus bed,Apartment,1346.52,D1
2008,Dublin 7,Four plus bed,Apartment,1071.26,D7
2009,Dublin 3,One bed,Semi detached house,722.97,D3
2009,"Drumcondra, Dublin 3",One bed,Semi detached house,752.0,D3
2009,Dublin 4,One bed,Semi detached house,822.1,D4
2009,Dublin 6,One bed,Semi detached house,743.97,D6
2009,"Ranelagh, Dublin 6",One bed,Semi detached house,826.54,D6
2009,"Rathmines, Dublin 6",One bed,Semi detached house,677.6,D6
2009,Dublin 7,One bed,Semi detached house,640.56,D7
2009,Dublin 8,One bed,Semi detached house,822.21,D8
2009,Dublin 9,One bed,Semi detached house,699.31,D9
2009,"Drumcondra, Dublin 9",One bed,Semi detached house,752.0,D9
2009,Dublin 3,One bed,Terrace house,932.12,D3
2009,Dublin 4,One bed,Terrace house,1065.58,D4
2009,Dublin 6,One bed,Terrace house,815.33,D6
2009,Dublin 7,One bed,Terrace house,686.64,D7
2009,Dublin 8,One bed,Terrace house,854.74,D8
2009,"Balbriggan, Dublin",One bed,Apartment,703.78,D1
2009,"Blackrock, Dublin",One bed,Apartment,1034.32,D18
2009,"Dalkey, Dublin",One bed,Apartment,1069.03,D18
2009,"Donabate, Dublin",One bed,Apartment,784.24,D13
2009,"Dun Laoghaire, Dublin",One bed,Apartment,993.58,D18
2009,"Lucan, Dublin",One bed,Apartment,867.21,D20
2009,"Malahide, Dublin",One bed,Apartment,1044.95,D17
2009,"Monkstown, Dublin",One bed,Apartment,944.08,D18
2009,"Portmarnock, Dublin",One bed,Apartment,966.73,D13
2009,"Stillorgan, Dublin",One bed,Apartment,1082.02,D18
2009,"Swords, Dublin",One bed,Apartment,885.14,D17
2009,Dublin 1,One bed,Apartment,941.33,D1
2009,"I.F.S.C., Dublin 1",One bed,Apartment,1044.89,D1
2009,"Parnell Street, Dublin 1",One bed,Apartment,1014.93,D1
2009,"Spencer Dock, Dublin 1",One bed,Apartment,1196.32,D1
2009,"Summerhill, Dublin 1",One bed,Apartment,820.75,D1
2009,Dublin 2,One bed,Apartment,1077.4,D2
2009,"Pearse Street, Dublin 2",One bed,Apartment,1027.04,D2
2009,"Temple Bar, Dublin 2",One bed,Apartment,1060.0,D2
2009,"Townsend Street, Dublin 2",One bed,Apartment,1091.63,D2
2009,Dublin 3,One bed,Apartment,910.14,D3
2009,"Clontarf, Dublin 3",One bed,Apartment,949.85,D3
2009,"Drumcondra, Dublin 3",One bed,Apartment,818.35,D3
2009,"Fairview, Dublin 3",One bed,Apartment,869.28,D3
2009,Dublin 4,One bed,Apartment,1066.67,D4
2009,"Ballsbridge, Dublin 4",One bed,Apartment,1149.74,D4
2009,"Donnybrook, Dublin 4",One bed,Apartment,979.04,D4
2009,"Merrion, Dublin 4",One bed,Apartment,1200.08,D4
2009,"Pembroke, Dublin 4",One bed,Apartment,1101.94,D4
2009,"Ringsend, Dublin 4",One bed,Apartment,1008.95,D4
2009,"Sandymount, Dublin 4",One bed,Apartment,975.58,D4
2009,Dublin 5,One bed,Apartment,857.44,D5
2009,"Raheny, Dublin 5",One bed,Apartment,876.23,D5
2009,Dublin 6,One bed,Apartment,916.4,D6
2009,"Harolds Cross, Dublin 6",One bed,Apartment,866.96,D6
2009,"Milltown, Dublin 6",One bed,Apartment,1137.1,D6
2009,"Ranelagh, Dublin 6",One bed,Apartment,911.23,D6
2009,"Rathgar, Dublin 6",One bed,Apartment,884.41,D6
2009,"Rathmines, Dublin 6",One bed,Apartment,883.86,D6
2009,Dublin 6W,One bed,Apartment,882.01,D6W
2009,"Harolds Cross, Dublin 6W",One bed,Apartment,857.47,D6W
2009,"Terenure, Dublin 6W",One bed,Apartment,939.46,D6W
2009,Dublin 7,One bed,Apartment,866.02,D7
2009,"Navan Road, Dublin 7",One bed,Apartment,959.44,D7
2009,"Phibsboro, Dublin 7",One bed,Apartment,800.34,D7
2009,"Smithfield, Dublin 7",One bed,Apartment,1000.3,D7
2009,"Stoneybatter, Dublin 7",One bed,Apartment,812.46,D7
2009,Dublin 8,One bed,Apartment,908.7,D8
2009,"Christchurch, Dublin 8",One bed,Apartment,920.88,D8
2009,"Cork Street, Dublin 8",One bed,Apartment,949.93,D8
2009,"Inchicore, Dublin 8",One bed,Apartment,907.67,D8
2009,"Islandbridge, Dublin 8",One bed,Apartment,932.31,D8
2009,"Kilmainham , Dublin 8",One bed,Apartment,921.91,D8
2009,"Portobello, Dublin 8",One bed,Apartment,826.8,D8
2009,"Rialto, Dublin 8",One bed,Apartment,772.75,D8
2009,"South Circular Road, Dublin 8",One bed,Apartment,892.9,D8
2009,Dublin 9,One bed,Apartment,847.49,D9
2009,"Ballymun, Dublin 9",One bed,Apartment,805.15,D9
2009,"Beaumont, Dublin 9",One bed,Apartment,853.6,D9
2009,"Drumcondra, Dublin 9",One bed,Apartment,817.33,D9
2009,"Glasnevin, Dublin 9",One bed,Apartment,859.59,D9
2009,"Santry, Dublin 9",One bed,Apartment,906.59,D9
2009,Dublin 10,One bed,Apartment,910.79,D10
2009,Dublin 11,One bed,Apartment,877.77,D11
2009,"Ballymun, Dublin 11",One bed,Apartment,816.71,D11
2009,"Finglas, Dublin 11",One bed,Apartment,882.29,D11
2009,"Glasnevin, Dublin 11",One bed,Apartment,883.71,D11
2009,Dublin 12,One bed,Apartment,906.1,D12
2009,"Crumlin, Dublin 12",One bed,Apartment,828.01,D12
2009,"Drimnagh, Dublin 12",One bed,Apartment,1020.67,D12
2009,"Kimmage, Dublin 12",One bed,Apartment,844.56,D12
2009,Dublin 13,One bed,Apartment,939.83,D13
2009,"Baldoyle, Dublin 13",One bed,Apartment,953.9,D13
2009,"Clongriffin, Dublin 13",One bed,Apartment,960.86,D13
2009,Dublin 14,One bed,Apartment,1022.57,D14
2009,"Clonskeagh, Dublin 14",One bed,Apartment,1028.57,D14
2009,"Dundrum, Dublin 14",One bed,Apartment,1071.5,D14
2009,"Rathfarnham, Dublin 14",One bed,Apartment,902.41,D14
2009,Dublin 15,One bed,Apartment,904.58,D15
2009,"Ashtown, Dublin 15",One bed,Apartment,937.94,D15
2009,"Blanchardstown, Dublin 15",One bed,Apartment,898.97,D15
2009,"Castleknock, Dublin 15",One bed,Apartment,963.33,D15
2009,"Clonsilla, Dublin 15",One bed,Apartment,828.08,D15
2009,"Ongar, Dublin 15",One bed,Apartment,813.6,D15
2009,"Royal Canal Park, Dublin 15",One bed,Apartment,947.68,D15
2009,Dublin 16,One bed,Apartment,987.09,D16
2009,"Dundrum, Dublin 16",One bed,Apartment,1070.21,D16
2009,"Rathfarnham, Dublin 16",One bed,Apartment,903.82,D16
2009,Dublin 17,One bed,Apartment,874.7,D17
2009,Dublin 18,One bed,Apartment,1051.17,D18
2009,"Cabinteely, Dublin 18",One bed,Apartment,1033.15,D18
2009,"Sandyford, Dublin 18",One bed,Apartment,1071.13,D18
2009,Dublin 20,One bed,Apartment,871.53,D20
2009,"Chapelizod, Dublin 20",One bed,Apartment,898.98,D20
2009,Dublin 24,One bed,Apartment,833.37,D24
2009,"Tallaght, Dublin 24",One bed,Apartment,832.04,D24
2009,"Dun Laoghaire, Dublin",One bed,Other flats,739.93,D18
2009,Dublin 1,One bed,Other flats,665.73,D1
2009,Dublin 2,One bed,Other flats,789.06,D2
2009,Dublin 3,One bed,Other flats,645.08,D3
2009,"Clontarf, Dublin 3",One bed,Other flats,644.49,D3
2009,"Drumcondra, Dublin 3",One bed,Other flats,625.68,D3
2009,"Fairview, Dublin 3",One bed,Other flats,612.79,D3
2009,Dublin 4,One bed,Other flats,729.03,D4
2009,"Ballsbridge, Dublin 4",One bed,Other flats,719.35,D4
2009,"Donnybrook, Dublin 4",One bed,Other flats,667.02,D4
2009,"Sandymount, Dublin 4",One bed,Other flats,673.61,D4
2009,Dublin 6,One bed,Other flats,654.57,D6
2009,"Harolds Cross, Dublin 6",One bed,Other flats,622.17,D6
2009,"Ranelagh, Dublin 6",One bed,Other flats,663.68,D6
2009,"Rathgar, Dublin 6",One bed,Other flats,650.76,D6
2009,"Rathmines, Dublin 6",One bed,Other flats,660.16,D6
2009,"Terenure, Dublin 6",One bed,Other flats,647.67,D6
2009,Dublin 6W,One bed,Other flats,642.4,D6W
2009,"Harolds Cross, Dublin 6W",One bed,Other flats,658.98,D6W
2009,"Terenure, Dublin 6W",One bed,Other flats,637.21,D6W
2009,Dublin 7,One bed,Other flats,625.76,D7
2009,"Cabra, Dublin 7",One bed,Other flats,636.89,D7
2009,"Phibsboro, Dublin 7",One bed,Other flats,578.92,D7
2009,Dublin 8,One bed,Other flats,633.81,D8
2009,"Kilmainham , Dublin 8",One bed,Other flats,647.59,D8
2009,"Portobello, Dublin 8",One bed,Other flats,663.49,D8
2009,"South Circular Road, Dublin 8",One bed,Other flats,637.05,D8
2009,Dublin 9,One bed,Other flats,612.21,D9
2009,"Drumcondra, Dublin 9",One bed,Other flats,632.75,D9
2009,"Glasnevin, Dublin 9",One bed,Other flats,553.25,D9
2009,Dublin 12,One bed,Other flats,628.47,D12
2009,"Kimmage, Dublin 12",One bed,Other flats,598.99,D12
2009,"Balbriggan, Dublin",Two bed,Semi detached house,912.87,D1
2009,"Blackrock, Dublin",Two bed,Semi detached house,1265.59,D18
2009,"Lucan, Dublin",Two bed,Semi detached house,1018.98,D20
2009,"Monkstown, Dublin",Two bed,Semi detached house,1194.14,D18
2009,"Swords, Dublin",Two bed,Semi detached house,1041.49,D17
2009,Dublin 1,Two bed,Semi detached house,1143.0,D1
2009,Dublin 3,Two bed,Semi detached house,1146.6,D3
2009,"Drumcondra, Dublin 3",Two bed,Semi detached house,1093.47,D3
2009,"East Wall, Dublin 3",Two bed,Semi detached house,1082.83,D3
2009,Dublin 4,Two bed,Semi detached house,1430.32,D4
2009,"Ballsbridge, Dublin 4",Two bed,Semi detached house,1572.26,D4
2009,"Donnybrook, Dublin 4",Two bed,Semi detached house,1335.91,D4
2009,Dublin 5,Two bed,Semi detached house,1129.44,D5
2009,Dublin 6,Two bed,Semi detached house,1234.0,D6
2009,"Ranelagh, Dublin 6",Two bed,Semi detached house,1399.54,D6
2009,"Rathmines, Dublin 6",Two bed,Semi detached house,1118.04,D6
2009,Dublin 7,Two bed,Semi detached house,1042.87,D7
2009,"Cabra, Dublin 7",Two bed,Semi detached house,1040.47,D7
2009,Dublin 8,Two bed,Semi detached house,1092.44,D8
2009,Dublin 9,Two bed,Semi detached house,1099.4,D9
2009,"Drumcondra, Dublin 9",Two bed,Semi detached house,1114.53,D9
2009,Dublin 10,Two bed,Semi detached house,1043.09,D10
2009,Dublin 11,Two bed,Semi detached house,1040.7,D11
2009,Dublin 12,Two bed,Semi detached house,1093.76,D12
2009,"Crumlin, Dublin 12",Two bed,Semi detached house,1085.36,D12
2009,Dublin 13,Two bed,Semi detached house,1180.89,D13
2009,Dublin 14,Two bed,Semi detached house,1220.02,D14
2009,Dublin 15,Two bed,Semi detached house,1055.0,D15
2009,"Clonsilla, Dublin 15",Two bed,Semi detached house,1013.5,D15
2009,Dublin 16,Two bed,Semi detached house,1246.85,D16
2009,"Rathfarnham, Dublin 16",Two bed,Semi detached house,1169.64,D16
2009,Dublin 24,Two bed,Semi detached house,1031.03,D24
2009,"Tallaght, Dublin 24",Two bed,Semi detached house,1000.4,D24
2009,"Balbriggan, Dublin",Two bed,Terrace house,903.72,D1
2009,"Blackrock, Dublin",Two bed,Terrace house,1222.91,D18
2009,"Killiney, Dublin",Two bed,Terrace house,1148.28,D18
2009,"Lucan, Dublin",Two bed,Terrace house,1029.38,D20
2009,"Monkstown, Dublin",Two bed,Terrace house,1262.62,D18
2009,"Rush, Dublin",Two bed,Terrace house,932.74,D1
2009,"Swords, Dublin",Two bed,Terrace house,1047.81,D17
2009,Dublin 1,Two bed,Terrace house,1067.22,D1
2009,Dublin 2,Two bed,Terrace house,2367.83,D2
2009,Dublin 3,Two bed,Terrace house,1067.98,D3
2009,"Drumcondra, Dublin 3",Two bed,Terrace house,1089.83,D3
2009,"East Wall, Dublin 3",Two bed,Terrace house,1037.6,D3
2009,Dublin 4,Two bed,Terrace house,1339.49,D4
2009,"Ballsbridge, Dublin 4",Two bed,Terrace house,1554.66,D4
2009,"Donnybrook, Dublin 4",Two bed,Terrace house,1343.06,D4
2009,"Ringsend, Dublin 4",Two bed,Terrace house,1139.51,D4
2009,"Sandymount, Dublin 4",Two bed,Terrace house,1297.73,D4
2009,Dublin 5,Two bed,Terrace house,1127.34,D5
2009,Dublin 6,Two bed,Terrace house,1299.35,D6
2009,"Harolds Cross, Dublin 6",Two bed,Terrace house,1159.21,D6
2009,"Milltown, Dublin 6",Two bed,Terrace house,1309.27,D6
2009,"Ranelagh, Dublin 6",Two bed,Terrace house,1436.13,D6
2009,"Rathgar, Dublin 6",Two bed,Terrace house,1321.96,D6
2009,"Rathmines, Dublin 6",Two bed,Terrace house,1192.59,D6
2009,Dublin 6W,Two bed,Terrace house,1174.91,D6W
2009,Dublin 7,Two bed,Terrace house,1074.59,D7
2009,"Cabra, Dublin 7",Two bed,Terrace house,1080.06,D7
2009,"Phibsboro, Dublin 7",Two bed,Terrace house,995.7,D7
2009,"Stoneybatter, Dublin 7",Two bed,Terrace house,1095.41,D7
2009,Dublin 8,Two bed,Terrace house,1153.84,D8
2009,"Inchicore, Dublin 8",Two bed,Terrace house,1090.16,D8
2009,"Kilmainham , Dublin 8",Two bed,Terrace house,1091.61,D8
2009,"Portobello, Dublin 8",Two bed,Terrace house,1345.31,D8
2009,Dublin 9,Two bed,Terrace house,1049.31,D9
2009,"Drumcondra, Dublin 9",Two bed,Terrace house,1080.79,D9
2009,Dublin 10,Two bed,Terrace house,969.34,D10
2009,"Ballyfermot, Dublin 10",Two bed,Terrace house,963.92,D10
2009,Dublin 11,Two bed,Terrace house,1057.1,D11
2009,"Finglas, Dublin 11",Two bed,Terrace house,1024.31,D11
2009,Dublin 12,Two bed,Terrace house,1075.77,D12
2009,"Crumlin, Dublin 12",Two bed,Terrace house,1087.46,D12
2009,"Kimmage, Dublin 12",Two bed,Terrace house,1059.25,D12
2009,Dublin 13,Two bed,Terrace house,1144.87,D13
2009,Dublin 14,Two bed,Terrace house,1229.13,D14
2009,"Dundrum, Dublin 14",Two bed,Terrace house,1265.0,D14
2009,Dublin 15,Two bed,Terrace house,1015.52,D15
2009,"Blanchardstown, Dublin 15",Two bed,Terrace house,1030.43,D15
2009,"Clonee, Dublin 15",Two bed,Terrace house,988.22,D15
2009,"Clonsilla, Dublin 15",Two bed,Terrace house,952.69,D15
2009,Dublin 16,Two bed,Terrace house,1142.19,D16
2009,"Dundrum, Dublin 16",Two bed,Terrace house,1257.39,D16
2009,"Rathfarnham, Dublin 16",Two bed,Terrace house,1147.8,D16
2009,Dublin 18,Two bed,Terrace house,1229.86,D18
2009,Dublin 20,Two bed,Terrace house,1048.57,D20
2009,Dublin 24,Two bed,Terrace house,1065.17,D24
2009,"Balbriggan, Dublin",Two bed,Apartment,848.06,D1
2009,"Blackrock, Dublin",Two bed,Apartment,1296.96,D18
2009,"Booterstown, Dublin",Two bed,Apartment,1325.78,D4
2009,"Dalkey, Dublin",Two bed,Apartment,1386.66,D18
2009,"Donabate, Dublin",Two bed,Apartment,964.57,D13
2009,"Dun Laoghaire, Dublin",Two bed,Apartment,1322.25,D18
2009,"Howth, Dublin",Two bed,Apartment,1288.39,D13
2009,"Killiney, Dublin",Two bed,Apartment,1482.32,D18
2009,"Kinsealy, Dublin",Two bed,Apartment,1042.28,D17
2009,"Lucan, Dublin",Two bed,Apartment,1012.52,D20
2009,"Malahide, Dublin",Two bed,Apartment,1288.53,D17
2009,"Monkstown, Dublin",Two bed,Apartment,1185.09,D18
2009,"Portmarnock, Dublin",Two bed,Apartment,1134.44,D13
2009,"Rathcoole, Dublin",Two bed,Apartment,970.9,D24
2009,"Rush, Dublin",Two bed,Apartment,890.82,D1
2009,"Saggart, Dublin",Two bed,Apartment,1073.81,D24
2009,"Sandycove, Dublin",Two bed,Apartment,1230.82,D18
2009,"Shankill, Dublin",Two bed,Apartment,1118.29,D18
2009,"Skerries, Dublin",Two bed,Apartment,951.94,D1
2009,"Stillorgan, Dublin",Two bed,Apartment,1319.99,D18
2009,"Swords, Dublin",Two bed,Apartment,1017.62,D17
2009,Dublin 1,Two bed,Apartment,1253.36,D1
2009,"I.F.S.C., Dublin 1",Two bed,Apartment,1304.9,D1
2009,"Parnell Street, Dublin 1",Two bed,Apartment,1337.02,D1
2009,"Spencer Dock, Dublin 1",Two bed,Apartment,1494.05,D1
2009,"Summerhill, Dublin 1",Two bed,Apartment,1262.41,D1
2009,Dublin 2,Two bed,Apartment,1385.69,D2
2009,"Charlemont Street, Dublin 2",Two bed,Apartment,1350.48,D2
2009,"Grand Canal Dock, Dublin 2",Two bed,Apartment,1670.87,D2
2009,"Hanover Quay, Dublin 2",Two bed,Apartment,1825.0,D2
2009,"Lower Mount Street, Dublin 2",Two bed,Apartment,1237.58,D2
2009,"Pearse Street, Dublin 2",Two bed,Apartment,1247.67,D2
2009,"Temple Bar, Dublin 2",Two bed,Apartment,1325.54,D2
2009,"Townsend Street, Dublin 2",Two bed,Apartment,1360.0,D2
2009,Dublin 3,Two bed,Apartment,1170.83,D3
2009,"Clontarf, Dublin 3",Two bed,Apartment,1189.37,D3
2009,"Drumcondra, Dublin 3",Two bed,Apartment,1177.73,D3
2009,"East Wall, Dublin 3",Two bed,Apartment,1152.02,D3
2009,"Fairview, Dublin 3",Two bed,Apartment,1109.79,D3
2009,Dublin 4,Two bed,Apartment,1408.7,D4
2009,"Ballsbridge, Dublin 4",Two bed,Apartment,1509.78,D4
2009,"Donnybrook, Dublin 4",Two bed,Apartment,1416.95,D4
2009,"Merrion, Dublin 4",Two bed,Apartment,1474.54,D4
2009,"Pembroke, Dublin 4",Two bed,Apartment,1388.49,D4
2009,"Ringsend, Dublin 4",Two bed,Apartment,1236.48,D4
2009,"Sandymount, Dublin 4",Two bed,Apartment,1417.93,D4
2009,Dublin 5,Two bed,Apartment,1158.3,D5
2009,"Artane, Dublin 5",Two bed,Apartment,1183.23,D5
2009,"Killester, Dublin 5",Two bed,Apartment,1053.91,D5
2009,"Raheny, Dublin 5",Two bed,Apartment,1209.3,D5
2009,Dublin 6,Two bed,Apartment,1232.77,D6
2009,"Dartry, Dublin 6",Two bed,Apartment,1259.16,D6
2009,"Harolds Cross, Dublin 6",Two bed,Apartment,1137.5,D6
2009,"Milltown, Dublin 6",Two bed,Apartment,1393.54,D6
2009,"Ranelagh, Dublin 6",Two bed,Apartment,1186.45,D6
2009,"Rathgar, Dublin 6",Two bed,Apartment,1128.83,D6
2009,"Rathmines, Dublin 6",Two bed,Apartment,1193.5,D6
2009,"Terenure, Dublin 6",Two bed,Apartment,1184.96,D6
2009,Dublin 6W,Two bed,Apartment,1248.24,D6W
2009,"Templeogue, Dublin 6W",Two bed,Apartment,1191.22,D6W
2009,"Terenure, Dublin 6W",Two bed,Apartment,1258.03,D6W
2009,Dublin 7,Two bed,Apartment,1132.67,D7
2009,"Navan Road, Dublin 7",Two bed,Apartment,1107.62,D7
2009,"Phibsboro, Dublin 7",Two bed,Apartment,1081.26,D7
2009,"Smithfield, Dublin 7",Two bed,Apartment,1240.2,D7
2009,Dublin 8,Two bed,Apartment,1153.3,D8
2009,"Christchurch, Dublin 8",Two bed,Apartment,1154.12,D8
2009,"Cork Street, Dublin 8",Two bed,Apartment,1192.77,D8
2009,"Inchicore, Dublin 8",Two bed,Apartment,1098.18,D8
2009,"Islandbridge, Dublin 8",Two bed,Apartment,1173.05,D8
2009,"Kilmainham , Dublin 8",Two bed,Apartment,1130.38,D8
2009,"Portobello, Dublin 8",Two bed,Apartment,1158.04,D8
2009,"Rialto, Dublin 8",Two bed,Apartment,1130.0,D8
2009,"South Circular Road, Dublin 8",Two bed,Apartment,1097.1,D8
2009,Dublin 9,Two bed,Apartment,1082.09,D9
2009,"Ballymun, Dublin 9",Two bed,Apartment,931.31,D9
2009,"Beaumont, Dublin 9",Two bed,Apartment,1054.55,D9
2009,"Drumcondra, Dublin 9",Two bed,Apartment,1177.49,D9
2009,"Glasnevin, Dublin 9",Two bed,Apartment,1101.87,D9
2009,"Santry, Dublin 9",Two bed,Apartment,1086.86,D9
2009,"Whitehall, Dublin 9",Two bed,Apartment,772.54,D9
2009,Dublin 10,Two bed,Apartment,1030.82,D10
2009,"Ballyfermot, Dublin 10",Two bed,Apartment,1048.06,D10
2009,"Cherry Orchard, Dublin 10",Two bed,Apartment,967.63,D10
2009,Dublin 11,Two bed,Apartment,1029.26,D11
2009,"Ballymun, Dublin 11",Two bed,Apartment,917.49,D11
2009,"Finglas, Dublin 11",Two bed,Apartment,1049.56,D11
2009,"Glasnevin, Dublin 11",Two bed,Apartment,1082.22,D11
2009,"Meakstown, Dublin 11",Two bed,Apartment,1040.71,D11
2009,"St Margarets Road, Dublin 11",Two bed,Apartment,1093.38,D11
2009,Dublin 12,Two bed,Apartment,1112.07,D12
2009,"Crumlin, Dublin 12",Two bed,Apartment,1040.61,D12
2009,"Drimnagh, Dublin 12",Two bed,Apartment,1215.08,D12
2009,"Kimmage, Dublin 12",Two bed,Apartment,1045.75,D12
2009,Dublin 13,Two bed,Apartment,1131.78,D13
2009,"Baldoyle, Dublin 13",Two bed,Apartment,1100.63,D13
2009,"Clongriffin, Dublin 13",Two bed,Apartment,1112.47,D13
2009,"Donaghmede, Dublin 13",Two bed,Apartment,1068.12,D13
2009,"Sutton, Dublin 13",Two bed,Apartment,1359.68,D13
2009,Dublin 14,Two bed,Apartment,1270.78,D14
2009,"Churchtown, Dublin 14",Two bed,Apartment,1253.33,D14
2009,"Clonskeagh, Dublin 14",Two bed,Apartment,1283.26,D14
2009,"Dundrum, Dublin 14",Two bed,Apartment,1313.64,D14
2009,"Goatstown, Dublin 14",Two bed,Apartment,1328.3,D14
2009,"Rathfarnham, Dublin 14",Two bed,Apartment,1169.63,D14
2009,Dublin 15,Two bed,Apartment,1073.37,D15
2009,"Ashtown, Dublin 15",Two bed,Apartment,1107.72,D15
2009,"Blanchardstown, Dublin 15",Two bed,Apartment,1034.64,D15
2009,"Carpenterstown, Dublin 15",Two bed,Apartment,1034.51,D15
2009,"Castleknock, Dublin 15",Two bed,Apartment,1168.66,D15
2009,"Clonee, Dublin 15",Two bed,Apartment,936.19,D15
2009,"Clonsilla, Dublin 15",Two bed,Apartment,1000.39,D15
2009,"Coolmine, Dublin 15",Two bed,Apartment,996.61,D15
2009,"Ongar, Dublin 15",Two bed,Apartment,991.86,D15
2009,"Porterstown, Dublin 15",Two bed,Apartment,1123.88,D15
2009,"Royal Canal Park, Dublin 15",Two bed,Apartment,1116.25,D15
2009,"Tyrrelstown, Dublin 15",Two bed,Apartment,945.38,D15
2009,Dublin 16,Two bed,Apartment,1244.51,D16
2009,"Ballinteer, Dublin 16",Two bed,Apartment,1226.72,D16
2009,"Dundrum, Dublin 16",Two bed,Apartment,1334.04,D16
2009,"Rathfarnham, Dublin 16",Two bed,Apartment,1169.25,D16
2009,Dublin 17,Two bed,Apartment,1072.87,D17
2009,"Malahide Road, Dublin 17",Two bed,Apartment,1128.4,D17
2009,"Northern Cross, Dublin 17",Two bed,Apartment,1066.79,D17
2009,Dublin 18,Two bed,Apartment,1257.16,D18
2009,"Cabinteely, Dublin 18",Two bed,Apartment,1191.0,D18
2009,"Carrickmines, Dublin 18",Two bed,Apartment,1210.74,D18
2009,"Foxrock, Dublin 18",Two bed,Apartment,1558.6,D18
2009,"Leopardstown, Dublin 18",Two bed,Apartment,1271.7,D18
2009,"Sandyford, Dublin 18",Two bed,Apartment,1288.93,D18
2009,"Stepaside, Dublin 18",Two bed,Apartment,1147.27,D18
2009,Dublin 20,Two bed,Apartment,1074.81,D20
2009,"Chapelizod, Dublin 20",Two bed,Apartment,1080.43,D20
2009,Dublin 24,Two bed,Apartment,1039.4,D24
2009,"Ballycullen, Dublin 24",Two bed,Apartment,1083.83,D24
2009,"Citywest, Dublin 24",Two bed,Apartment,1034.24,D24
2009,"Firhouse, Dublin 24",Two bed,Apartment,1096.5,D24
2009,"Tallaght, Dublin 24",Two bed,Apartment,1032.21,D24
2009,Dublin 1,Two bed,Other flats,973.18,D1
2009,Dublin 2,Two bed,Other flats,1097.13,D2
2009,Dublin 3,Two bed,Other flats,894.35,D3
2009,"Drumcondra, Dublin 3",Two bed,Other flats,839.93,D3
2009,Dublin 4,Two bed,Other flats,1051.56,D4
2009,Dublin 6,Two bed,Other flats,929.3,D6
2009,"Ranelagh, Dublin 6",Two bed,Other flats,953.48,D6
2009,"Rathgar, Dublin 6",Two bed,Other flats,1014.25,D6
2009,"Rathmines, Dublin 6",Two bed,Other flats,919.05,D6
2009,Dublin 6W,Two bed,Other flats,821.8,D6W
2009,Dublin 7,Two bed,Other flats,853.51,D7
2009,"Phibsboro, Dublin 7",Two bed,Other flats,741.24,D7
2009,Dublin 8,Two bed,Other flats,914.85,D8
2009,"Portobello, Dublin 8",Two bed,Other flats,894.98,D8
2009,Dublin 9,Two bed,Other flats,849.14,D9
2009,"Drumcondra, Dublin 9",Two bed,Other flats,841.1,D9
2009,Dublin 4,Three bed,Detached house,2110.57,D4
2009,"Ballsbridge, Dublin 4",Three bed,Detached house,2252.97,D4
2009,Dublin 6,Three bed,Detached house,1873.01,D6
2009,Dublin 15,Three bed,Detached house,1165.69,D15
2009,Dublin 18,Three bed,Detached house,1314.77,D18
2009,Dublin 24,Three bed,Detached house,1134.29,D24
2009,"Tallaght, Dublin 24",Three bed,Detached house,1082.19,D24
2009,"Balbriggan, Dublin",Three bed,Semi detached house,1040.21,D1
2009,"Blackrock, Dublin",Three bed,Semi detached house,1492.78,D18
2009,"Donabate, Dublin",Three bed,Semi detached house,1149.26,D13
2009,"Dun Laoghaire, Dublin",Three bed,Semi detached house,1434.15,D18
2009,"Killiney, Dublin",Three bed,Semi detached house,1299.85,D18
2009,"Kinsealy, Dublin",Three bed,Semi detached house,1172.92,D17
2009,"Lucan, Dublin",Three bed,Semi detached house,1144.55,D20
2009,"Lusk, Dublin",Three bed,Semi detached house,1090.35,D1
2009,"Malahide, Dublin",Three bed,Semi detached house,1405.58,D17
2009,"Rush, Dublin",Three bed,Semi detached house,1042.98,D1
2009,"Saggart, Dublin",Three bed,Semi detached house,1150.27,D24
2009,"Shankill, Dublin",Three bed,Semi detached house,1288.51,D18
2009,"Skerries, Dublin",Three bed,Semi detached house,1101.06,D1
2009,"Stillorgan, Dublin",Three bed,Semi detached house,1494.97,D18
2009,"Swords, Dublin",Three bed,Semi detached house,1152.06,D17
2009,Dublin 1,Three bed,Semi detached house,1213.04,D1
2009,Dublin 3,Three bed,Semi detached house,1386.61,D3
2009,"Clontarf, Dublin 3",Three bed,Semi detached house,1464.3,D3
2009,"Drumcondra, Dublin 3",Three bed,Semi detached house,1326.48,D3
2009,Dublin 4,Three bed,Semi detached house,1910.65,D4
2009,"Ballsbridge, Dublin 4",Three bed,Semi detached house,2000.38,D4
2009,"Donnybrook, Dublin 4",Three bed,Semi detached house,1870.6,D4
2009,"Sandymount, Dublin 4",Three bed,Semi detached house,1971.38,D4
2009,Dublin 5,Three bed,Semi detached house,1243.74,D5
2009,"Artane, Dublin 5",Three bed,Semi detached house,1237.35,D5
2009,"Killester, Dublin 5",Three bed,Semi detached house,1301.25,D5
2009,"Raheny, Dublin 5",Three bed,Semi detached house,1244.07,D5
2009,Dublin 6,Three bed,Semi detached house,1688.91,D6
2009,"Harolds Cross, Dublin 6",Three bed,Semi detached house,1431.25,D6
2009,"Ranelagh, Dublin 6",Three bed,Semi detached house,1966.0,D6
2009,"Rathgar, Dublin 6",Three bed,Semi detached house,1629.54,D6
2009,"Rathmines, Dublin 6",Three bed,Semi detached house,1593.19,D6
2009,Dublin 6W,Three bed,Semi detached house,1386.46,D6W
2009,"Harolds Cross, Dublin 6W",Three bed,Semi detached house,1442.5,D6W
2009,"Templeogue, Dublin 6W",Three bed,Semi detached house,1259.72,D6W
2009,"Terenure, Dublin 6W",Three bed,Semi detached house,1414.71,D6W
2009,Dublin 7,Three bed,Semi detached house,1267.66,D7
2009,"Cabra, Dublin 7",Three bed,Semi detached house,1204.53,D7
2009,"Navan Road, Dublin 7",Three bed,Semi detached house,1230.43,D7
2009,"Phibsboro, Dublin 7",Three bed,Semi detached house,1309.33,D7
2009,Dublin 8,Three bed,Semi detached house,1332.57,D8
2009,Dublin 9,Three bed,Semi detached house,1243.03,D9
2009,"Beaumont, Dublin 9",Three bed,Semi detached house,1215.07,D9
2009,"Drumcondra, Dublin 9",Three bed,Semi detached house,1323.92,D9
2009,"Glasnevin, Dublin 9",Three bed,Semi detached house,1279.42,D9
2009,"Santry, Dublin 9",Three bed,Semi detached house,1181.86,D9
2009,"Whitehall, Dublin 9",Three bed,Semi detached house,1243.9,D9
2009,Dublin 10,Three bed,Semi detached house,1195.16,D10
2009,Dublin 11,Three bed,Semi detached house,1179.24,D11
2009,"Finglas, Dublin 11",Three bed,Semi detached house,1134.48,D11
2009,"Glasnevin, Dublin 11",Three bed,Semi detached house,1274.07,D11
2009,Dublin 12,Three bed,Semi detached house,1186.13,D12
2009,"Crumlin, Dublin 12",Three bed,Semi detached house,1219.12,D12
2009,"Drimnagh, Dublin 12",Three bed,Semi detached house,1155.28,D12
2009,"Kimmage, Dublin 12",Three bed,Semi detached house,1305.93,D12
2009,"Walkinstown, Dublin 12",Three bed,Semi detached house,1166.98,D12
2009,Dublin 13,Three bed,Semi detached house,1220.68,D13
2009,"Donaghmede, Dublin 13",Three bed,Semi detached house,1174.17,D13
2009,"Sutton, Dublin 13",Three bed,Semi detached house,1268.91,D13
2009,Dublin 14,Three bed,Semi detached house,1478.45,D14
2009,"Churchtown, Dublin 14",Three bed,Semi detached house,1408.85,D14
2009,"Clonskeagh, Dublin 14",Three bed,Semi detached house,1614.0,D14
2009,"Dundrum, Dublin 14",Three bed,Semi detached house,1468.75,D14
2009,"Rathfarnham, Dublin 14",Three bed,Semi detached house,1325.63,D14
2009,Dublin 15,Three bed,Semi detached house,1138.6,D15
2009,"Blanchardstown, Dublin 15",Three bed,Semi detached house,1142.4,D15
2009,"Carpenterstown, Dublin 15",Three bed,Semi detached house,1164.88,D15
2009,"Castleknock, Dublin 15",Three bed,Semi detached house,1174.0,D15
2009,"Clonee, Dublin 15",Three bed,Semi detached house,1122.53,D15
2009,"Clonsilla, Dublin 15",Three bed,Semi detached house,1123.6,D15
2009,"Mulhuddart, Dublin 15",Three bed,Semi detached house,1063.39,D15
2009,"Tyrrelstown, Dublin 15",Three bed,Semi detached house,1168.91,D15
2009,Dublin 16,Three bed,Semi detached house,1280.97,D16
2009,"Ballinteer, Dublin 16",Three bed,Semi detached house,1278.9,D16
2009,"Dundrum, Dublin 16",Three bed,Semi detached house,1440.68,D16
2009,"Knocklyon, Dublin 16",Three bed,Semi detached house,1234.71,D16
2009,"Rathfarnham, Dublin 16",Three bed,Semi detached house,1324.33,D16
2009,Dublin 17,Three bed,Semi detached house,1179.99,D17
2009,Dublin 18,Three bed,Semi detached house,1351.03,D18
2009,"Cabinteely, Dublin 18",Three bed,Semi detached house,1311.45,D18
2009,"Leopardstown, Dublin 18",Three bed,Semi detached house,1333.76,D18
2009,"Sandyford, Dublin 18",Three bed,Semi detached house,1328.71,D18
2009,Dublin 20,Three bed,Semi detached house,1188.24,D20
2009,"Palmerstown, Dublin 20",Three bed,Semi detached house,1166.22,D20
2009,Dublin 24,Three bed,Semi detached house,1141.11,D24
2009,"Ballycullen, Dublin 24",Three bed,Semi detached house,1226.96,D24
2009,"Citywest, Dublin 24",Three bed,Semi detached house,1237.56,D24
2009,"Firhouse, Dublin 24",Three bed,Semi detached house,1174.93,D24
2009,"Tallaght, Dublin 24",Three bed,Semi detached house,1128.88,D24
2009,"Balbriggan, Dublin",Three bed,Terrace house,1049.75,D1
2009,"Blackrock, Dublin",Three bed,Terrace house,1501.62,D18
2009,"Lucan, Dublin",Three bed,Terrace house,1120.63,D20
2009,"Lusk, Dublin",Three bed,Terrace house,1069.35,D1
2009,"Malahide, Dublin",Three bed,Terrace house,1386.85,D17
2009,"Stillorgan, Dublin",Three bed,Terrace house,1529.77,D18
2009,"Swords, Dublin",Three bed,Terrace house,1161.35,D17
2009,Dublin 1,Three bed,Terrace house,1186.93,D1
2009,Dublin 2,Three bed,Terrace house,1701.26,D2
2009,Dublin 3,Three bed,Terrace house,1307.62,D3
2009,"Clontarf, Dublin 3",Three bed,Terrace house,1453.02,D3
2009,"Drumcondra, Dublin 3",Three bed,Terrace house,1326.69,D3
2009,"East Wall, Dublin 3",Three bed,Terrace house,1121.75,D3
2009,"Marino, Dublin 3",Three bed,Terrace house,1282.56,D3
2009,Dublin 4,Three bed,Terrace house,1822.94,D4
2009,"Ballsbridge, Dublin 4",Three bed,Terrace house,1906.84,D4
2009,"Donnybrook, Dublin 4",Three bed,Terrace house,1827.88,D4
2009,"Sandymount, Dublin 4",Three bed,Terrace house,1988.49,D4
2009,Dublin 5,Three bed,Terrace house,1238.1,D5
2009,"Artane, Dublin 5",Three bed,Terrace house,1208.36,D5
2009,"Raheny, Dublin 5",Three bed,Terrace house,1260.62,D5
2009,Dublin 6,Three bed,Terrace house,1712.56,D6
2009,"Harolds Cross, Dublin 6",Three bed,Terrace house,1269.0,D6
2009,"Ranelagh, Dublin 6",Three bed,Terrace house,1872.99,D6
2009,"Rathgar, Dublin 6",Three bed,Terrace house,1702.59,D6
2009,"Rathmines, Dublin 6",Three bed,Terrace house,1715.7,D6
2009,Dublin 6W,Three bed,Terrace house,1291.54,D6W
2009,"Harolds Cross, Dublin 6W",Three bed,Terrace house,1276.49,D6W
2009,"Terenure, Dublin 6W",Three bed,Terrace house,1352.79,D6W
2009,Dublin 7,Three bed,Terrace house,1215.4,D7
2009,"Cabra, Dublin 7",Three bed,Terrace house,1175.76,D7
2009,"Navan Road, Dublin 7",Three bed,Terrace house,1236.11,D7
2009,"Phibsboro, Dublin 7",Three bed,Terrace house,1274.13,D7
2009,Dublin 8,Three bed,Terrace house,1343.28,D8
2009,"Inchicore, Dublin 8",Three bed,Terrace house,1160.89,D8
2009,"Kilmainham , Dublin 8",Three bed,Terrace house,1306.03,D8
2009,Dublin 9,Three bed,Terrace house,1233.97,D9
2009,"Drumcondra, Dublin 9",Three bed,Terrace house,1325.94,D9
2009,"Glasnevin, Dublin 9",Three bed,Terrace house,1199.42,D9
2009,Dublin 10,Three bed,Terrace house,1118.16,D10
2009,"Ballyfermot, Dublin 10",Three bed,Terrace house,1110.63,D10
2009,Dublin 11,Three bed,Terrace house,1128.9,D11
2009,"Finglas, Dublin 11",Three bed,Terrace house,1107.97,D11
2009,"Glasnevin, Dublin 11",Three bed,Terrace house,1194.07,D11
2009,Dublin 12,Three bed,Terrace house,1197.1,D12
2009,"Crumlin, Dublin 12",Three bed,Terrace house,1146.72,D12
2009,"Drimnagh, Dublin 12",Three bed,Terrace house,1191.99,D12
2009,"Kimmage, Dublin 12",Three bed,Terrace house,1229.92,D12
2009,"Walkinstown, Dublin 12",Three bed,Terrace house,1255.91,D12
2009,Dublin 13,Three bed,Terrace house,1226.92,D13
2009,"Baldoyle, Dublin 13",Three bed,Terrace house,1238.67,D13
2009,"Sutton, Dublin 13",Three bed,Terrace house,1205.81,D13
2009,Dublin 14,Three bed,Terrace house,1482.43,D14
2009,"Dundrum, Dublin 14",Three bed,Terrace house,1602.89,D14
2009,"Rathfarnham, Dublin 14",Three bed,Terrace house,1264.61,D14
2009,Dublin 15,Three bed,Terrace house,1147.34,D15
2009,"Blanchardstown, Dublin 15",Three bed,Terrace house,1147.67,D15
2009,"Castleknock, Dublin 15",Three bed,Terrace house,1147.88,D15
2009,"Clonsilla, Dublin 15",Three bed,Terrace house,1128.79,D15
2009,"Mulhuddart, Dublin 15",Three bed,Terrace house,1085.74,D15
2009,"Ongar, Dublin 15",Three bed,Terrace house,1184.33,D15
2009,Dublin 16,Three bed,Terrace house,1336.45,D16
2009,"Dundrum, Dublin 16",Three bed,Terrace house,1581.96,D16
2009,"Rathfarnham, Dublin 16",Three bed,Terrace house,1265.5,D16
2009,Dublin 18,Three bed,Terrace house,1516.74,D18
2009,"Sandyford, Dublin 18",Three bed,Terrace house,1378.17,D18
2009,Dublin 20,Three bed,Terrace house,1148.07,D20
2009,Dublin 24,Three bed,Terrace house,1118.88,D24
2009,"Tallaght, Dublin 24",Three bed,Terrace house,1100.05,D24
2009,"Balbriggan, Dublin",Three bed,Apartment,959.21,D1
2009,"Blackrock, Dublin",Three bed,Apartment,1708.36,D18
2009,"Dun Laoghaire, Dublin",Three bed,Apartment,1837.12,D18
2009,"Lucan, Dublin",Three bed,Apartment,1164.66,D20
2009,"Malahide, Dublin",Three bed,Apartment,1417.73,D17
2009,"Stillorgan, Dublin",Three bed,Apartment,1637.93,D18
2009,"Swords, Dublin",Three bed,Apartment,1204.89,D17
2009,Dublin 1,Three bed,Apartment,1552.13,D1
2009,Dublin 2,Three bed,Apartment,1725.68,D2
2009,Dublin 3,Three bed,Apartment,1424.25,D3
2009,"Clontarf, Dublin 3",Three bed,Apartment,1490.41,D3
2009,"Drumcondra, Dublin 3",Three bed,Apartment,1534.47,D3
2009,Dublin 4,Three bed,Apartment,1851.95,D4
2009,"Ballsbridge, Dublin 4",Three bed,Apartment,1959.1,D4
2009,"Pembroke, Dublin 4",Three bed,Apartment,1727.34,D4
2009,"Ringsend, Dublin 4",Three bed,Apartment,1737.91,D4
2009,Dublin 5,Three bed,Apartment,1359.69,D5
2009,Dublin 6,Three bed,Apartment,1464.74,D6
2009,"Milltown, Dublin 6",Three bed,Apartment,1546.36,D6
2009,"Rathmines, Dublin 6",Three bed,Apartment,1454.29,D6
2009,Dublin 6W,Three bed,Apartment,1452.87,D6W
2009,"Terenure, Dublin 6W",Three bed,Apartment,1572.66,D6W
2009,Dublin 7,Three bed,Apartment,1443.11,D7
2009,"Smithfield, Dublin 7",Three bed,Apartment,1699.51,D7
2009,Dublin 8,Three bed,Apartment,1432.68,D8
2009,"Inchicore, Dublin 8",Three bed,Apartment,1354.9,D8
2009,"Kilmainham , Dublin 8",Three bed,Apartment,1463.85,D8
2009,Dublin 9,Three bed,Apartment,1382.65,D9
2009,"Drumcondra, Dublin 9",Three bed,Apartment,1551.73,D9
2009,"Santry, Dublin 9",Three bed,Apartment,1284.31,D9
2009,Dublin 11,Three bed,Apartment,1168.21,D11
2009,"Finglas, Dublin 11",Three bed,Apartment,1174.7,D11
2009,"Meakstown, Dublin 11",Three bed,Apartment,1217.58,D11
2009,Dublin 12,Three bed,Apartment,1403.5,D12
2009,"Drimnagh, Dublin 12",Three bed,Apartment,1486.5,D12
2009,Dublin 13,Three bed,Apartment,1236.12,D13
2009,Dublin 14,Three bed,Apartment,1666.08,D14
2009,"Dundrum, Dublin 14",Three bed,Apartment,1803.23,D14
2009,Dublin 15,Three bed,Apartment,1205.57,D15
2009,"Ashtown, Dublin 15",Three bed,Apartment,1284.31,D15
2009,"Blanchardstown, Dublin 15",Three bed,Apartment,1184.71,D15
2009,"Castleknock, Dublin 15",Three bed,Apartment,1282.35,D15
2009,"Royal Canal Park, Dublin 15",Three bed,Apartment,1201.47,D15
2009,Dublin 16,Three bed,Apartment,1460.05,D16
2009,"Dundrum, Dublin 16",Three bed,Apartment,1746.58,D16
2009,"Rathfarnham, Dublin 16",Three bed,Apartment,1393.72,D16
2009,Dublin 17,Three bed,Apartment,1238.07,D17
2009,Dublin 18,Three bed,Apartment,1464.75,D18
2009,"Cabinteely, Dublin 18",Three bed,Apartment,1359.57,D18
2009,"Sandyford, Dublin 18",Three bed,Apartment,1510.25,D18
2009,Dublin 20,Three bed,Apartment,1265.78,D20
2009,Dublin 24,Three bed,Apartment,1169.41,D24
2009,"Tallaght, Dublin 24",Three bed,Apartment,1153.01,D24
2009,Dublin 6,Three bed,Other flats,1233.39,D6
2009,"Rathmines, Dublin 6",Three bed,Other flats,1198.27,D6
2009,"Blackrock, Dublin",Four plus bed,Detached house,2226.8,D18
2009,"Lucan, Dublin",Four plus bed,Detached house,1306.95,D20
2009,"Malahide, Dublin",Four plus bed,Detached house,2385.61,D17
2009,"Stillorgan, Dublin",Four plus bed,Detached house,1923.78,D18
2009,Dublin 4,Four plus bed,Detached house,2635.9,D4
2009,Dublin 6,Four plus bed,Detached house,2300.12,D6
2009,Dublin 13,Four plus bed,Detached house,1881.25,D13
2009,Dublin 14,Four plus bed,Detached house,2031.08,D14
2009,Dublin 15,Four plus bed,Detached house,1506.79,D15
2009,"Castleknock, Dublin 15",Four plus bed,Detached house,1710.45,D15
2009,Dublin 16,Four plus bed,Detached house,1705.0,D16
2009,"Rathfarnham, Dublin 16",Four plus bed,Detached house,1834.25,D16
2009,Dublin 18,Four plus bed,Detached house,2162.06,D18
2009,"Cabinteely, Dublin 18",Four plus bed,Detached house,1986.62,D18
2009,"Foxrock, Dublin 18",Four plus bed,Detached house,2327.48,D18
2009,"Blackrock, Dublin",Four plus bed,Semi detached house,1957.37,D18
2009,"Booterstown, Dublin",Four plus bed,Semi detached house,1892.45,D4
2009,"Lucan, Dublin",Four plus bed,Semi detached house,1252.46,D20
2009,"Malahide, Dublin",Four plus bed,Semi detached house,1707.38,D17
2009,"Saggart, Dublin",Four plus bed,Semi detached house,1425.83,D24
2009,"Stillorgan, Dublin",Four plus bed,Semi detached house,1776.32,D18
2009,"Swords, Dublin",Four plus bed,Semi detached house,1348.36,D17
2009,Dublin 1,Four plus bed,Semi detached house,1458.96,D1
2009,Dublin 3,Four plus bed,Semi detached house,1679.12,D3
2009,"Clontarf, Dublin 3",Four plus bed,Semi detached house,1806.37,D3
2009,"Drumcondra, Dublin 3",Four plus bed,Semi detached house,1500.68,D3
2009,Dublin 4,Four plus bed,Semi detached house,2599.62,D4
2009,"Ballsbridge, Dublin 4",Four plus bed,Semi detached house,2706.7,D4
2009,Dublin 5,Four plus bed,Semi detached house,1422.8,D5
2009,"Artane, Dublin 5",Four plus bed,Semi detached house,1319.56,D5
2009,"Raheny, Dublin 5",Four plus bed,Semi detached house,1489.66,D5
2009,Dublin 6,Four plus bed,Semi detached house,2035.21,D6
2009,"Harolds Cross, Dublin 6",Four plus bed,Semi detached house,1684.68,D6
2009,"Ranelagh, Dublin 6",Four plus bed,Semi detached house,2377.72,D6
2009,"Rathgar, Dublin 6",Four plus bed,Semi detached house,1896.73,D6
2009,"Rathmines, Dublin 6",Four plus bed,Semi detached house,1996.06,D6
2009,Dublin 6W,Four plus bed,Semi detached house,1691.08,D6W
2009,"Templeogue, Dublin 6W",Four plus bed,Semi detached house,1403.37,D6W
2009,"Terenure, Dublin 6W",Four plus bed,Semi detached house,1849.2,D6W
2009,Dublin 7,Four plus bed,Semi detached house,1541.12,D7
2009,Dublin 8,Four plus bed,Semi detached house,1614.51,D8
2009,Dublin 9,Four plus bed,Semi detached house,1434.27,D9
2009,"Beaumont, Dublin 9",Four plus bed,Semi detached house,1331.9,D9
2009,"Drumcondra, Dublin 9",Four plus bed,Semi detached house,1494.14,D9
2009,"Glasnevin, Dublin 9",Four plus bed,Semi detached house,1531.3,D9
2009,"Santry, Dublin 9",Four plus bed,Semi detached house,1387.6,D9
2009,"Whitehall, Dublin 9",Four plus bed,Semi detached house,1471.03,D9
2009,Dublin 11,Four plus bed,Semi detached house,1395.93,D11
2009,"Glasnevin, Dublin 11",Four plus bed,Semi detached house,1559.25,D11
2009,Dublin 12,Four plus bed,Semi detached house,1372.97,D12
2009,Dublin 13,Four plus bed,Semi detached house,1459.78,D13
2009,Dublin 14,Four plus bed,Semi detached house,1805.28,D14
2009,"Churchtown, Dublin 14",Four plus bed,Semi detached house,1912.0,D14
2009,"Clonskeagh, Dublin 14",Four plus bed,Semi detached house,2068.46,D14
2009,"Dundrum, Dublin 14",Four plus bed,Semi detached house,1828.02,D14
2009,"Goatstown, Dublin 14",Four plus bed,Semi detached house,1866.89,D14
2009,"Rathfarnham, Dublin 14",Four plus bed,Semi detached house,1526.73,D14
2009,Dublin 15,Four plus bed,Semi detached house,1301.99,D15
2009,"Blanchardstown, Dublin 15",Four plus bed,Semi detached house,1301.69,D15
2009,"Castleknock, Dublin 15",Four plus bed,Semi detached house,1363.91,D15
2009,"Clonee, Dublin 15",Four plus bed,Semi detached house,1235.89,D15
2009,"Clonsilla, Dublin 15",Four plus bed,Semi detached house,1285.43,D15
2009,"Tyrrelstown, Dublin 15",Four plus bed,Semi detached house,1293.5,D15
2009,Dublin 16,Four plus bed,Semi detached house,1514.85,D16
2009,"Dundrum, Dublin 16",Four plus bed,Semi detached house,1806.37,D16
2009,"Knocklyon, Dublin 16",Four plus bed,Semi detached house,1411.06,D16
2009,"Rathfarnham, Dublin 16",Four plus bed,Semi detached house,1513.79,D16
2009,Dublin 18,Four plus bed,Semi detached house,1742.02,D18
2009,"Foxrock, Dublin 18",Four plus bed,Semi detached house,1947.63,D18
2009,"Leopardstown, Dublin 18",Four plus bed,Semi detached house,1654.12,D18
2009,"Sandyford, Dublin 18",Four plus bed,Semi detached house,1617.37,D18
2009,Dublin 20,Four plus bed,Semi detached house,1295.16,D20
2009,Dublin 24,Four plus bed,Semi detached house,1318.77,D24
2009,"Firhouse, Dublin 24",Four plus bed,Semi detached house,1182.06,D24
2009,"Tallaght, Dublin 24",Four plus bed,Semi detached house,1330.48,D24
2009,Dublin 1,Four plus bed,Terrace house,1600.0,D1
2009,Dublin 3,Four plus bed,Terrace house,1457.47,D3
2009,"Drumcondra, Dublin 3",Four plus bed,Terrace house,1563.07,D3
2009,Dublin 4,Four plus bed,Terrace house,2277.02,D4
2009,"Ballsbridge, Dublin 4",Four plus bed,Terrace house,2535.34,D4
2009,Dublin 6,Four plus bed,Terrace house,2037.1,D6
2009,"Harolds Cross, Dublin 6",Four plus bed,Terrace house,1696.4,D6
2009,"Ranelagh, Dublin 6",Four plus bed,Terrace house,2230.08,D6
2009,"Rathmines, Dublin 6",Four plus bed,Terrace house,1943.84,D6
2009,Dublin 6W,Four plus bed,Terrace house,1722.78,D6W
2009,Dublin 7,Four plus bed,Terrace house,1532.39,D7
2009,Dublin 8,Four plus bed,Terrace house,1460.06,D8
2009,Dublin 9,Four plus bed,Terrace house,1505.73,D9
2009,"Drumcondra, Dublin 9",Four plus bed,Terrace house,1563.02,D9
2009,"Glasnevin, Dublin 9",Four plus bed,Terrace house,1414.68,D9
2009,Dublin 11,Four plus bed,Terrace house,1266.01,D11
2009,Dublin 12,Four plus bed,Terrace house,1373.03,D12
2009,Dublin 14,Four plus bed,Terrace house,1802.82,D14
2009,Dublin 15,Four plus bed,Terrace house,1291.22,D15
2009,"Tyrrelstown, Dublin 15",Four plus bed,Terrace house,1266.29,D15
2009,Dublin 24,Four plus bed,Terrace house,1236.39,D24
2009,Dublin 1,Four plus bed,Apartment,1389.0,D1
2009,Dublin 6,Four plus bed,Apartment,1577.03,D6
2009,Dublin 7,Four plus bed,Apartment,1144.35,D7
2009,Dublin 8,Four plus bed,Apartment,1191.67,D8
2010,Dublin 3,One bed,Semi detached house,679.23,D3
2010,Dublin 4,One bed,Semi detached house,785.67,D4
2010,Dublin 6,One bed,Semi detached house,666.39,D6
2010,"Rathmines, Dublin 6",One bed,Semi detached house,627.85,D6
2010,Dublin 7,One bed,Semi detached house,672.89,D7
2010,Dublin 8,One bed,Semi detached house,736.22,D8
2010,Dublin 9,One bed,Semi detached house,698.88,D9
2010,Dublin 1,One bed,Terrace house,730.38,D1
2010,Dublin 3,One bed,Terrace house,715.91,D3
2010,Dublin 4,One bed,Terrace house,974.93,D4
2010,Dublin 6,One bed,Terrace house,769.81,D6
2010,Dublin 7,One bed,Terrace house,682.75,D7
2010,Dublin 8,One bed,Terrace house,777.9,D8
2010,"Balbriggan, Dublin",One bed,Apartment,617.01,D1
2010,"Blackrock, Dublin",One bed,Apartment,937.26,D18
2010,"Booterstown, Dublin",One bed,Apartment,1063.83,D4
2010,"Donabate, Dublin",One bed,Apartment,667.18,D13
2010,"Dun Laoghaire, Dublin",One bed,Apartment,875.07,D18
2010,"Lucan, Dublin",One bed,Apartment,764.86,D20
2010,"Malahide, Dublin",One bed,Apartment,924.45,D17
2010,"Monkstown, Dublin",One bed,Apartment,835.7,D18
2010,"Portmarnock, Dublin",One bed,Apartment,871.35,D13
2010,"Stillorgan, Dublin",One bed,Apartment,959.12,D18
2010,"Swords, Dublin",One bed,Apartment,752.83,D17
2010,Dublin 1,One bed,Apartment,833.78,D1
2010,"I.F.S.C., Dublin 1",One bed,Apartment,943.05,D1
2010,"Parnell Street, Dublin 1",One bed,Apartment,884.1,D1
2010,"Spencer Dock, Dublin 1",One bed,Apartment,1041.91,D1
2010,Dublin 2,One bed,Apartment,941.72,D2
2010,"Pearse Street, Dublin 2",One bed,Apartment,899.43,D2
2010,"Temple Bar, Dublin 2",One bed,Apartment,942.23,D2
2010,"Townsend Street, Dublin 2",One bed,Apartment,943.31,D2
2010,Dublin 3,One bed,Apartment,816.11,D3
2010,"Clontarf, Dublin 3",One bed,Apartment,847.92,D3
2010,"Drumcondra, Dublin 3",One bed,Apartment,743.9,D3
2010,"Fairview, Dublin 3",One bed,Apartment,781.41,D3
2010,Dublin 4,One bed,Apartment,957.69,D4
2010,"Ballsbridge, Dublin 4",One bed,Apartment,1022.36,D4
2010,"Donnybrook, Dublin 4",One bed,Apartment,885.98,D4
2010,"Merrion, Dublin 4",One bed,Apartment,990.42,D4
2010,"Pembroke, Dublin 4",One bed,Apartment,1001.79,D4
2010,"Ringsend, Dublin 4",One bed,Apartment,934.97,D4
2010,"Sandymount, Dublin 4",One bed,Apartment,931.65,D4
2010,Dublin 5,One bed,Apartment,762.28,D5
2010,"Raheny, Dublin 5",One bed,Apartment,779.08,D5
2010,Dublin 6,One bed,Apartment,826.36,D6
2010,"Harolds Cross, Dublin 6",One bed,Apartment,780.7,D6
2010,"Milltown, Dublin 6",One bed,Apartment,1022.83,D6
2010,"Ranelagh, Dublin 6",One bed,Apartment,822.71,D6
2010,"Rathgar, Dublin 6",One bed,Apartment,782.03,D6
2010,"Rathmines, Dublin 6",One bed,Apartment,798.18,D6
2010,"Terenure, Dublin 6",One bed,Apartment,811.04,D6
2010,Dublin 6W,One bed,Apartment,826.02,D6W
2010,"Harolds Cross, Dublin 6W",One bed,Apartment,775.77,D6W
2010,"Terenure, Dublin 6W",One bed,Apartment,892.29,D6W
2010,Dublin 7,One bed,Apartment,776.14,D7
2010,"Navan Road, Dublin 7",One bed,Apartment,821.22,D7
2010,"North Circular Road, Dublin 7",One bed,Apartment,815.58,D7
2010,"Phibsboro, Dublin 7",One bed,Apartment,725.92,D7
2010,"Smithfield, Dublin 7",One bed,Apartment,879.66,D7
2010,Dublin 8,One bed,Apartment,802.1,D8
2010,"Christchurch, Dublin 8",One bed,Apartment,809.11,D8
2010,"Cork Street, Dublin 8",One bed,Apartment,833.51,D8
2010,"Inchicore, Dublin 8",One bed,Apartment,836.14,D8
2010,"Islandbridge, Dublin 8",One bed,Apartment,826.02,D8
2010,"Kilmainham , Dublin 8",One bed,Apartment,815.55,D8
2010,"Portobello, Dublin 8",One bed,Apartment,791.89,D8
2010,"Rialto, Dublin 8",One bed,Apartment,736.96,D8
2010,"South Circular Road, Dublin 8",One bed,Apartment,845.8,D8
2010,Dublin 9,One bed,Apartment,766.2,D9
2010,"Ballymun, Dublin 9",One bed,Apartment,724.35,D9
2010,"Beaumont, Dublin 9",One bed,Apartment,746.15,D9
2010,"Drumcondra, Dublin 9",One bed,Apartment,733.2,D9
2010,"Glasnevin, Dublin 9",One bed,Apartment,775.33,D9
2010,"Santry, Dublin 9",One bed,Apartment,798.51,D9
2010,Dublin 10,One bed,Apartment,777.63,D10
2010,Dublin 11,One bed,Apartment,775.77,D11
2010,"Ballymun, Dublin 11",One bed,Apartment,732.85,D11
2010,"Finglas, Dublin 11",One bed,Apartment,757.42,D11
2010,"Glasnevin, Dublin 11",One bed,Apartment,816.62,D11
2010,Dublin 12,One bed,Apartment,813.97,D12
2010,"Crumlin, Dublin 12",One bed,Apartment,778.44,D12
2010,"Drimnagh, Dublin 12",One bed,Apartment,888.49,D12
2010,"Kimmage, Dublin 12",One bed,Apartment,760.91,D12
2010,Dublin 13,One bed,Apartment,843.92,D13
2010,"Baldoyle, Dublin 13",One bed,Apartment,808.13,D13
2010,"Clongriffin, Dublin 13",One bed,Apartment,860.46,D13
2010,Dublin 14,One bed,Apartment,909.58,D14
2010,"Clonskeagh, Dublin 14",One bed,Apartment,925.28,D14
2010,"Dundrum, Dublin 14",One bed,Apartment,950.37,D14
2010,"Rathfarnham, Dublin 14",One bed,Apartment,823.88,D14
2010,Dublin 15,One bed,Apartment,797.44,D15
2010,"Ashtown, Dublin 15",One bed,Apartment,833.07,D15
2010,"Blanchardstown, Dublin 15",One bed,Apartment,794.08,D15
2010,"Castleknock, Dublin 15",One bed,Apartment,862.94,D15
2010,"Clonsilla, Dublin 15",One bed,Apartment,724.5,D15
2010,"Ongar, Dublin 15",One bed,Apartment,710.0,D15
2010,"Royal Canal Park, Dublin 15",One bed,Apartment,836.57,D15
2010,Dublin 16,One bed,Apartment,883.92,D16
2010,"Dundrum, Dublin 16",One bed,Apartment,952.12,D16
2010,"Rathfarnham, Dublin 16",One bed,Apartment,824.51,D16
2010,Dublin 17,One bed,Apartment,782.74,D17
2010,"Malahide Road, Dublin 17",One bed,Apartment,805.21,D17
2010,"Northern Cross, Dublin 17",One bed,Apartment,790.15,D17
2010,Dublin 18,One bed,Apartment,930.0,D18
2010,"Cabinteely, Dublin 18",One bed,Apartment,925.29,D18
2010,"Carrickmines, Dublin 18",One bed,Apartment,914.64,D18
2010,"Sandyford, Dublin 18",One bed,Apartment,923.79,D18
2010,"Stepaside, Dublin 18",One bed,Apartment,891.41,D18
2010,Dublin 20,One bed,Apartment,758.38,D20
2010,"Chapelizod, Dublin 20",One bed,Apartment,781.67,D20
2010,Dublin 24,One bed,Apartment,758.24,D24
2010,"Tallaght, Dublin 24",One bed,Apartment,757.64,D24
2010,"Dun Laoghaire, Dublin",One bed,Other flats,659.55,D18
2010,Dublin 1,One bed,Other flats,608.27,D1
2010,Dublin 2,One bed,Other flats,719.03,D2
2010,Dublin 3,One bed,Other flats,590.34,D3
2010,"Clontarf, Dublin 3",One bed,Other flats,612.61,D3
2010,"Drumcondra, Dublin 3",One bed,Other flats,547.33,D3
2010,"Fairview, Dublin 3",One bed,Other flats,566.98,D3
2010,Dublin 4,One bed,Other flats,666.64,D4
2010,"Ballsbridge, Dublin 4",One bed,Other flats,661.54,D4
2010,"Donnybrook, Dublin 4",One bed,Other flats,595.71,D4
2010,Dublin 6,One bed,Other flats,599.69,D6
2010,"Harolds Cross, Dublin 6",One bed,Other flats,583.9,D6
2010,"Ranelagh, Dublin 6",One bed,Other flats,589.68,D6
2010,"Rathgar, Dublin 6",One bed,Other flats,608.11,D6
2010,"Rathmines, Dublin 6",One bed,Other flats,603.92,D6
2010,"Terenure, Dublin 6",One bed,Other flats,590.03,D6
2010,Dublin 6W,One bed,Other flats,585.65,D6W
2010,"Harolds Cross, Dublin 6W",One bed,Other flats,592.16,D6W
2010,"Terenure, Dublin 6W",One bed,Other flats,590.42,D6W
2010,Dublin 7,One bed,Other flats,553.85,D7
2010,"Cabra, Dublin 7",One bed,Other flats,590.21,D7
2010,"Phibsboro, Dublin 7",One bed,Other flats,530.54,D7
2010,Dublin 8,One bed,Other flats,574.13,D8
2010,"Kilmainham , Dublin 8",One bed,Other flats,675.47,D8
2010,"Portobello, Dublin 8",One bed,Other flats,571.57,D8
2010,"South Circular Road, Dublin 8",One bed,Other flats,608.62,D8
2010,Dublin 9,One bed,Other flats,553.39,D9
2010,"Drumcondra, Dublin 9",One bed,Other flats,555.5,D9
2010,"Glasnevin, Dublin 9",One bed,Other flats,503.52,D9
2010,Dublin 12,One bed,Other flats,599.01,D12
2010,"Kimmage, Dublin 12",One bed,Other flats,527.1,D12
2010,Dublin 4,Two bed,Detached house,1400.64,D4
2010,"Balbriggan, Dublin",Two bed,Semi detached house,796.94,D1
2010,"Blackrock, Dublin",Two bed,Semi detached house,1146.28,D18
2010,"Lucan, Dublin",Two bed,Semi detached house,940.31,D20
2010,"Swords, Dublin",Two bed,Semi detached house,924.73,D17
2010,Dublin 1,Two bed,Semi detached house,995.83,D1
2010,Dublin 3,Two bed,Semi detached house,1002.42,D3
2010,"East Wall, Dublin 3",Two bed,Semi detached house,919.68,D3
2010,Dublin 4,Two bed,Semi detached house,1299.51,D4
2010,"Ballsbridge, Dublin 4",Two bed,Semi detached house,1442.57,D4
2010,"Donnybrook, Dublin 4",Two bed,Semi detached house,1282.43,D4
2010,Dublin 5,Two bed,Semi detached house,1013.55,D5
2010,Dublin 6,Two bed,Semi detached house,1133.89,D6
2010,"Ranelagh, Dublin 6",Two bed,Semi detached house,1265.75,D6
2010,"Rathmines, Dublin 6",Two bed,Semi detached house,1042.3,D6
2010,Dublin 7,Two bed,Semi detached house,951.73,D7
2010,"Cabra, Dublin 7",Two bed,Semi detached house,950.5,D7
2010,Dublin 8,Two bed,Semi detached house,1007.45,D8
2010,Dublin 9,Two bed,Semi detached house,1001.8,D9
2010,Dublin 10,Two bed,Semi detached house,942.87,D10
2010,Dublin 11,Two bed,Semi detached house,937.87,D11
2010,"Finglas, Dublin 11",Two bed,Semi detached house,906.62,D11
2010,Dublin 12,Two bed,Semi detached house,984.41,D12
2010,"Crumlin, Dublin 12",Two bed,Semi detached house,937.37,D12
2010,"Drimnagh, Dublin 12",Two bed,Semi detached house,999.19,D12
2010,Dublin 13,Two bed,Semi detached house,1014.19,D13
2010,Dublin 14,Two bed,Semi detached house,1120.81,D14
2010,Dublin 15,Two bed,Semi detached house,908.48,D15
2010,Dublin 24,Two bed,Semi detached house,934.18,D24
2010,"Tallaght, Dublin 24",Two bed,Semi detached house,922.26,D24
2010,"Balbriggan, Dublin",Two bed,Terrace house,785.74,D1
2010,"Blackrock, Dublin",Two bed,Terrace house,1117.96,D18
2010,"Dun Laoghaire, Dublin",Two bed,Terrace house,1082.81,D18
2010,"Lucan, Dublin",Two bed,Terrace house,903.81,D20
2010,"Monkstown, Dublin",Two bed,Terrace house,1111.34,D18
2010,"Swords, Dublin",Two bed,Terrace house,938.6,D17
2010,Dublin 1,Two bed,Terrace house,974.66,D1
2010,Dublin 2,Two bed,Terrace house,2084.02,D2
2010,Dublin 3,Two bed,Terrace house,934.33,D3
2010,"Clontarf, Dublin 3",Two bed,Terrace house,1084.19,D3
2010,"Drumcondra, Dublin 3",Two bed,Terrace house,976.36,D3
2010,"East Wall, Dublin 3",Two bed,Terrace house,902.6,D3
2010,Dublin 4,Two bed,Terrace house,1205.64,D4
2010,"Ballsbridge, Dublin 4",Two bed,Terrace house,1282.61,D4
2010,"Donnybrook, Dublin 4",Two bed,Terrace house,1219.33,D4
2010,"Ringsend, Dublin 4",Two bed,Terrace house,1035.77,D4
2010,"Sandymount, Dublin 4",Two bed,Terrace house,1188.65,D4
2010,Dublin 5,Two bed,Terrace house,1001.67,D5
2010,Dublin 6,Two bed,Terrace house,1193.97,D6
2010,"Harolds Cross, Dublin 6",Two bed,Terrace house,1046.79,D6
2010,"Milltown, Dublin 6",Two bed,Terrace house,1183.14,D6
2010,"Ranelagh, Dublin 6",Two bed,Terrace house,1312.85,D6
2010,"Rathgar, Dublin 6",Two bed,Terrace house,1204.33,D6
2010,"Rathmines, Dublin 6",Two bed,Terrace house,1138.37,D6
2010,Dublin 6W,Two bed,Terrace house,1033.67,D6W
2010,Dublin 7,Two bed,Terrace house,956.69,D7
2010,"Cabra, Dublin 7",Two bed,Terrace house,987.3,D7
2010,"Phibsboro, Dublin 7",Two bed,Terrace house,944.39,D7
2010,"Stoneybatter, Dublin 7",Two bed,Terrace house,985.34,D7
2010,Dublin 8,Two bed,Terrace house,1016.66,D8
2010,"Inchicore, Dublin 8",Two bed,Terrace house,907.82,D8
2010,"Kilmainham , Dublin 8",Two bed,Terrace house,978.89,D8
2010,"Portobello, Dublin 8",Two bed,Terrace house,1197.08,D8
2010,Dublin 9,Two bed,Terrace house,970.95,D9
2010,"Drumcondra, Dublin 9",Two bed,Terrace house,989.68,D9
2010,Dublin 10,Two bed,Terrace house,909.85,D10
2010,"Ballyfermot, Dublin 10",Two bed,Terrace house,926.5,D10
2010,Dublin 11,Two bed,Terrace house,956.27,D11
2010,"Finglas, Dublin 11",Two bed,Terrace house,948.26,D11
2010,Dublin 12,Two bed,Terrace house,952.96,D12
2010,"Crumlin, Dublin 12",Two bed,Terrace house,935.72,D12
2010,"Drimnagh, Dublin 12",Two bed,Terrace house,945.41,D12
2010,"Kimmage, Dublin 12",Two bed,Terrace house,991.31,D12
2010,Dublin 13,Two bed,Terrace house,1002.88,D13
2010,Dublin 14,Two bed,Terrace house,1134.42,D14
2010,"Dundrum, Dublin 14",Two bed,Terrace house,1188.37,D14
2010,"Rathfarnham, Dublin 14",Two bed,Terrace house,1077.12,D14
2010,Dublin 15,Two bed,Terrace house,907.13,D15
2010,"Clonee, Dublin 15",Two bed,Terrace house,894.89,D15
2010,"Clonsilla, Dublin 15",Two bed,Terrace house,890.56,D15
2010,Dublin 16,Two bed,Terrace house,1061.35,D16
2010,"Dundrum, Dublin 16",Two bed,Terrace house,1181.63,D16
2010,"Rathfarnham, Dublin 16",Two bed,Terrace house,1057.95,D16
2010,Dublin 18,Two bed,Terrace house,1133.97,D18
2010,Dublin 20,Two bed,Terrace house,964.29,D20
2010,Dublin 24,Two bed,Terrace house,924.39,D24
2010,"Balbriggan, Dublin",Two bed,Apartment,728.78,D1
2010,"Blackrock, Dublin",Two bed,Apartment,1141.45,D18
2010,"Booterstown, Dublin",Two bed,Apartment,1191.9,D4
2010,"Dalkey, Dublin",Two bed,Apartment,1284.43,D18
2010,"Donabate, Dublin",Two bed,Apartment,836.83,D13
2010,"Dun Laoghaire, Dublin",Two bed,Apartment,1165.64,D18
2010,"Howth, Dublin",Two bed,Apartment,1164.36,D13
2010,"Killiney, Dublin",Two bed,Apartment,1448.63,D18
2010,"Kinsealy, Dublin",Two bed,Apartment,892.83,D17
2010,"Lucan, Dublin",Two bed,Apartment,899.11,D20
2010,"Malahide, Dublin",Two bed,Apartment,1131.47,D17
2010,"Monkstown, Dublin",Two bed,Apartment,1055.18,D18
2010,"Portmarnock, Dublin",Two bed,Apartment,1004.62,D13
2010,"Rathcoole, Dublin",Two bed,Apartment,856.84,D24
2010,"Rush, Dublin",Two bed,Apartment,801.78,D1
2010,"Saggart, Dublin",Two bed,Apartment,953.95,D24
2010,"Sandycove, Dublin",Two bed,Apartment,1060.0,D18
2010,"Shankill, Dublin",Two bed,Apartment,1009.87,D18
2010,"Skerries, Dublin",Two bed,Apartment,849.78,D1
2010,"Stillorgan, Dublin",Two bed,Apartment,1168.68,D18
2010,"Swords, Dublin",Two bed,Apartment,894.2,D17
2010,Dublin 1,Two bed,Apartment,1102.82,D1
2010,"I.F.S.C., Dublin 1",Two bed,Apartment,1201.6,D1
2010,"Parnell Street, Dublin 1",Two bed,Apartment,1164.65,D1
2010,"Spencer Dock, Dublin 1",Two bed,Apartment,1319.41,D1
2010,"Summerhill, Dublin 1",Two bed,Apartment,1095.51,D1
2010,Dublin 2,Two bed,Apartment,1244.8,D2
2010,"Charlemont Street, Dublin 2",Two bed,Apartment,1195.92,D2
2010,"Grand Canal Dock, Dublin 2",Two bed,Apartment,1505.9,D2
2010,"Grand Canal Square, Dublin 2",Two bed,Apartment,1564.52,D2
2010,"Hanover Quay, Dublin 2",Two bed,Apartment,1676.97,D2
2010,"Lower Mount Street, Dublin 2",Two bed,Apartment,1096.76,D2
2010,"Pearse Street, Dublin 2",Two bed,Apartment,1095.29,D2
2010,"Temple Bar, Dublin 2",Two bed,Apartment,1164.18,D2
2010,"Townsend Street, Dublin 2",Two bed,Apartment,1260.35,D2
2010,Dublin 3,Two bed,Apartment,1043.66,D3
2010,"Clontarf, Dublin 3",Two bed,Apartment,1065.94,D3
2010,"Drumcondra, Dublin 3",Two bed,Apartment,1042.44,D3
2010,"East Wall, Dublin 3",Two bed,Apartment,985.9,D3
2010,"Fairview, Dublin 3",Two bed,Apartment,1024.11,D3
2010,Dublin 4,Two bed,Apartment,1277.68,D4
2010,"Ballsbridge, Dublin 4",Two bed,Apartment,1385.63,D4
2010,"Donnybrook, Dublin 4",Two bed,Apartment,1253.7,D4
2010,"Merrion, Dublin 4",Two bed,Apartment,1300.29,D4
2010,"Pembroke, Dublin 4",Two bed,Apartment,1274.73,D4
2010,"Ringsend, Dublin 4",Two bed,Apartment,1170.73,D4
2010,"Sandymount, Dublin 4",Two bed,Apartment,1277.1,D4
2010,Dublin 5,Two bed,Apartment,1013.5,D5
2010,"Artane, Dublin 5",Two bed,Apartment,989.81,D5
2010,"Killester, Dublin 5",Two bed,Apartment,952.33,D5
2010,"Raheny, Dublin 5",Two bed,Apartment,1077.58,D5
2010,Dublin 6,Two bed,Apartment,1103.87,D6
2010,"Dartry, Dublin 6",Two bed,Apartment,1133.86,D6
2010,"Harolds Cross, Dublin 6",Two bed,Apartment,991.47,D6
2010,"Milltown, Dublin 6",Two bed,Apartment,1230.23,D6
2010,"Ranelagh, Dublin 6",Two bed,Apartment,1090.61,D6
2010,"Rathgar, Dublin 6",Two bed,Apartment,1058.24,D6
2010,"Rathmines, Dublin 6",Two bed,Apartment,1072.09,D6
2010,"Terenure, Dublin 6",Two bed,Apartment,1062.12,D6
2010,Dublin 6W,Two bed,Apartment,1107.53,D6W
2010,"Templeogue, Dublin 6W",Two bed,Apartment,1037.86,D6W
2010,"Terenure, Dublin 6W",Two bed,Apartment,1140.48,D6W
2010,Dublin 7,Two bed,Apartment,1013.76,D7
2010,"Navan Road, Dublin 7",Two bed,Apartment,990.95,D7
2010,"North Circular Road, Dublin 7",Two bed,Apartment,1019.28,D7
2010,"Phibsboro, Dublin 7",Two bed,Apartment,941.13,D7
2010,"Smithfield, Dublin 7",Two bed,Apartment,1118.47,D7
2010,Dublin 8,Two bed,Apartment,1004.26,D8
2010,"Christchurch, Dublin 8",Two bed,Apartment,1017.26,D8
2010,"Cork Street, Dublin 8",Two bed,Apartment,1054.58,D8
2010,"Inchicore, Dublin 8",Two bed,Apartment,988.31,D8
2010,"Islandbridge, Dublin 8",Two bed,Apartment,982.66,D8
2010,"Kilmainham , Dublin 8",Two bed,Apartment,1024.71,D8
2010,"Portobello, Dublin 8",Two bed,Apartment,1015.81,D8
2010,"Rialto, Dublin 8",Two bed,Apartment,944.59,D8
2010,"South Circular Road, Dublin 8",Two bed,Apartment,974.61,D8
2010,Dublin 9,Two bed,Apartment,943.91,D9
2010,"Ballymun, Dublin 9",Two bed,Apartment,802.0,D9
2010,"Beaumont, Dublin 9",Two bed,Apartment,904.3,D9
2010,"Drumcondra, Dublin 9",Two bed,Apartment,1044.21,D9
2010,"Glasnevin, Dublin 9",Two bed,Apartment,1003.22,D9
2010,"Santry, Dublin 9",Two bed,Apartment,942.83,D9
2010,"Whitehall, Dublin 9",Two bed,Apartment,708.92,D9
2010,Dublin 10,Two bed,Apartment,912.24,D10
2010,"Ballyfermot, Dublin 10",Two bed,Apartment,945.14,D10
2010,"Cherry Orchard, Dublin 10",Two bed,Apartment,874.51,D10
2010,Dublin 11,Two bed,Apartment,915.47,D11
2010,"Ballymun, Dublin 11",Two bed,Apartment,797.75,D11
2010,"Finglas, Dublin 11",Two bed,Apartment,934.78,D11
2010,"Glasnevin, Dublin 11",Two bed,Apartment,1005.92,D11
2010,"Meakstown, Dublin 11",Two bed,Apartment,913.9,D11
2010,"St Margarets Road, Dublin 11",Two bed,Apartment,1014.22,D11
2010,Dublin 12,Two bed,Apartment,973.13,D12
2010,"Crumlin, Dublin 12",Two bed,Apartment,918.13,D12
2010,"Drimnagh, Dublin 12",Two bed,Apartment,1085.95,D12
2010,"Kimmage, Dublin 12",Two bed,Apartment,932.46,D12
2010,Dublin 13,Two bed,Apartment,1003.65,D13
2010,"Baldoyle, Dublin 13",Two bed,Apartment,955.51,D13
2010,"Clongriffin, Dublin 13",Two bed,Apartment,1014.9,D13
2010,"Donaghmede, Dublin 13",Two bed,Apartment,957.01,D13
2010,"Sutton, Dublin 13",Two bed,Apartment,1210.69,D13
2010,Dublin 14,Two bed,Apartment,1126.83,D14
2010,"Clonskeagh, Dublin 14",Two bed,Apartment,1103.1,D14
2010,"Dundrum, Dublin 14",Two bed,Apartment,1154.82,D14
2010,"Goatstown, Dublin 14",Two bed,Apartment,1203.59,D14
2010,"Rathfarnham, Dublin 14",Two bed,Apartment,1046.21,D14
2010,Dublin 15,Two bed,Apartment,943.96,D15
2010,"Ashtown, Dublin 15",Two bed,Apartment,991.42,D15
2010,"Blanchardstown, Dublin 15",Two bed,Apartment,911.73,D15
2010,"Carpenterstown, Dublin 15",Two bed,Apartment,919.42,D15
2010,"Castleknock, Dublin 15",Two bed,Apartment,1020.59,D15
2010,"Clonee, Dublin 15",Two bed,Apartment,832.79,D15
2010,"Clonsilla, Dublin 15",Two bed,Apartment,893.66,D15
2010,"Coolmine, Dublin 15",Two bed,Apartment,921.0,D15
2010,"Mulhuddart, Dublin 15",Two bed,Apartment,841.37,D15
2010,"Ongar, Dublin 15",Two bed,Apartment,869.12,D15
2010,"Porterstown, Dublin 15",Two bed,Apartment,969.29,D15
2010,"Royal Canal Park, Dublin 15",Two bed,Apartment,992.83,D15
2010,"Tyrrelstown, Dublin 15",Two bed,Apartment,836.97,D15
2010,Dublin 16,Two bed,Apartment,1103.29,D16
2010,"Ballinteer, Dublin 16",Two bed,Apartment,1104.14,D16
2010,"Dundrum, Dublin 16",Two bed,Apartment,1167.55,D16
2010,"Rathfarnham, Dublin 16",Two bed,Apartment,1049.43,D16
2010,Dublin 17,Two bed,Apartment,986.56,D17
2010,"Malahide Road, Dublin 17",Two bed,Apartment,969.89,D17
2010,"Northern Cross, Dublin 17",Two bed,Apartment,1029.95,D17
2010,Dublin 18,Two bed,Apartment,1122.95,D18
2010,"Cabinteely, Dublin 18",Two bed,Apartment,1060.46,D18
2010,"Carrickmines, Dublin 18",Two bed,Apartment,1088.2,D18
2010,"Foxrock, Dublin 18",Two bed,Apartment,1443.5,D18
2010,"Leopardstown, Dublin 18",Two bed,Apartment,1210.63,D18
2010,"Sandyford, Dublin 18",Two bed,Apartment,1138.52,D18
2010,"Stepaside, Dublin 18",Two bed,Apartment,1024.44,D18
2010,Dublin 20,Two bed,Apartment,959.61,D20
2010,"Chapelizod, Dublin 20",Two bed,Apartment,955.22,D20
2010,Dublin 24,Two bed,Apartment,916.63,D24
2010,"Ballycullen, Dublin 24",Two bed,Apartment,964.93,D24
2010,"Citywest, Dublin 24",Two bed,Apartment,900.81,D24
2010,"Firhouse, Dublin 24",Two bed,Apartment,923.95,D24
2010,"Tallaght, Dublin 24",Two bed,Apartment,916.3,D24
2010,Dublin 1,Two bed,Other flats,822.72,D1
2010,Dublin 2,Two bed,Other flats,1142.48,D2
2010,Dublin 3,Two bed,Other flats,758.39,D3
2010,"Drumcondra, Dublin 3",Two bed,Other flats,719.19,D3
2010,Dublin 4,Two bed,Other flats,979.06,D4
2010,Dublin 6,Two bed,Other flats,831.37,D6
2010,"Ranelagh, Dublin 6",Two bed,Other flats,872.96,D6
2010,"Rathgar, Dublin 6",Two bed,Other flats,849.35,D6
2010,"Rathmines, Dublin 6",Two bed,Other flats,806.72,D6
2010,Dublin 7,Two bed,Other flats,761.06,D7
2010,"Phibsboro, Dublin 7",Two bed,Other flats,716.42,D7
2010,Dublin 8,Two bed,Other flats,785.12,D8
2010,Dublin 9,Two bed,Other flats,733.41,D9
2010,"Drumcondra, Dublin 9",Two bed,Other flats,702.44,D9
2010,Dublin 4,Three bed,Detached house,1861.48,D4
2010,Dublin 6,Three bed,Detached house,1675.0,D6
2010,Dublin 13,Three bed,Detached house,1241.62,D13
2010,Dublin 15,Three bed,Detached house,1069.5,D15
2010,Dublin 18,Three bed,Detached house,1330.83,D18
2010,Dublin 24,Three bed,Detached house,1045.96,D24
2010,"Balbriggan, Dublin",Three bed,Semi detached house,924.6,D1
2010,"Blackrock, Dublin",Three bed,Semi detached house,1373.08,D18
2010,"Donabate, Dublin",Three bed,Semi detached house,1045.86,D13
2010,"Dun Laoghaire, Dublin",Three bed,Semi detached house,1334.72,D18
2010,"Killiney, Dublin",Three bed,Semi detached house,1258.68,D18
2010,"Kinsealy, Dublin",Three bed,Semi detached house,1034.96,D17
2010,"Lucan, Dublin",Three bed,Semi detached house,1035.36,D20
2010,"Lusk, Dublin",Three bed,Semi detached house,998.31,D1
2010,"Malahide, Dublin",Three bed,Semi detached house,1330.79,D17
2010,"Rush, Dublin",Three bed,Semi detached house,948.0,D1
2010,"Shankill, Dublin",Three bed,Semi detached house,1161.25,D18
2010,"Skerries, Dublin",Three bed,Semi detached house,997.23,D1
2010,"Stillorgan, Dublin",Three bed,Semi detached house,1376.87,D18
2010,"Swords, Dublin",Three bed,Semi detached house,1035.88,D17
2010,Dublin 1,Three bed,Semi detached house,1064.71,D1
2010,Dublin 3,Three bed,Semi detached house,1179.07,D3
2010,"Clontarf, Dublin 3",Three bed,Semi detached house,1301.81,D3
2010,"Drumcondra, Dublin 3",Three bed,Semi detached house,1180.86,D3
2010,Dublin 4,Three bed,Semi detached house,1804.18,D4
2010,"Ballsbridge, Dublin 4",Three bed,Semi detached house,1840.69,D4
2010,"Donnybrook, Dublin 4",Three bed,Semi detached house,1795.86,D4
2010,"Sandymount, Dublin 4",Three bed,Semi detached house,1815.57,D4
2010,Dublin 5,Three bed,Semi detached house,1113.17,D5
2010,"Artane, Dublin 5",Three bed,Semi detached house,1118.99,D5
2010,"Killester, Dublin 5",Three bed,Semi detached house,1129.25,D5
2010,"Raheny, Dublin 5",Three bed,Semi detached house,1124.29,D5
2010,Dublin 6,Three bed,Semi detached house,1535.93,D6
2010,"Harolds Cross, Dublin 6",Three bed,Semi detached house,1215.92,D6
2010,"Ranelagh, Dublin 6",Three bed,Semi detached house,1791.3,D6
2010,"Rathgar, Dublin 6",Three bed,Semi detached house,1479.81,D6
2010,"Rathmines, Dublin 6",Three bed,Semi detached house,1444.71,D6
2010,Dublin 6W,Three bed,Semi detached house,1221.58,D6W
2010,"Harolds Cross, Dublin 6W",Three bed,Semi detached house,1241.62,D6W
2010,"Templeogue, Dublin 6W",Three bed,Semi detached house,1180.57,D6W
2010,"Terenure, Dublin 6W",Three bed,Semi detached house,1258.69,D6W
2010,Dublin 7,Three bed,Semi detached house,1131.2,D7
2010,"Cabra, Dublin 7",Three bed,Semi detached house,1059.05,D7
2010,"Navan Road, Dublin 7",Three bed,Semi detached house,1098.81,D7
2010,"Phibsboro, Dublin 7",Three bed,Semi detached house,1193.27,D7
2010,Dublin 8,Three bed,Semi detached house,1162.44,D8
2010,"Inchicore, Dublin 8",Three bed,Semi detached house,1072.81,D8
2010,Dublin 9,Three bed,Semi detached house,1106.84,D9
2010,"Beaumont, Dublin 9",Three bed,Semi detached house,1080.49,D9
2010,"Drumcondra, Dublin 9",Three bed,Semi detached house,1193.37,D9
2010,"Glasnevin, Dublin 9",Three bed,Semi detached house,1090.5,D9
2010,"Santry, Dublin 9",Three bed,Semi detached house,1069.49,D9
2010,"Whitehall, Dublin 9",Three bed,Semi detached house,1080.98,D9
2010,Dublin 10,Three bed,Semi detached house,1080.3,D10
2010,"Ballyfermot, Dublin 10",Three bed,Semi detached house,1066.67,D10
2010,Dublin 11,Three bed,Semi detached house,1047.25,D11
2010,"Finglas, Dublin 11",Three bed,Semi detached house,1005.19,D11
2010,"Glasnevin, Dublin 11",Three bed,Semi detached house,1112.5,D11
2010,Dublin 12,Three bed,Semi detached house,1068.77,D12
2010,"Crumlin, Dublin 12",Three bed,Semi detached house,1057.38,D12
2010,"Drimnagh, Dublin 12",Three bed,Semi detached house,1046.34,D12
2010,"Kimmage, Dublin 12",Three bed,Semi detached house,1122.73,D12
2010,"Walkinstown, Dublin 12",Three bed,Semi detached house,1080.78,D12
2010,Dublin 13,Three bed,Semi detached house,1078.38,D13
2010,"Donaghmede, Dublin 13",Three bed,Semi detached house,1061.67,D13
2010,Dublin 14,Three bed,Semi detached house,1325.72,D14
2010,"Churchtown, Dublin 14",Three bed,Semi detached house,1308.5,D14
2010,"Clonskeagh, Dublin 14",Three bed,Semi detached house,1458.28,D14
2010,"Dundrum, Dublin 14",Three bed,Semi detached house,1314.51,D14
2010,"Rathfarnham, Dublin 14",Three bed,Semi detached house,1244.2,D14
2010,Dublin 15,Three bed,Semi detached house,1030.37,D15
2010,"Blanchardstown, Dublin 15",Three bed,Semi detached house,1030.91,D15
2010,"Carpenterstown, Dublin 15",Three bed,Semi detached house,1080.64,D15
2010,"Castleknock, Dublin 15",Three bed,Semi detached house,1063.43,D15
2010,"Clonee, Dublin 15",Three bed,Semi detached house,1035.15,D15
2010,"Clonsilla, Dublin 15",Three bed,Semi detached house,1007.54,D15
2010,"Mulhuddart, Dublin 15",Three bed,Semi detached house,984.77,D15
2010,"Tyrrelstown, Dublin 15",Three bed,Semi detached house,1029.52,D15
2010,Dublin 16,Three bed,Semi detached house,1187.28,D16
2010,"Ballinteer, Dublin 16",Three bed,Semi detached house,1198.06,D16
2010,"Dundrum, Dublin 16",Three bed,Semi detached house,1315.95,D16
2010,"Knocklyon, Dublin 16",Three bed,Semi detached house,1152.0,D16
2010,"Rathfarnham, Dublin 16",Three bed,Semi detached house,1203.48,D16
2010,Dublin 17,Three bed,Semi detached house,1081.15,D17
2010,Dublin 18,Three bed,Semi detached house,1243.03,D18
2010,"Cabinteely, Dublin 18",Three bed,Semi detached house,1208.47,D18
2010,"Foxrock, Dublin 18",Three bed,Semi detached house,1397.06,D18
2010,"Leopardstown, Dublin 18",Three bed,Semi detached house,1208.38,D18
2010,"Sandyford, Dublin 18",Three bed,Semi detached house,1212.43,D18
2010,Dublin 20,Three bed,Semi detached house,1053.07,D20
2010,"Palmerstown, Dublin 20",Three bed,Semi detached house,1041.48,D20
2010,Dublin 24,Three bed,Semi detached house,1031.66,D24
2010,"Ballycullen, Dublin 24",Three bed,Semi detached house,1115.29,D24
2010,"Citywest, Dublin 24",Three bed,Semi detached house,1101.0,D24
2010,"Firhouse, Dublin 24",Three bed,Semi detached house,1091.8,D24
2010,"Tallaght, Dublin 24",Three bed,Semi detached house,1009.46,D24
2010,"Balbriggan, Dublin",Three bed,Terrace house,899.9,D1
2010,"Blackrock, Dublin",Three bed,Terrace house,1370.18,D18
2010,"Dun Laoghaire, Dublin",Three bed,Terrace house,1363.5,D18
2010,"Lucan, Dublin",Three bed,Terrace house,1013.35,D20
2010,"Lusk, Dublin",Three bed,Terrace house,930.91,D1
2010,"Malahide, Dublin",Three bed,Terrace house,1242.9,D17
2010,"Stillorgan, Dublin",Three bed,Terrace house,1432.29,D18
2010,"Swords, Dublin",Three bed,Terrace house,1040.94,D17
2010,Dublin 1,Three bed,Terrace house,1098.03,D1
2010,Dublin 2,Three bed,Terrace house,1514.73,D2
2010,Dublin 3,Three bed,Terrace house,1173.06,D3
2010,"Clontarf, Dublin 3",Three bed,Terrace house,1312.19,D3
2010,"Drumcondra, Dublin 3",Three bed,Terrace house,1169.34,D3
2010,"East Wall, Dublin 3",Three bed,Terrace house,1081.28,D3
2010,"Marino, Dublin 3",Three bed,Terrace house,1143.24,D3
2010,Dublin 4,Three bed,Terrace house,1660.04,D4
2010,"Ballsbridge, Dublin 4",Three bed,Terrace house,1873.2,D4
2010,"Donnybrook, Dublin 4",Three bed,Terrace house,1705.96,D4
2010,"Ringsend, Dublin 4",Three bed,Terrace house,1279.19,D4
2010,"Sandymount, Dublin 4",Three bed,Terrace house,1735.99,D4
2010,Dublin 5,Three bed,Terrace house,1100.33,D5
2010,"Artane, Dublin 5",Three bed,Terrace house,1096.69,D5
2010,"Raheny, Dublin 5",Three bed,Terrace house,1146.58,D5
2010,Dublin 6,Three bed,Terrace house,1519.24,D6
2010,"Harolds Cross, Dublin 6",Three bed,Terrace house,1186.3,D6
2010,"Milltown, Dublin 6",Three bed,Terrace house,1350.16,D6
2010,"Ranelagh, Dublin 6",Three bed,Terrace house,1715.25,D6
2010,"Rathgar, Dublin 6",Three bed,Terrace house,1388.8,D6
2010,"Rathmines, Dublin 6",Three bed,Terrace house,1516.88,D6
2010,Dublin 6W,Three bed,Terrace house,1187.8,D6W
2010,"Harolds Cross, Dublin 6W",Three bed,Terrace house,1193.26,D6W
2010,"Terenure, Dublin 6W",Three bed,Terrace house,1225.52,D6W
2010,Dublin 7,Three bed,Terrace house,1085.03,D7
2010,"Cabra, Dublin 7",Three bed,Terrace house,1076.08,D7
2010,"Navan Road, Dublin 7",Three bed,Terrace house,1173.5,D7
2010,"Phibsboro, Dublin 7",Three bed,Terrace house,1064.93,D7
2010,Dublin 8,Three bed,Terrace house,1205.7,D8
2010,"Inchicore, Dublin 8",Three bed,Terrace house,983.48,D8
2010,"Kilmainham , Dublin 8",Three bed,Terrace house,1132.21,D8
2010,Dublin 9,Three bed,Terrace house,1117.42,D9
2010,"Drumcondra, Dublin 9",Three bed,Terrace house,1168.97,D9
2010,"Glasnevin, Dublin 9",Three bed,Terrace house,1144.37,D9
2010,"Whitehall, Dublin 9",Three bed,Terrace house,1026.89,D9
2010,Dublin 10,Three bed,Terrace house,1003.57,D10
2010,"Ballyfermot, Dublin 10",Three bed,Terrace house,1004.45,D10
2010,Dublin 11,Three bed,Terrace house,1029.82,D11
2010,"Finglas, Dublin 11",Three bed,Terrace house,1016.75,D11
2010,"Glasnevin, Dublin 11",Three bed,Terrace house,1115.0,D11
2010,Dublin 12,Three bed,Terrace house,1057.15,D12
2010,"Crumlin, Dublin 12",Three bed,Terrace house,1022.32,D12
2010,"Drimnagh, Dublin 12",Three bed,Terrace house,1014.98,D12
2010,"Kimmage, Dublin 12",Three bed,Terrace house,1099.91,D12
2010,"Walkinstown, Dublin 12",Three bed,Terrace house,1146.47,D12
2010,Dublin 13,Three bed,Terrace house,1087.05,D13
2010,"Baldoyle, Dublin 13",Three bed,Terrace house,1096.53,D13
2010,"Sutton, Dublin 13",Three bed,Terrace house,1112.32,D13
2010,Dublin 14,Three bed,Terrace house,1298.92,D14
2010,"Dundrum, Dublin 14",Three bed,Terrace house,1330.57,D14
2010,"Rathfarnham, Dublin 14",Three bed,Terrace house,1142.18,D14
2010,Dublin 15,Three bed,Terrace house,1033.74,D15
2010,"Blanchardstown, Dublin 15",Three bed,Terrace house,1012.86,D15
2010,"Castleknock, Dublin 15",Three bed,Terrace house,1033.19,D15
2010,"Clonsilla, Dublin 15",Three bed,Terrace house,1011.1,D15
2010,"Mulhuddart, Dublin 15",Three bed,Terrace house,953.34,D15
2010,"Ongar, Dublin 15",Three bed,Terrace house,1055.84,D15
2010,"Tyrrelstown, Dublin 15",Three bed,Terrace house,1048.2,D15
2010,Dublin 16,Three bed,Terrace house,1161.98,D16
2010,"Dundrum, Dublin 16",Three bed,Terrace house,1317.33,D16
2010,"Rathfarnham, Dublin 16",Three bed,Terrace house,1139.67,D16
2010,Dublin 17,Three bed,Terrace house,1030.37,D17
2010,Dublin 18,Three bed,Terrace house,1342.33,D18
2010,Dublin 20,Three bed,Terrace house,1026.4,D20
2010,Dublin 24,Three bed,Terrace house,1013.04,D24
2010,"Tallaght, Dublin 24",Three bed,Terrace house,996.59,D24
2010,"Balbriggan, Dublin",Three bed,Apartment,902.4,D1
2010,"Blackrock, Dublin",Three bed,Apartment,1498.41,D18
2010,"Dun Laoghaire, Dublin",Three bed,Apartment,1662.81,D18
2010,"Lucan, Dublin",Three bed,Apartment,988.05,D20
2010,"Malahide, Dublin",Three bed,Apartment,1264.86,D17
2010,"Stillorgan, Dublin",Three bed,Apartment,1473.63,D18
2010,"Swords, Dublin",Three bed,Apartment,1066.8,D17
2010,Dublin 1,Three bed,Apartment,1367.19,D1
2010,Dublin 2,Three bed,Apartment,1576.98,D2
2010,Dublin 3,Three bed,Apartment,1271.52,D3
2010,"Clontarf, Dublin 3",Three bed,Apartment,1331.58,D3
2010,"Drumcondra, Dublin 3",Three bed,Apartment,1422.93,D3
2010,Dublin 4,Three bed,Apartment,1674.43,D4
2010,"Ballsbridge, Dublin 4",Three bed,Apartment,1796.52,D4
2010,"Pembroke, Dublin 4",Three bed,Apartment,1518.94,D4
2010,"Ringsend, Dublin 4",Three bed,Apartment,1589.33,D4
2010,"Sandymount, Dublin 4",Three bed,Apartment,1830.83,D4
2010,Dublin 6,Three bed,Apartment,1363.04,D6
2010,"Milltown, Dublin 6",Three bed,Apartment,1431.63,D6
2010,"Ranelagh, Dublin 6",Three bed,Apartment,1463.77,D6
2010,"Rathmines, Dublin 6",Three bed,Apartment,1364.37,D6
2010,Dublin 6W,Three bed,Apartment,1335.68,D6W
2010,"Terenure, Dublin 6W",Three bed,Apartment,1436.62,D6W
2010,Dublin 7,Three bed,Apartment,1298.11,D7
2010,"Smithfield, Dublin 7",Three bed,Apartment,1492.86,D7
2010,Dublin 8,Three bed,Apartment,1327.64,D8
2010,"Inchicore, Dublin 8",Three bed,Apartment,1222.5,D8
2010,"Kilmainham , Dublin 8",Three bed,Apartment,1432.81,D8
2010,"South Circular Road, Dublin 8",Three bed,Apartment,1312.74,D8
2010,Dublin 9,Three bed,Apartment,1221.94,D9
2010,"Drumcondra, Dublin 9",Three bed,Apartment,1424.56,D9
2010,"Santry, Dublin 9",Three bed,Apartment,1126.6,D9
2010,Dublin 11,Three bed,Apartment,1071.35,D11
2010,"Finglas, Dublin 11",Three bed,Apartment,1083.26,D11
2010,"Meakstown, Dublin 11",Three bed,Apartment,1115.3,D11
2010,Dublin 12,Three bed,Apartment,1200.79,D12
2010,"Drimnagh, Dublin 12",Three bed,Apartment,1274.72,D12
2010,Dublin 13,Three bed,Apartment,1149.86,D13
2010,"Clongriffin, Dublin 13",Three bed,Apartment,1123.68,D13
2010,Dublin 14,Three bed,Apartment,1464.68,D14
2010,"Dundrum, Dublin 14",Three bed,Apartment,1595.27,D14
2010,Dublin 15,Three bed,Apartment,1072.62,D15
2010,"Ashtown, Dublin 15",Three bed,Apartment,1143.36,D15
2010,"Blanchardstown, Dublin 15",Three bed,Apartment,1056.09,D15
2010,"Castleknock, Dublin 15",Three bed,Apartment,1129.0,D15
2010,"Royal Canal Park, Dublin 15",Three bed,Apartment,1106.22,D15
2010,"Tyrrelstown, Dublin 15",Three bed,Apartment,977.03,D15
2010,Dublin 16,Three bed,Apartment,1333.58,D16
2010,"Dundrum, Dublin 16",Three bed,Apartment,1569.62,D16
2010,"Rathfarnham, Dublin 16",Three bed,Apartment,1241.51,D16
2010,Dublin 18,Three bed,Apartment,1325.99,D18
2010,"Cabinteely, Dublin 18",Three bed,Apartment,1242.72,D18
2010,"Sandyford, Dublin 18",Three bed,Apartment,1300.43,D18
2010,Dublin 20,Three bed,Apartment,1136.25,D20
2010,"Chapelizod, Dublin 20",Three bed,Apartment,1161.25,D20
2010,Dublin 24,Three bed,Apartment,1058.77,D24
2010,"Citywest, Dublin 24",Three bed,Apartment,1050.67,D24
2010,"Tallaght, Dublin 24",Three bed,Apartment,1066.38,D24
2010,Dublin 6,Three bed,Other flats,1065.52,D6
2010,"Rathmines, Dublin 6",Three bed,Other flats,990.82,D6
2010,"Blackrock, Dublin",Four plus bed,Detached house,1949.13,D18
2010,"Lucan, Dublin",Four plus bed,Detached house,1215.11,D20
2010,"Malahide, Dublin",Four plus bed,Detached house,2123.61,D17
2010,"Stillorgan, Dublin",Four plus bed,Detached house,1693.69,D18
2010,Dublin 4,Four plus bed,Detached house,2381.64,D4
2010,Dublin 6,Four plus bed,Detached house,2078.24,D6
2010,Dublin 13,Four plus bed,Detached house,1742.86,D13
2010,Dublin 14,Four plus bed,Detached house,1906.78,D14
2010,Dublin 15,Four plus bed,Detached house,1383.69,D15
2010,"Castleknock, Dublin 15",Four plus bed,Detached house,1560.52,D15
2010,Dublin 16,Four plus bed,Detached house,1525.6,D16
2010,"Rathfarnham, Dublin 16",Four plus bed,Detached house,1653.5,D16
2010,Dublin 18,Four plus bed,Detached house,2008.63,D18
2010,"Foxrock, Dublin 18",Four plus bed,Detached house,2164.87,D18
2010,"Blackrock, Dublin",Four plus bed,Semi detached house,1772.69,D18
2010,"Booterstown, Dublin",Four plus bed,Semi detached house,1860.38,D4
2010,"Lucan, Dublin",Four plus bed,Semi detached house,1140.25,D20
2010,"Malahide, Dublin",Four plus bed,Semi detached house,1603.04,D17
2010,"Shankill, Dublin",Four plus bed,Semi detached house,1338.83,D18
2010,"Stillorgan, Dublin",Four plus bed,Semi detached house,1640.56,D18
2010,"Swords, Dublin",Four plus bed,Semi detached house,1182.5,D17
2010,Dublin 3,Four plus bed,Semi detached house,1510.52,D3
2010,"Clontarf, Dublin 3",Four plus bed,Semi detached house,1620.54,D3
2010,"Drumcondra, Dublin 3",Four plus bed,Semi detached house,1405.08,D3
2010,Dublin 4,Four plus bed,Semi detached house,2358.63,D4
2010,"Ballsbridge, Dublin 4",Four plus bed,Semi detached house,2600.4,D4
2010,"Sandymount, Dublin 4",Four plus bed,Semi detached house,2268.21,D4
2010,Dublin 5,Four plus bed,Semi detached house,1208.85,D5
2010,"Artane, Dublin 5",Four plus bed,Semi detached house,1236.69,D5
2010,"Raheny, Dublin 5",Four plus bed,Semi detached house,1209.99,D5
2010,Dublin 6,Four plus bed,Semi detached house,1966.31,D6
2010,"Harolds Cross, Dublin 6",Four plus bed,Semi detached house,1524.74,D6
2010,"Ranelagh, Dublin 6",Four plus bed,Semi detached house,2083.08,D6
2010,"Rathgar, Dublin 6",Four plus bed,Semi detached house,1948.82,D6
2010,"Rathmines, Dublin 6",Four plus bed,Semi detached house,1895.93,D6
2010,Dublin 6W,Four plus bed,Semi detached house,1507.17,D6W
2010,"Harolds Cross, Dublin 6W",Four plus bed,Semi detached house,1517.34,D6W
2010,"Templeogue, Dublin 6W",Four plus bed,Semi detached house,1291.3,D6W
2010,"Terenure, Dublin 6W",Four plus bed,Semi detached house,1673.33,D6W
2010,Dublin 7,Four plus bed,Semi detached house,1307.07,D7
2010,Dublin 8,Four plus bed,Semi detached house,1348.82,D8
2010,Dublin 9,Four plus bed,Semi detached house,1321.04,D9
2010,"Beaumont, Dublin 9",Four plus bed,Semi detached house,1178.84,D9
2010,"Drumcondra, Dublin 9",Four plus bed,Semi detached house,1396.55,D9
2010,"Glasnevin, Dublin 9",Four plus bed,Semi detached house,1382.69,D9
2010,"Santry, Dublin 9",Four plus bed,Semi detached house,1212.46,D9
2010,Dublin 11,Four plus bed,Semi detached house,1211.69,D11
2010,Dublin 12,Four plus bed,Semi detached house,1218.28,D12
2010,Dublin 13,Four plus bed,Semi detached house,1333.62,D13
2010,Dublin 14,Four plus bed,Semi detached house,1678.7,D14
2010,"Churchtown, Dublin 14",Four plus bed,Semi detached house,1634.71,D14
2010,"Clonskeagh, Dublin 14",Four plus bed,Semi detached house,1829.8,D14
2010,"Dundrum, Dublin 14",Four plus bed,Semi detached house,1693.88,D14
2010,"Goatstown, Dublin 14",Four plus bed,Semi detached house,1769.88,D14
2010,"Rathfarnham, Dublin 14",Four plus bed,Semi detached house,1461.71,D14
2010,Dublin 15,Four plus bed,Semi detached house,1179.81,D15
2010,"Castleknock, Dublin 15",Four plus bed,Semi detached house,1252.48,D15
2010,"Clonee, Dublin 15",Four plus bed,Semi detached house,1143.78,D15
2010,"Clonsilla, Dublin 15",Four plus bed,Semi detached house,1157.43,D15
2010,"Tyrrelstown, Dublin 15",Four plus bed,Semi detached house,1117.74,D15
2010,Dublin 16,Four plus bed,Semi detached house,1367.22,D16
2010,"Dundrum, Dublin 16",Four plus bed,Semi detached house,1660.83,D16
2010,"Knocklyon, Dublin 16",Four plus bed,Semi detached house,1226.31,D16
2010,"Rathfarnham, Dublin 16",Four plus bed,Semi detached house,1416.58,D16
2010,Dublin 18,Four plus bed,Semi detached house,1604.97,D18
2010,"Foxrock, Dublin 18",Four plus bed,Semi detached house,1828.85,D18
2010,"Leopardstown, Dublin 18",Four plus bed,Semi detached house,1495.59,D18
2010,"Sandyford, Dublin 18",Four plus bed,Semi detached house,1466.06,D18
2010,Dublin 20,Four plus bed,Semi detached house,1177.9,D20
2010,Dublin 24,Four plus bed,Semi detached house,1170.48,D24
2010,"Firhouse, Dublin 24",Four plus bed,Semi detached house,1169.17,D24
2010,"Tallaght, Dublin 24",Four plus bed,Semi detached house,1160.17,D24
2010,Dublin 1,Four plus bed,Terrace house,1480.97,D1
2010,Dublin 3,Four plus bed,Terrace house,1270.44,D3
2010,"Drumcondra, Dublin 3",Four plus bed,Terrace house,1324.0,D3
2010,Dublin 4,Four plus bed,Terrace house,2244.9,D4
2010,"Ballsbridge, Dublin 4",Four plus bed,Terrace house,2458.06,D4
2010,Dublin 6,Four plus bed,Terrace house,1934.54,D6
2010,"Harolds Cross, Dublin 6",Four plus bed,Terrace house,1593.44,D6
2010,"Ranelagh, Dublin 6",Four plus bed,Terrace house,2088.04,D6
2010,"Rathmines, Dublin 6",Four plus bed,Terrace house,1883.86,D6
2010,Dublin 6W,Four plus bed,Terrace house,1584.61,D6W
2010,"Terenure, Dublin 6W",Four plus bed,Terrace house,1787.44,D6W
2010,Dublin 7,Four plus bed,Terrace house,1382.76,D7
2010,"Phibsboro, Dublin 7",Four plus bed,Terrace house,1394.15,D7
2010,Dublin 8,Four plus bed,Terrace house,1404.58,D8
2010,Dublin 9,Four plus bed,Terrace house,1317.26,D9
2010,"Drumcondra, Dublin 9",Four plus bed,Terrace house,1354.03,D9
2010,"Glasnevin, Dublin 9",Four plus bed,Terrace house,1219.05,D9
2010,Dublin 11,Four plus bed,Terrace house,1147.88,D11
2010,Dublin 12,Four plus bed,Terrace house,1247.8,D12
2010,Dublin 14,Four plus bed,Terrace house,1744.29,D14
2010,Dublin 15,Four plus bed,Terrace house,1202.81,D15
2010,"Tyrrelstown, Dublin 15",Four plus bed,Terrace house,1114.84,D15
2010,Dublin 24,Four plus bed,Terrace house,1105.98,D24
2010,Dublin 4,Four plus bed,Apartment,2067.1,D4
2010,Dublin 6,Four plus bed,Apartment,1555.32,D6
2010,Dublin 8,Four plus bed,Apartment,1085.52,D8
2011,Dublin 6,One bed,Semi detached house,640.56,D6
2011,Dublin 1,One bed,Terrace house,626.19,D1
2011,Dublin 3,One bed,Terrace house,669.86,D3
2011,Dublin 4,One bed,Terrace house,872.38,D4
2011,Dublin 6,One bed,Terrace house,734.35,D6
2011,Dublin 7,One bed,Terrace house,611.12,D7
2011,Dublin 8,One bed,Terrace house,751.98,D8
2011,"Balbriggan, Dublin",One bed,Apartment,588.97,D1
2011,"Blackrock, Dublin",One bed,Apartment,914.04,D18
2011,"Booterstown, Dublin",One bed,Apartment,979.26,D4
2011,"Donabate, Dublin",One bed,Apartment,649.73,D13
2011,"Dun Laoghaire, Dublin",One bed,Apartment,835.0,D18
2011,"Lucan, Dublin",One bed,Apartment,694.02,D20
2011,"Malahide, Dublin",One bed,Apartment,930.7,D17
2011,"Monkstown, Dublin",One bed,Apartment,817.29,D18
2011,"Portmarnock, Dublin",One bed,Apartment,837.21,D13
2011,"Stillorgan, Dublin",One bed,Apartment,925.8,D18
2011,"Swords, Dublin",One bed,Apartment,734.4,D17
2011,Dublin 1,One bed,Apartment,794.99,D1
2011,"I.F.S.C., Dublin 1",One bed,Apartment,923.61,D1
2011,"Parnell Street, Dublin 1",One bed,Apartment,835.61,D1
2011,Dublin 2,One bed,Apartment,922.93,D2
2011,"Pearse Street, Dublin 2",One bed,Apartment,866.2,D2
2011,"Temple Bar, Dublin 2",One bed,Apartment,924.55,D2
2011,"Townsend Street, Dublin 2",One bed,Apartment,933.33,D2
2011,Dublin 3,One bed,Apartment,807.32,D3
2011,"Clontarf, Dublin 3",One bed,Apartment,833.61,D3
2011,"Drumcondra, Dublin 3",One bed,Apartment,705.25,D3
2011,"Fairview, Dublin 3",One bed,Apartment,776.61,D3
2011,Dublin 4,One bed,Apartment,953.43,D4
2011,"Ballsbridge, Dublin 4",One bed,Apartment,1012.87,D4
2011,"Donnybrook, Dublin 4",One bed,Apartment,864.28,D4
2011,"Merrion, Dublin 4",One bed,Apartment,1001.31,D4
2011,"Pembroke, Dublin 4",One bed,Apartment,1031.16,D4
2011,"Ringsend, Dublin 4",One bed,Apartment,916.67,D4
2011,"Sandymount, Dublin 4",One bed,Apartment,907.62,D4
2011,Dublin 5,One bed,Apartment,717.67,D5
2011,"Raheny, Dublin 5",One bed,Apartment,715.67,D5
2011,Dublin 6,One bed,Apartment,828.19,D6
2011,"Harolds Cross, Dublin 6",One bed,Apartment,769.7,D6
2011,"Milltown, Dublin 6",One bed,Apartment,1003.93,D6
2011,"Ranelagh, Dublin 6",One bed,Apartment,831.39,D6
2011,"Rathgar, Dublin 6",One bed,Apartment,771.81,D6
2011,"Rathmines, Dublin 6",One bed,Apartment,792.26,D6
2011,"Terenure, Dublin 6",One bed,Apartment,839.67,D6
2011,Dublin 6W,One bed,Apartment,783.99,D6W
2011,"Harolds Cross, Dublin 6W",One bed,Apartment,768.63,D6W
2011,"Terenure, Dublin 6W",One bed,Apartment,843.73,D6W
2011,Dublin 7,One bed,Apartment,746.23,D7
2011,"Navan Road, Dublin 7",One bed,Apartment,768.98,D7
2011,"Phibsboro, Dublin 7",One bed,Apartment,690.14,D7
2011,"Smithfield, Dublin 7",One bed,Apartment,823.89,D7
2011,Dublin 8,One bed,Apartment,780.64,D8
2011,"Christchurch, Dublin 8",One bed,Apartment,779.16,D8
2011,"Cork Street, Dublin 8",One bed,Apartment,798.0,D8
2011,"Inchicore, Dublin 8",One bed,Apartment,772.11,D8
2011,"Islandbridge, Dublin 8",One bed,Apartment,843.55,D8
2011,"Kilmainham , Dublin 8",One bed,Apartment,775.8,D8
2011,"Portobello, Dublin 8",One bed,Apartment,851.09,D8
2011,"Rialto, Dublin 8",One bed,Apartment,765.8,D8
2011,"South Circular Road, Dublin 8",One bed,Apartment,823.66,D8
2011,Dublin 9,One bed,Apartment,734.48,D9
2011,"Ballymun, Dublin 9",One bed,Apartment,689.78,D9
2011,"Beaumont, Dublin 9",One bed,Apartment,727.11,D9
2011,"Drumcondra, Dublin 9",One bed,Apartment,688.18,D9
2011,"Glasnevin, Dublin 9",One bed,Apartment,733.94,D9
2011,"Santry, Dublin 9",One bed,Apartment,774.08,D9
2011,Dublin 10,One bed,Apartment,684.55,D10
2011,Dublin 11,One bed,Apartment,740.88,D11
2011,"Ballymun, Dublin 11",One bed,Apartment,694.05,D11
2011,"Finglas, Dublin 11",One bed,Apartment,736.96,D11
2011,"Glasnevin, Dublin 11",One bed,Apartment,771.0,D11
2011,Dublin 12,One bed,Apartment,776.61,D12
2011,"Drimnagh, Dublin 12",One bed,Apartment,817.89,D12
2011,"Kimmage, Dublin 12",One bed,Apartment,706.37,D12
2011,Dublin 13,One bed,Apartment,794.22,D13
2011,"Baldoyle, Dublin 13",One bed,Apartment,777.34,D13
2011,"Clongriffin, Dublin 13",One bed,Apartment,795.81,D13
2011,Dublin 14,One bed,Apartment,889.31,D14
2011,"Clonskeagh, Dublin 14",One bed,Apartment,862.58,D14
2011,"Dundrum, Dublin 14",One bed,Apartment,936.53,D14
2011,"Rathfarnham, Dublin 14",One bed,Apartment,809.82,D14
2011,Dublin 15,One bed,Apartment,764.86,D15
2011,"Ashtown, Dublin 15",One bed,Apartment,808.79,D15
2011,"Blanchardstown, Dublin 15",One bed,Apartment,735.51,D15
2011,"Castleknock, Dublin 15",One bed,Apartment,805.96,D15
2011,"Ongar, Dublin 15",One bed,Apartment,677.76,D15
2011,"Royal Canal Park, Dublin 15",One bed,Apartment,802.75,D15
2011,Dublin 16,One bed,Apartment,893.07,D16
2011,"Dundrum, Dublin 16",One bed,Apartment,945.7,D16
2011,"Rathfarnham, Dublin 16",One bed,Apartment,819.05,D16
2011,Dublin 17,One bed,Apartment,758.99,D17
2011,"Malahide Road, Dublin 17",One bed,Apartment,770.16,D17
2011,"Northern Cross, Dublin 17",One bed,Apartment,775.0,D17
2011,Dublin 18,One bed,Apartment,927.49,D18
2011,"Cabinteely, Dublin 18",One bed,Apartment,886.63,D18
2011,"Carrickmines, Dublin 18",One bed,Apartment,883.89,D18
2011,"Leopardstown, Dublin 18",One bed,Apartment,1026.11,D18
2011,"Sandyford, Dublin 18",One bed,Apartment,916.96,D18
2011,"Stepaside, Dublin 18",One bed,Apartment,884.5,D18
2011,Dublin 20,One bed,Apartment,742.24,D20
2011,"Chapelizod, Dublin 20",One bed,Apartment,746.55,D20
2011,Dublin 24,One bed,Apartment,746.07,D24
2011,"Tallaght, Dublin 24",One bed,Apartment,751.96,D24
2011,"Dun Laoghaire, Dublin",One bed,Other flats,619.78,D18
2011,"Monkstown, Dublin",One bed,Other flats,733.0,D18
2011,Dublin 1,One bed,Other flats,579.44,D1
2011,Dublin 2,One bed,Other flats,721.76,D2
2011,Dublin 3,One bed,Other flats,548.67,D3
2011,"Clontarf, Dublin 3",One bed,Other flats,564.81,D3
2011,"Drumcondra, Dublin 3",One bed,Other flats,512.58,D3
2011,"Fairview, Dublin 3",One bed,Other flats,552.33,D3
2011,Dublin 4,One bed,Other flats,637.7,D4
2011,"Ballsbridge, Dublin 4",One bed,Other flats,637.69,D4
2011,"Donnybrook, Dublin 4",One bed,Other flats,608.94,D4
2011,Dublin 6,One bed,Other flats,576.17,D6
2011,"Harolds Cross, Dublin 6",One bed,Other flats,572.98,D6
2011,"Ranelagh, Dublin 6",One bed,Other flats,574.07,D6
2011,"Rathgar, Dublin 6",One bed,Other flats,582.4,D6
2011,"Rathmines, Dublin 6",One bed,Other flats,576.61,D6
2011,"Terenure, Dublin 6",One bed,Other flats,533.77,D6
2011,Dublin 6W,One bed,Other flats,564.98,D6W
2011,"Harolds Cross, Dublin 6W",One bed,Other flats,555.73,D6W
2011,"Terenure, Dublin 6W",One bed,Other flats,563.39,D6W
2011,Dublin 7,One bed,Other flats,516.46,D7
2011,"Cabra, Dublin 7",One bed,Other flats,511.94,D7
2011,"Phibsboro, Dublin 7",One bed,Other flats,510.89,D7
2011,Dublin 8,One bed,Other flats,552.56,D8
2011,"Kilmainham , Dublin 8",One bed,Other flats,606.63,D8
2011,"Portobello, Dublin 8",One bed,Other flats,561.83,D8
2011,"Rialto, Dublin 8",One bed,Other flats,534.75,D8
2011,"South Circular Road, Dublin 8",One bed,Other flats,568.55,D8
2011,Dublin 9,One bed,Other flats,511.07,D9
2011,"Drumcondra, Dublin 9",One bed,Other flats,514.5,D9
2011,"Glasnevin, Dublin 9",One bed,Other flats,496.47,D9
2011,Dublin 11,One bed,Other flats,552.44,D11
2011,Dublin 12,One bed,Other flats,542.5,D12
2011,"Kimmage, Dublin 12",One bed,Other flats,488.13,D12
2011,Dublin 4,Two bed,Detached house,1321.91,D4
2011,"Balbriggan, Dublin",Two bed,Semi detached house,747.19,D1
2011,"Blackrock, Dublin",Two bed,Semi detached house,1126.79,D18
2011,"Lucan, Dublin",Two bed,Semi detached house,918.93,D20
2011,"Swords, Dublin",Two bed,Semi detached house,876.03,D17
2011,Dublin 3,Two bed,Semi detached house,921.78,D3
2011,"East Wall, Dublin 3",Two bed,Semi detached house,867.82,D3
2011,Dublin 4,Two bed,Semi detached house,1277.34,D4
2011,"Ballsbridge, Dublin 4",Two bed,Semi detached house,1347.19,D4
2011,Dublin 5,Two bed,Semi detached house,970.14,D5
2011,Dublin 6,Two bed,Semi detached house,1101.04,D6
2011,"Ranelagh, Dublin 6",Two bed,Semi detached house,1225.78,D6
2011,"Rathmines, Dublin 6",Two bed,Semi detached house,1031.0,D6
2011,Dublin 7,Two bed,Semi detached house,944.7,D7
2011,"Cabra, Dublin 7",Two bed,Semi detached house,924.38,D7
2011,Dublin 8,Two bed,Semi detached house,1004.07,D8
2011,Dublin 9,Two bed,Semi detached house,1029.6,D9
2011,Dublin 11,Two bed,Semi detached house,902.74,D11
2011,"Finglas, Dublin 11",Two bed,Semi detached house,871.71,D11
2011,Dublin 12,Two bed,Semi detached house,953.59,D12
2011,"Crumlin, Dublin 12",Two bed,Semi detached house,920.75,D12
2011,"Drimnagh, Dublin 12",Two bed,Semi detached house,950.34,D12
2011,Dublin 14,Two bed,Semi detached house,1090.58,D14
2011,Dublin 15,Two bed,Semi detached house,894.83,D15
2011,Dublin 24,Two bed,Semi detached house,874.03,D24
2011,"Balbriggan, Dublin",Two bed,Terrace house,747.95,D1
2011,"Blackrock, Dublin",Two bed,Terrace house,1103.11,D18
2011,"Dun Laoghaire, Dublin",Two bed,Terrace house,1018.19,D18
2011,"Lucan, Dublin",Two bed,Terrace house,874.82,D20
2011,"Monkstown, Dublin",Two bed,Terrace house,1123.0,D18
2011,"Swords, Dublin",Two bed,Terrace house,908.79,D17
2011,Dublin 1,Two bed,Terrace house,905.44,D1
2011,Dublin 2,Two bed,Terrace house,2154.52,D2
2011,Dublin 3,Two bed,Terrace house,884.35,D3
2011,"Clontarf, Dublin 3",Two bed,Terrace house,1036.29,D3
2011,"Drumcondra, Dublin 3",Two bed,Terrace house,942.94,D3
2011,"East Wall, Dublin 3",Two bed,Terrace house,850.87,D3
2011,Dublin 4,Two bed,Terrace house,1186.94,D4
2011,"Ballsbridge, Dublin 4",Two bed,Terrace house,1252.87,D4
2011,"Donnybrook, Dublin 4",Two bed,Terrace house,1220.07,D4
2011,"Ringsend, Dublin 4",Two bed,Terrace house,1059.89,D4
2011,"Sandymount, Dublin 4",Two bed,Terrace house,1174.22,D4
2011,Dublin 5,Two bed,Terrace house,962.18,D5
2011,Dublin 6,Two bed,Terrace house,1166.13,D6
2011,"Harolds Cross, Dublin 6",Two bed,Terrace house,991.64,D6
2011,"Milltown, Dublin 6",Two bed,Terrace house,1155.13,D6
2011,"Ranelagh, Dublin 6",Two bed,Terrace house,1278.81,D6
2011,"Rathgar, Dublin 6",Two bed,Terrace house,1127.64,D6
2011,"Rathmines, Dublin 6",Two bed,Terrace house,1153.94,D6
2011,Dublin 6W,Two bed,Terrace house,1013.54,D6W
2011,"Harolds Cross, Dublin 6W",Two bed,Terrace house,957.97,D6W
2011,Dublin 7,Two bed,Terrace house,911.68,D7
2011,"Cabra, Dublin 7",Two bed,Terrace house,926.15,D7
2011,"Phibsboro, Dublin 7",Two bed,Terrace house,875.86,D7
2011,"Stoneybatter, Dublin 7",Two bed,Terrace house,945.77,D7
2011,Dublin 8,Two bed,Terrace house,997.16,D8
2011,"Inchicore, Dublin 8",Two bed,Terrace house,894.64,D8
2011,"Kilmainham , Dublin 8",Two bed,Terrace house,959.67,D8
2011,"Portobello, Dublin 8",Two bed,Terrace house,1186.67,D8
2011,"Rialto, Dublin 8",Two bed,Terrace house,921.12,D8
2011,Dublin 9,Two bed,Terrace house,957.64,D9
2011,"Drumcondra, Dublin 9",Two bed,Terrace house,963.42,D9
2011,Dublin 10,Two bed,Terrace house,908.6,D10
2011,"Ballyfermot, Dublin 10",Two bed,Terrace house,927.54,D10
2011,Dublin 11,Two bed,Terrace house,903.08,D11
2011,"Finglas, Dublin 11",Two bed,Terrace house,897.07,D11
2011,Dublin 12,Two bed,Terrace house,924.75,D12
2011,"Crumlin, Dublin 12",Two bed,Terrace house,912.36,D12
2011,"Drimnagh, Dublin 12",Two bed,Terrace house,923.53,D12
2011,"Kimmage, Dublin 12",Two bed,Terrace house,941.77,D12
2011,Dublin 13,Two bed,Terrace house,972.22,D13
2011,Dublin 14,Two bed,Terrace house,1076.74,D14
2011,"Dundrum, Dublin 14",Two bed,Terrace house,1102.86,D14
2011,Dublin 15,Two bed,Terrace house,884.64,D15
2011,"Castleknock, Dublin 15",Two bed,Terrace house,919.84,D15
2011,"Clonee, Dublin 15",Two bed,Terrace house,877.46,D15
2011,"Clonsilla, Dublin 15",Two bed,Terrace house,861.38,D15
2011,Dublin 16,Two bed,Terrace house,1021.72,D16
2011,"Dundrum, Dublin 16",Two bed,Terrace house,1125.0,D16
2011,"Rathfarnham, Dublin 16",Two bed,Terrace house,999.61,D16
2011,Dublin 18,Two bed,Terrace house,1106.81,D18
2011,Dublin 20,Two bed,Terrace house,936.67,D20
2011,Dublin 24,Two bed,Terrace house,896.95,D24
2011,"Balbriggan, Dublin",Two bed,Apartment,685.3,D1
2011,"Blackrock, Dublin",Two bed,Apartment,1110.44,D18
2011,"Booterstown, Dublin",Two bed,Apartment,1147.53,D4
2011,"Dalkey, Dublin",Two bed,Apartment,1223.25,D18
2011,"Donabate, Dublin",Two bed,Apartment,811.1,D13
2011,"Dun Laoghaire, Dublin",Two bed,Apartment,1136.79,D18
2011,"Howth, Dublin",Two bed,Apartment,1132.42,D13
2011,"Killiney, Dublin",Two bed,Apartment,1503.39,D18
2011,"Kinsealy, Dublin",Two bed,Apartment,840.9,D17
2011,"Lucan, Dublin",Two bed,Apartment,881.19,D20
2011,"Malahide, Dublin",Two bed,Apartment,1095.83,D17
2011,"Monkstown, Dublin",Two bed,Apartment,1034.14,D18
2011,"Portmarnock, Dublin",Two bed,Apartment,951.65,D13
2011,"Rathcoole, Dublin",Two bed,Apartment,822.24,D24
2011,"Rush, Dublin",Two bed,Apartment,803.78,D1
2011,"Saggart, Dublin",Two bed,Apartment,902.58,D24
2011,"Sandycove, Dublin",Two bed,Apartment,1044.84,D18
2011,"Shankill, Dublin",Two bed,Apartment,989.13,D18
2011,"Skerries, Dublin",Two bed,Apartment,802.01,D1
2011,"Stillorgan, Dublin",Two bed,Apartment,1151.26,D18
2011,"Swords, Dublin",Two bed,Apartment,859.86,D17
2011,Dublin 1,Two bed,Apartment,1101.43,D1
2011,"I.F.S.C., Dublin 1",Two bed,Apartment,1364.2,D1
2011,"Parnell Street, Dublin 1",Two bed,Apartment,1097.52,D1
2011,"Spencer Dock, Dublin 1",Two bed,Apartment,1306.1,D1
2011,Dublin 2,Two bed,Apartment,1208.72,D2
2011,"Aungier Street, Dublin 2",Two bed,Apartment,992.22,D2
2011,"Charlemont Street, Dublin 2",Two bed,Apartment,1152.26,D2
2011,"Grand Canal Dock, Dublin 2",Two bed,Apartment,1489.41,D2
2011,"Grand Canal Square, Dublin 2",Two bed,Apartment,1500.0,D2
2011,"Hanover Quay, Dublin 2",Two bed,Apartment,1678.75,D2
2011,"Pearse Street, Dublin 2",Two bed,Apartment,1080.3,D2
2011,"Temple Bar, Dublin 2",Two bed,Apartment,1115.69,D2
2011,"Townsend Street, Dublin 2",Two bed,Apartment,1218.0,D2
2011,Dublin 3,Two bed,Apartment,1013.5,D3
2011,"Clontarf, Dublin 3",Two bed,Apartment,1028.89,D3
2011,"Drumcondra, Dublin 3",Two bed,Apartment,1004.69,D3
2011,"East Wall, Dublin 3",Two bed,Apartment,957.85,D3
2011,"Fairview, Dublin 3",Two bed,Apartment,1000.52,D3
2011,Dublin 4,Two bed,Apartment,1268.52,D4
2011,"Ballsbridge, Dublin 4",Two bed,Apartment,1404.23,D4
2011,"Donnybrook, Dublin 4",Two bed,Apartment,1203.72,D4
2011,"Merrion, Dublin 4",Two bed,Apartment,1271.69,D4
2011,"Pembroke, Dublin 4",Two bed,Apartment,1263.21,D4
2011,"Ringsend, Dublin 4",Two bed,Apartment,1188.26,D4
2011,"Sandymount, Dublin 4",Two bed,Apartment,1206.86,D4
2011,Dublin 5,Two bed,Apartment,946.28,D5
2011,"Artane, Dublin 5",Two bed,Apartment,910.63,D5
2011,"Killester, Dublin 5",Two bed,Apartment,893.33,D5
2011,"Raheny, Dublin 5",Two bed,Apartment,996.32,D5
2011,Dublin 6,Two bed,Apartment,1105.77,D6
2011,"Dartry, Dublin 6",Two bed,Apartment,1120.9,D6
2011,"Harolds Cross, Dublin 6",Two bed,Apartment,989.29,D6
2011,"Milltown, Dublin 6",Two bed,Apartment,1252.53,D6
2011,"Ranelagh, Dublin 6",Two bed,Apartment,1122.29,D6
2011,"Rathgar, Dublin 6",Two bed,Apartment,1023.25,D6
2011,"Rathmines, Dublin 6",Two bed,Apartment,1058.68,D6
2011,"Terenure, Dublin 6",Two bed,Apartment,1025.23,D6
2011,Dublin 6W,Two bed,Apartment,1070.04,D6W
2011,"Terenure, Dublin 6W",Two bed,Apartment,1104.24,D6W
2011,Dublin 7,Two bed,Apartment,974.78,D7
2011,"Navan Road, Dublin 7",Two bed,Apartment,932.61,D7
2011,"North Circular Road, Dublin 7",Two bed,Apartment,1024.53,D7
2011,"Phibsboro, Dublin 7",Two bed,Apartment,868.17,D7
2011,"Smithfield, Dublin 7",Two bed,Apartment,1073.97,D7
2011,Dublin 8,Two bed,Apartment,951.72,D8
2011,"Christchurch, Dublin 8",Two bed,Apartment,980.05,D8
2011,"Cork Street, Dublin 8",Two bed,Apartment,1024.15,D8
2011,"Inchicore, Dublin 8",Two bed,Apartment,911.91,D8
2011,"Islandbridge, Dublin 8",Two bed,Apartment,1033.07,D8
2011,"Kilmainham , Dublin 8",Two bed,Apartment,978.37,D8
2011,"Portobello, Dublin 8",Two bed,Apartment,1072.5,D8
2011,"Rialto, Dublin 8",Two bed,Apartment,935.81,D8
2011,"South Circular Road, Dublin 8",Two bed,Apartment,908.03,D8
2011,Dublin 9,Two bed,Apartment,905.7,D9
2011,"Ballymun, Dublin 9",Two bed,Apartment,772.17,D9
2011,"Beaumont, Dublin 9",Two bed,Apartment,861.65,D9
2011,"Drumcondra, Dublin 9",Two bed,Apartment,999.08,D9
2011,"Glasnevin, Dublin 9",Two bed,Apartment,952.69,D9
2011,"Santry, Dublin 9",Two bed,Apartment,898.99,D9
2011,"Whitehall, Dublin 9",Two bed,Apartment,875.16,D9
2011,Dublin 10,Two bed,Apartment,871.79,D10
2011,"Ballyfermot, Dublin 10",Two bed,Apartment,872.95,D10
2011,"Cherry Orchard, Dublin 10",Two bed,Apartment,861.76,D10
2011,Dublin 11,Two bed,Apartment,871.5,D11
2011,"Ballymun, Dublin 11",Two bed,Apartment,770.05,D11
2011,"Finglas, Dublin 11",Two bed,Apartment,880.32,D11
2011,"Glasnevin, Dublin 11",Two bed,Apartment,978.66,D11
2011,"Meakstown, Dublin 11",Two bed,Apartment,865.33,D11
2011,"St Margarets Road, Dublin 11",Two bed,Apartment,953.79,D11
2011,Dublin 12,Two bed,Apartment,925.32,D12
2011,"Crumlin, Dublin 12",Two bed,Apartment,881.7,D12
2011,"Drimnagh, Dublin 12",Two bed,Apartment,1029.31,D12
2011,"Kimmage, Dublin 12",Two bed,Apartment,887.98,D12
2011,Dublin 13,Two bed,Apartment,962.71,D13
2011,"Baldoyle, Dublin 13",Two bed,Apartment,922.59,D13
2011,"Balgriffin, Dublin 13",Two bed,Apartment,898.13,D13
2011,"Clongriffin, Dublin 13",Two bed,Apartment,952.15,D13
2011,"Donaghmede, Dublin 13",Two bed,Apartment,903.24,D13
2011,"Sutton, Dublin 13",Two bed,Apartment,1266.38,D13
2011,Dublin 14,Two bed,Apartment,1108.11,D14
2011,"Churchtown, Dublin 14",Two bed,Apartment,1114.0,D14
2011,"Clonskeagh, Dublin 14",Two bed,Apartment,1101.44,D14
2011,"Dundrum, Dublin 14",Two bed,Apartment,1139.6,D14
2011,"Goatstown, Dublin 14",Two bed,Apartment,1184.72,D14
2011,"Rathfarnham, Dublin 14",Two bed,Apartment,1013.48,D14
2011,Dublin 15,Two bed,Apartment,897.8,D15
2011,"Ashtown, Dublin 15",Two bed,Apartment,953.24,D15
2011,"Blanchardstown, Dublin 15",Two bed,Apartment,866.09,D15
2011,"Carpenterstown, Dublin 15",Two bed,Apartment,891.56,D15
2011,"Castleknock, Dublin 15",Two bed,Apartment,970.26,D15
2011,"Clonee, Dublin 15",Two bed,Apartment,801.68,D15
2011,"Clonsilla, Dublin 15",Two bed,Apartment,848.7,D15
2011,"Mulhuddart, Dublin 15",Two bed,Apartment,809.56,D15
2011,"Ongar, Dublin 15",Two bed,Apartment,838.55,D15
2011,"Porterstown, Dublin 15",Two bed,Apartment,819.33,D15
2011,"Royal Canal Park, Dublin 15",Two bed,Apartment,944.6,D15
2011,"Tyrrelstown, Dublin 15",Two bed,Apartment,806.53,D15
2011,Dublin 16,Two bed,Apartment,1061.71,D16
2011,"Ballinteer, Dublin 16",Two bed,Apartment,1075.58,D16
2011,"Dundrum, Dublin 16",Two bed,Apartment,1143.77,D16
2011,"Rathfarnham, Dublin 16",Two bed,Apartment,1008.72,D16
2011,Dublin 17,Two bed,Apartment,952.65,D17
2011,"Malahide Road, Dublin 17",Two bed,Apartment,921.74,D17
2011,"Northern Cross, Dublin 17",Two bed,Apartment,1013.73,D17
2011,Dublin 18,Two bed,Apartment,1097.17,D18
2011,"Cabinteely, Dublin 18",Two bed,Apartment,1029.26,D18
2011,"Carrickmines, Dublin 18",Two bed,Apartment,1067.0,D18
2011,"Foxrock, Dublin 18",Two bed,Apartment,1489.67,D18
2011,"Leopardstown, Dublin 18",Two bed,Apartment,1188.78,D18
2011,"Sandyford, Dublin 18",Two bed,Apartment,1105.18,D18
2011,"Stepaside, Dublin 18",Two bed,Apartment,986.95,D18
2011,Dublin 20,Two bed,Apartment,905.58,D20
2011,"Chapelizod, Dublin 20",Two bed,Apartment,902.08,D20
2011,"Palmerstown, Dublin 20",Two bed,Apartment,895.37,D20
2011,Dublin 24,Two bed,Apartment,874.78,D24
2011,"Ballycullen, Dublin 24",Two bed,Apartment,932.74,D24
2011,"Citywest, Dublin 24",Two bed,Apartment,871.28,D24
2011,"Firhouse, Dublin 24",Two bed,Apartment,908.12,D24
2011,"Tallaght, Dublin 24",Two bed,Apartment,875.31,D24
2011,Dublin 1,Two bed,Other flats,765.53,D1
2011,Dublin 2,Two bed,Other flats,1023.66,D2
2011,Dublin 3,Two bed,Other flats,716.34,D3
2011,"Drumcondra, Dublin 3",Two bed,Other flats,712.88,D3
2011,Dublin 4,Two bed,Other flats,996.01,D4
2011,"Ballsbridge, Dublin 4",Two bed,Other flats,1073.0,D4
2011,Dublin 6,Two bed,Other flats,813.66,D6
2011,"Ranelagh, Dublin 6",Two bed,Other flats,858.68,D6
2011,"Rathgar, Dublin 6",Two bed,Other flats,830.71,D6
2011,"Rathmines, Dublin 6",Two bed,Other flats,799.19,D6
2011,Dublin 7,Two bed,Other flats,691.22,D7
2011,"Phibsboro, Dublin 7",Two bed,Other flats,702.88,D7
2011,Dublin 8,Two bed,Other flats,734.55,D8
2011,"Portobello, Dublin 8",Two bed,Other flats,756.73,D8
2011,Dublin 9,Two bed,Other flats,715.68,D9
2011,"Drumcondra, Dublin 9",Two bed,Other flats,696.58,D9
2011,Dublin 4,Three bed,Detached house,1840.83,D4
2011,Dublin 13,Three bed,Detached house,1134.7,D13
2011,Dublin 14,Three bed,Detached house,1454.17,D14
2011,Dublin 15,Three bed,Detached house,1008.64,D15
2011,Dublin 18,Three bed,Detached house,1442.78,D18
2011,Dublin 24,Three bed,Detached house,1007.63,D24
2011,"Balbriggan, Dublin",Three bed,Semi detached house,886.28,D1
2011,"Blackrock, Dublin",Three bed,Semi detached house,1396.12,D18
2011,"Dun Laoghaire, Dublin",Three bed,Semi detached house,1280.45,D18
2011,"Killiney, Dublin",Three bed,Semi detached house,1237.5,D18
2011,"Kinsealy, Dublin",Three bed,Semi detached house,987.2,D17
2011,"Lucan, Dublin",Three bed,Semi detached house,1001.36,D20
2011,"Lusk, Dublin",Three bed,Semi detached house,956.16,D1
2011,"Malahide, Dublin",Three bed,Semi detached house,1295.74,D17
2011,"Rush, Dublin",Three bed,Semi detached house,896.08,D1
2011,"Shankill, Dublin",Three bed,Semi detached house,1139.8,D18
2011,"Skerries, Dublin",Three bed,Semi detached house,969.21,D1
2011,"Stillorgan, Dublin",Three bed,Semi detached house,1335.27,D18
2011,"Swords, Dublin",Three bed,Semi detached house,1012.28,D17
2011,Dublin 3,Three bed,Semi detached house,1158.36,D3
2011,"Clontarf, Dublin 3",Three bed,Semi detached house,1300.28,D3
2011,"Drumcondra, Dublin 3",Three bed,Semi detached house,1155.44,D3
2011,Dublin 4,Three bed,Semi detached house,1843.19,D4
2011,"Ballsbridge, Dublin 4",Three bed,Semi detached house,1857.14,D4
2011,"Sandymount, Dublin 4",Three bed,Semi detached house,1880.87,D4
2011,Dublin 5,Three bed,Semi detached house,1072.95,D5
2011,"Artane, Dublin 5",Three bed,Semi detached house,1071.62,D5
2011,"Killester, Dublin 5",Three bed,Semi detached house,1075.91,D5
2011,"Raheny, Dublin 5",Three bed,Semi detached house,1092.8,D5
2011,Dublin 6,Three bed,Semi detached house,1480.15,D6
2011,"Harolds Cross, Dublin 6",Three bed,Semi detached house,1191.32,D6
2011,"Ranelagh, Dublin 6",Three bed,Semi detached house,1664.56,D6
2011,"Rathgar, Dublin 6",Three bed,Semi detached house,1480.0,D6
2011,"Rathmines, Dublin 6",Three bed,Semi detached house,1390.28,D6
2011,Dublin 6W,Three bed,Semi detached house,1193.03,D6W
2011,"Harolds Cross, Dublin 6W",Three bed,Semi detached house,1192.07,D6W
2011,"Templeogue, Dublin 6W",Three bed,Semi detached house,1184.15,D6W
2011,"Terenure, Dublin 6W",Three bed,Semi detached house,1220.74,D6W
2011,Dublin 7,Three bed,Semi detached house,1038.23,D7
2011,"Cabra, Dublin 7",Three bed,Semi detached house,1003.7,D7
2011,"Navan Road, Dublin 7",Three bed,Semi detached house,996.37,D7
2011,Dublin 8,Three bed,Semi detached house,1120.8,D8
2011,"Inchicore, Dublin 8",Three bed,Semi detached house,1056.09,D8
2011,Dublin 9,Three bed,Semi detached house,1077.22,D9
2011,"Beaumont, Dublin 9",Three bed,Semi detached house,1046.86,D9
2011,"Drumcondra, Dublin 9",Three bed,Semi detached house,1174.1,D9
2011,"Glasnevin, Dublin 9",Three bed,Semi detached house,1035.19,D9
2011,"Santry, Dublin 9",Three bed,Semi detached house,1037.65,D9
2011,"Whitehall, Dublin 9",Three bed,Semi detached house,1063.22,D9
2011,Dublin 10,Three bed,Semi detached house,1020.32,D10
2011,"Ballyfermot, Dublin 10",Three bed,Semi detached house,985.67,D10
2011,Dublin 11,Three bed,Semi detached house,977.72,D11
2011,"Finglas, Dublin 11",Three bed,Semi detached house,933.54,D11
2011,"Glasnevin, Dublin 11",Three bed,Semi detached house,1035.48,D11
2011,Dublin 12,Three bed,Semi detached house,1028.71,D12
2011,"Crumlin, Dublin 12",Three bed,Semi detached house,1025.91,D12
2011,"Drimnagh, Dublin 12",Three bed,Semi detached house,1000.45,D12
2011,"Kimmage, Dublin 12",Three bed,Semi detached house,1089.86,D12
2011,"Walkinstown, Dublin 12",Three bed,Semi detached house,1037.65,D12
2011,Dublin 13,Three bed,Semi detached house,1047.62,D13
2011,Dublin 14,Three bed,Semi detached house,1297.53,D14
2011,"Churchtown, Dublin 14",Three bed,Semi detached house,1266.15,D14
2011,"Clonskeagh, Dublin 14",Three bed,Semi detached house,1432.69,D14
2011,"Dundrum, Dublin 14",Three bed,Semi detached house,1287.84,D14
2011,"Rathfarnham, Dublin 14",Three bed,Semi detached house,1198.4,D14
2011,Dublin 15,Three bed,Semi detached house,986.46,D15
2011,"Blanchardstown, Dublin 15",Three bed,Semi detached house,965.29,D15
2011,"Carpenterstown, Dublin 15",Three bed,Semi detached house,1046.71,D15
2011,"Castleknock, Dublin 15",Three bed,Semi detached house,1021.36,D15
2011,"Clonee, Dublin 15",Three bed,Semi detached house,989.6,D15
2011,"Clonsilla, Dublin 15",Three bed,Semi detached house,973.51,D15
2011,"Mulhuddart, Dublin 15",Three bed,Semi detached house,953.47,D15
2011,"Tyrrelstown, Dublin 15",Three bed,Semi detached house,1001.74,D15
2011,Dublin 16,Three bed,Semi detached house,1157.48,D16
2011,"Ballinteer, Dublin 16",Three bed,Semi detached house,1172.34,D16
2011,"Dundrum, Dublin 16",Three bed,Semi detached house,1273.38,D16
2011,"Knocklyon, Dublin 16",Three bed,Semi detached house,1125.07,D16
2011,"Rathfarnham, Dublin 16",Three bed,Semi detached house,1170.4,D16
2011,Dublin 17,Three bed,Semi detached house,1009.65,D17
2011,Dublin 18,Three bed,Semi detached house,1226.44,D18
2011,"Cabinteely, Dublin 18",Three bed,Semi detached house,1242.45,D18
2011,"Leopardstown, Dublin 18",Three bed,Semi detached house,1202.22,D18
2011,"Sandyford, Dublin 18",Three bed,Semi detached house,1187.77,D18
2011,Dublin 20,Three bed,Semi detached house,1004.29,D20
2011,"Palmerstown, Dublin 20",Three bed,Semi detached house,985.98,D20
2011,Dublin 24,Three bed,Semi detached house,986.35,D24
2011,"Ballycullen, Dublin 24",Three bed,Semi detached house,1070.57,D24
2011,"Citywest, Dublin 24",Three bed,Semi detached house,1048.59,D24
2011,"Firhouse, Dublin 24",Three bed,Semi detached house,1043.02,D24
2011,"Tallaght, Dublin 24",Three bed,Semi detached house,963.03,D24
2011,"Balbriggan, Dublin",Three bed,Terrace house,854.59,D1
2011,"Blackrock, Dublin",Three bed,Terrace house,1361.85,D18
2011,"Dun Laoghaire, Dublin",Three bed,Terrace house,1269.41,D18
2011,"Lucan, Dublin",Three bed,Terrace house,993.82,D20
2011,"Lusk, Dublin",Three bed,Terrace house,914.46,D1
2011,"Malahide, Dublin",Three bed,Terrace house,1231.38,D17
2011,"Swords, Dublin",Three bed,Terrace house,1005.14,D17
2011,Dublin 1,Three bed,Terrace house,1056.75,D1
2011,Dublin 2,Three bed,Terrace house,1438.71,D2
2011,Dublin 3,Three bed,Terrace house,1120.58,D3
2011,"Clontarf, Dublin 3",Three bed,Terrace house,1297.52,D3
2011,"Drumcondra, Dublin 3",Three bed,Terrace house,1145.01,D3
2011,"East Wall, Dublin 3",Three bed,Terrace house,1000.44,D3
2011,"Fairview, Dublin 3",Three bed,Terrace house,1106.47,D3
2011,"Marino, Dublin 3",Three bed,Terrace house,1093.06,D3
2011,Dublin 4,Three bed,Terrace house,1659.02,D4
2011,"Ballsbridge, Dublin 4",Three bed,Terrace house,1844.23,D4
2011,"Donnybrook, Dublin 4",Three bed,Terrace house,1658.03,D4
2011,"Ringsend, Dublin 4",Three bed,Terrace house,1221.88,D4
2011,"Sandymount, Dublin 4",Three bed,Terrace house,1678.06,D4
2011,Dublin 5,Three bed,Terrace house,1041.24,D5
2011,"Artane, Dublin 5",Three bed,Terrace house,1032.21,D5
2011,"Raheny, Dublin 5",Three bed,Terrace house,1070.08,D5
2011,Dublin 6,Three bed,Terrace house,1491.46,D6
2011,"Harolds Cross, Dublin 6",Three bed,Terrace house,1167.62,D6
2011,"Milltown, Dublin 6",Three bed,Terrace house,1339.31,D6
2011,"Ranelagh, Dublin 6",Three bed,Terrace house,1739.7,D6
2011,"Rathmines, Dublin 6",Three bed,Terrace house,1528.06,D6
2011,Dublin 6W,Three bed,Terrace house,1183.01,D6W
2011,"Harolds Cross, Dublin 6W",Three bed,Terrace house,1190.7,D6W
2011,"Terenure, Dublin 6W",Three bed,Terrace house,1182.62,D6W
2011,Dublin 7,Three bed,Terrace house,1051.34,D7
2011,"Cabra, Dublin 7",Three bed,Terrace house,994.06,D7
2011,"Navan Road, Dublin 7",Three bed,Terrace house,1083.29,D7
2011,"Phibsboro, Dublin 7",Three bed,Terrace house,1000.51,D7
2011,Dublin 8,Three bed,Terrace house,1173.33,D8
2011,"Inchicore, Dublin 8",Three bed,Terrace house,1007.66,D8
2011,"Kilmainham , Dublin 8",Three bed,Terrace house,1097.0,D8
2011,Dublin 9,Three bed,Terrace house,1094.72,D9
2011,"Drumcondra, Dublin 9",Three bed,Terrace house,1157.38,D9
2011,"Glasnevin, Dublin 9",Three bed,Terrace house,1071.44,D9
2011,"Whitehall, Dublin 9",Three bed,Terrace house,1034.57,D9
2011,Dublin 10,Three bed,Terrace house,946.87,D10
2011,"Ballyfermot, Dublin 10",Three bed,Terrace house,955.87,D10
2011,Dublin 11,Three bed,Terrace house,976.55,D11
2011,"Finglas, Dublin 11",Three bed,Terrace house,960.76,D11
2011,"Glasnevin, Dublin 11",Three bed,Terrace house,1025.57,D11
2011,Dublin 12,Three bed,Terrace house,1013.24,D12
2011,"Crumlin, Dublin 12",Three bed,Terrace house,1017.09,D12
2011,"Drimnagh, Dublin 12",Three bed,Terrace house,974.68,D12
2011,"Kimmage, Dublin 12",Three bed,Terrace house,1094.42,D12
2011,"Walkinstown, Dublin 12",Three bed,Terrace house,1032.14,D12
2011,Dublin 13,Three bed,Terrace house,1076.99,D13
2011,"Baldoyle, Dublin 13",Three bed,Terrace house,1005.74,D13
2011,"Sutton, Dublin 13",Three bed,Terrace house,1100.12,D13
2011,Dublin 14,Three bed,Terrace house,1271.7,D14
2011,"Dundrum, Dublin 14",Three bed,Terrace house,1303.47,D14
2011,"Rathfarnham, Dublin 14",Three bed,Terrace house,1131.46,D14
2011,Dublin 15,Three bed,Terrace house,988.02,D15
2011,"Blanchardstown, Dublin 15",Three bed,Terrace house,941.95,D15
2011,"Castleknock, Dublin 15",Three bed,Terrace house,1042.63,D15
2011,"Clonsilla, Dublin 15",Three bed,Terrace house,948.32,D15
2011,"Mulhuddart, Dublin 15",Three bed,Terrace house,916.51,D15
2011,"Ongar, Dublin 15",Three bed,Terrace house,981.63,D15
2011,Dublin 16,Three bed,Terrace house,1148.23,D16
2011,"Dundrum, Dublin 16",Three bed,Terrace house,1319.23,D16
2011,"Rathfarnham, Dublin 16",Three bed,Terrace house,1130.08,D16
2011,Dublin 17,Three bed,Terrace house,971.1,D17
2011,Dublin 18,Three bed,Terrace house,1302.47,D18
2011,Dublin 20,Three bed,Terrace house,983.29,D20
2011,Dublin 24,Three bed,Terrace house,967.8,D24
2011,"Tallaght, Dublin 24",Three bed,Terrace house,953.23,D24
2011,"Balbriggan, Dublin",Three bed,Apartment,866.61,D1
2011,"Blackrock, Dublin",Three bed,Apartment,1447.91,D18
2011,"Dun Laoghaire, Dublin",Three bed,Apartment,1569.42,D18
2011,"Lucan, Dublin",Three bed,Apartment,980.15,D20
2011,"Malahide, Dublin",Three bed,Apartment,1205.96,D17
2011,"Stillorgan, Dublin",Three bed,Apartment,1475.14,D18
2011,"Swords, Dublin",Three bed,Apartment,1033.37,D17
2011,Dublin 1,Three bed,Apartment,1436.74,D1
2011,"I.F.S.C., Dublin 1",Three bed,Apartment,2006.04,D1
2011,Dublin 2,Three bed,Apartment,1549.68,D2
2011,Dublin 3,Three bed,Apartment,1227.85,D3
2011,"Drumcondra, Dublin 3",Three bed,Apartment,1366.64,D3
2011,"Fairview, Dublin 3",Three bed,Apartment,1199.27,D3
2011,Dublin 4,Three bed,Apartment,1661.56,D4
2011,"Ballsbridge, Dublin 4",Three bed,Apartment,1773.01,D4
2011,"Pembroke, Dublin 4",Three bed,Apartment,1475.61,D4
2011,"Ringsend, Dublin 4",Three bed,Apartment,1602.84,D4
2011,"Sandymount, Dublin 4",Three bed,Apartment,1739.03,D4
2011,Dublin 5,Three bed,Apartment,1158.83,D5
2011,Dublin 6,Three bed,Apartment,1389.65,D6
2011,"Milltown, Dublin 6",Three bed,Apartment,1531.7,D6
2011,"Rathmines, Dublin 6",Three bed,Apartment,1364.31,D6
2011,Dublin 6W,Three bed,Apartment,1340.95,D6W
2011,Dublin 7,Three bed,Apartment,1262.28,D7
2011,"Smithfield, Dublin 7",Three bed,Apartment,1400.51,D7
2011,Dublin 8,Three bed,Apartment,1333.88,D8
2011,"Inchicore, Dublin 8",Three bed,Apartment,1160.88,D8
2011,"Islandbridge, Dublin 8",Three bed,Apartment,1297.35,D8
2011,"Kilmainham , Dublin 8",Three bed,Apartment,1405.34,D8
2011,"South Circular Road, Dublin 8",Three bed,Apartment,1349.41,D8
2011,Dublin 9,Three bed,Apartment,1154.24,D9
2011,"Drumcondra, Dublin 9",Three bed,Apartment,1371.8,D9
2011,"Santry, Dublin 9",Three bed,Apartment,1067.1,D9
2011,Dublin 11,Three bed,Apartment,1027.85,D11
2011,"Finglas, Dublin 11",Three bed,Apartment,1026.45,D11
2011,Dublin 12,Three bed,Apartment,1172.14,D12
2011,Dublin 13,Three bed,Apartment,1118.29,D13
2011,"Clongriffin, Dublin 13",Three bed,Apartment,1057.54,D13
2011,Dublin 14,Three bed,Apartment,1448.13,D14
2011,"Dundrum, Dublin 14",Three bed,Apartment,1519.87,D14
2011,Dublin 15,Three bed,Apartment,1035.97,D15
2011,"Ashtown, Dublin 15",Three bed,Apartment,1113.24,D15
2011,"Blanchardstown, Dublin 15",Three bed,Apartment,1002.37,D15
2011,"Castleknock, Dublin 15",Three bed,Apartment,1120.52,D15
2011,"Royal Canal Park, Dublin 15",Three bed,Apartment,1075.55,D15
2011,"Tyrrelstown, Dublin 15",Three bed,Apartment,937.5,D15
2011,Dublin 16,Three bed,Apartment,1309.7,D16
2011,"Dundrum, Dublin 16",Three bed,Apartment,1533.18,D16
2011,"Rathfarnham, Dublin 16",Three bed,Apartment,1192.36,D16
2011,Dublin 18,Three bed,Apartment,1322.99,D18
2011,"Cabinteely, Dublin 18",Three bed,Apartment,1235.16,D18
2011,"Sandyford, Dublin 18",Three bed,Apartment,1301.59,D18
2011,Dublin 20,Three bed,Apartment,1096.53,D20
2011,Dublin 24,Three bed,Apartment,1032.49,D24
2011,"Citywest, Dublin 24",Three bed,Apartment,1034.03,D24
2011,"Tallaght, Dublin 24",Three bed,Apartment,1042.27,D24
2011,Dublin 6,Three bed,Other flats,1080.35,D6
2011,"Rathmines, Dublin 6",Three bed,Other flats,1056.19,D6
2011,"Blackrock, Dublin",Four plus bed,Detached house,2018.87,D18
2011,"Killiney, Dublin",Four plus bed,Detached house,2153.67,D18
2011,"Lucan, Dublin",Four plus bed,Detached house,1244.11,D20
2011,"Malahide, Dublin",Four plus bed,Detached house,2278.26,D17
2011,"Stillorgan, Dublin",Four plus bed,Detached house,1753.33,D18
2011,Dublin 4,Four plus bed,Detached house,2426.63,D4
2011,"Ballsbridge, Dublin 4",Four plus bed,Detached house,2603.5,D4
2011,Dublin 6,Four plus bed,Detached house,1902.66,D6
2011,Dublin 6W,Four plus bed,Detached house,1706.02,D6W
2011,Dublin 13,Four plus bed,Detached house,1885.29,D13
2011,Dublin 14,Four plus bed,Detached house,1946.37,D14
2011,"Rathfarnham, Dublin 14",Four plus bed,Detached house,1605.47,D14
2011,Dublin 15,Four plus bed,Detached house,1335.2,D15
2011,"Castleknock, Dublin 15",Four plus bed,Detached house,1563.05,D15
2011,Dublin 16,Four plus bed,Detached house,1483.38,D16
2011,"Rathfarnham, Dublin 16",Four plus bed,Detached house,1577.46,D16
2011,Dublin 18,Four plus bed,Detached house,2014.73,D18
2011,"Foxrock, Dublin 18",Four plus bed,Detached house,2221.04,D18
2011,"Blackrock, Dublin",Four plus bed,Semi detached house,1759.39,D18
2011,"Lucan, Dublin",Four plus bed,Semi detached house,1104.98,D20
2011,"Malahide, Dublin",Four plus bed,Semi detached house,1548.46,D17
2011,"Shankill, Dublin",Four plus bed,Semi detached house,1347.73,D18
2011,"Stillorgan, Dublin",Four plus bed,Semi detached house,1725.24,D18
2011,"Swords, Dublin",Four plus bed,Semi detached house,1120.74,D17
2011,Dublin 3,Four plus bed,Semi detached house,1469.52,D3
2011,"Clontarf, Dublin 3",Four plus bed,Semi detached house,1540.72,D3
2011,"Drumcondra, Dublin 3",Four plus bed,Semi detached house,1404.84,D3
2011,Dublin 4,Four plus bed,Semi detached house,2297.68,D4
2011,"Ballsbridge, Dublin 4",Four plus bed,Semi detached house,2429.71,D4
2011,"Sandymount, Dublin 4",Four plus bed,Semi detached house,2138.48,D4
2011,Dublin 5,Four plus bed,Semi detached house,1206.56,D5
2011,"Raheny, Dublin 5",Four plus bed,Semi detached house,1221.0,D5
2011,Dublin 6,Four plus bed,Semi detached house,1980.3,D6
2011,"Harolds Cross, Dublin 6",Four plus bed,Semi detached house,1520.88,D6
2011,"Ranelagh, Dublin 6",Four plus bed,Semi detached house,1932.18,D6
2011,"Rathmines, Dublin 6",Four plus bed,Semi detached house,2061.51,D6
2011,Dublin 6W,Four plus bed,Semi detached house,1492.94,D6W
2011,"Templeogue, Dublin 6W",Four plus bed,Semi detached house,1321.67,D6W
2011,"Terenure, Dublin 6W",Four plus bed,Semi detached house,1651.48,D6W
2011,Dublin 7,Four plus bed,Semi detached house,1291.84,D7
2011,Dublin 8,Four plus bed,Semi detached house,1257.57,D8
2011,Dublin 9,Four plus bed,Semi detached house,1288.6,D9
2011,"Beaumont, Dublin 9",Four plus bed,Semi detached house,1194.64,D9
2011,"Drumcondra, Dublin 9",Four plus bed,Semi detached house,1404.58,D9
2011,"Glasnevin, Dublin 9",Four plus bed,Semi detached house,1301.26,D9
2011,"Santry, Dublin 9",Four plus bed,Semi detached house,1125.32,D9
2011,Dublin 11,Four plus bed,Semi detached house,1142.43,D11
2011,Dublin 12,Four plus bed,Semi detached house,1238.41,D12
2011,Dublin 13,Four plus bed,Semi detached house,1364.04,D13
2011,Dublin 14,Four plus bed,Semi detached house,1612.37,D14
2011,"Clonskeagh, Dublin 14",Four plus bed,Semi detached house,1705.47,D14
2011,"Dundrum, Dublin 14",Four plus bed,Semi detached house,1594.53,D14
2011,"Goatstown, Dublin 14",Four plus bed,Semi detached house,1694.56,D14
2011,"Rathfarnham, Dublin 14",Four plus bed,Semi detached house,1450.57,D14
2011,Dublin 15,Four plus bed,Semi detached house,1140.76,D15
2011,"Castleknock, Dublin 15",Four plus bed,Semi detached house,1234.09,D15
2011,"Clonee, Dublin 15",Four plus bed,Semi detached house,1115.82,D15
2011,"Clonsilla, Dublin 15",Four plus bed,Semi detached house,1117.85,D15
2011,Dublin 16,Four plus bed,Semi detached house,1345.4,D16
2011,"Dundrum, Dublin 16",Four plus bed,Semi detached house,1611.88,D16
2011,"Knocklyon, Dublin 16",Four plus bed,Semi detached house,1207.5,D16
2011,"Rathfarnham, Dublin 16",Four plus bed,Semi detached house,1402.22,D16
2011,Dublin 18,Four plus bed,Semi detached house,1513.38,D18
2011,"Foxrock, Dublin 18",Four plus bed,Semi detached house,1601.67,D18
2011,"Leopardstown, Dublin 18",Four plus bed,Semi detached house,1448.79,D18
2011,"Sandyford, Dublin 18",Four plus bed,Semi detached house,1397.35,D18
2011,Dublin 24,Four plus bed,Semi detached house,1111.89,D24
2011,"Tallaght, Dublin 24",Four plus bed,Semi detached house,1092.54,D24
2011,"Malahide, Dublin",Four plus bed,Terrace house,1653.33,D17
2011,Dublin 3,Four plus bed,Terrace house,1313.01,D3
2011,"Drumcondra, Dublin 3",Four plus bed,Terrace house,1380.21,D3
2011,Dublin 4,Four plus bed,Terrace house,2344.05,D4
2011,"Ballsbridge, Dublin 4",Four plus bed,Terrace house,2746.22,D4
2011,Dublin 6,Four plus bed,Terrace house,1982.89,D6
2011,"Ranelagh, Dublin 6",Four plus bed,Terrace house,2116.83,D6
2011,"Rathmines, Dublin 6",Four plus bed,Terrace house,1934.71,D6
2011,Dublin 6W,Four plus bed,Terrace house,1506.7,D6W
2011,"Terenure, Dublin 6W",Four plus bed,Terrace house,1587.9,D6W
2011,Dublin 7,Four plus bed,Terrace house,1309.12,D7
2011,"Phibsboro, Dublin 7",Four plus bed,Terrace house,1348.78,D7
2011,Dublin 8,Four plus bed,Terrace house,1431.61,D8
2011,Dublin 9,Four plus bed,Terrace house,1349.11,D9
2011,"Drumcondra, Dublin 9",Four plus bed,Terrace house,1392.94,D9
2011,"Glasnevin, Dublin 9",Four plus bed,Terrace house,1161.68,D9
2011,Dublin 11,Four plus bed,Terrace house,1142.39,D11
2011,Dublin 12,Four plus bed,Terrace house,1181.87,D12
2011,Dublin 13,Four plus bed,Terrace house,1274.38,D13
2011,Dublin 14,Four plus bed,Terrace house,1690.81,D14
2011,Dublin 15,Four plus bed,Terrace house,1171.1,D15
2011,"Tyrrelstown, Dublin 15",Four plus bed,Terrace house,1074.67,D15
2011,Dublin 18,Four plus bed,Terrace house,1536.77,D18
2011,Dublin 24,Four plus bed,Terrace house,1067.2,D24
2011,Dublin 1,Four plus bed,Apartment,3874.91,D1
2011,"I.F.S.C., Dublin 1",Four plus bed,Apartment,5104.86,D1
2011,Dublin 4,Four plus bed,Apartment,1995.82,D4
2011,Dublin 8,Four plus bed,Apartment,1094.68,D8
2011,Dublin 9,Four plus bed,Apartment,1105.22,D9
2012,Dublin 6,One bed,Semi detached house,653.56,D6
2012,Dublin 3,One bed,Terrace house,675.54,D3
2012,Dublin 4,One bed,Terrace house,796.41,D4
2012,Dublin 6,One bed,Terrace house,662.25,D6
2012,"Rathmines, Dublin 6",One bed,Terrace house,574.95,D6
2012,Dublin 7,One bed,Terrace house,593.73,D7
2012,Dublin 8,One bed,Terrace house,744.13,D8
2012,"Balbriggan, Dublin",One bed,Apartment,579.98,D1
2012,"Blackrock, Dublin",One bed,Apartment,924.47,D18
2012,"Booterstown, Dublin",One bed,Apartment,989.8,D4
2012,"Dalkey, Dublin",One bed,Apartment,992.67,D18
2012,"Donabate, Dublin",One bed,Apartment,643.24,D13
2012,"Dun Laoghaire, Dublin",One bed,Apartment,859.1,D18
2012,"Lucan, Dublin",One bed,Apartment,699.4,D20
2012,"Malahide, Dublin",One bed,Apartment,943.35,D17
2012,"Monkstown, Dublin",One bed,Apartment,835.04,D18
2012,"Portmarnock, Dublin",One bed,Apartment,836.82,D13
2012,"Saggart, Dublin",One bed,Apartment,564.06,D24
2012,"Stillorgan, Dublin",One bed,Apartment,935.7,D18
2012,"Swords, Dublin",One bed,Apartment,746.53,D17
2012,Dublin 1,One bed,Apartment,811.81,D1
2012,"I.F.S.C., Dublin 1",One bed,Apartment,944.46,D1
2012,"Parnell Street, Dublin 1",One bed,Apartment,821.84,D1
2012,Dublin 2,One bed,Apartment,942.1,D2
2012,"Pearse Street, Dublin 2",One bed,Apartment,888.72,D2
2012,"Temple Bar, Dublin 2",One bed,Apartment,938.13,D2
2012,"Townsend Street, Dublin 2",One bed,Apartment,951.57,D2
2012,Dublin 3,One bed,Apartment,826.86,D3
2012,"Clontarf, Dublin 3",One bed,Apartment,848.21,D3
2012,"Drumcondra, Dublin 3",One bed,Apartment,696.04,D3
2012,"East Wall, Dublin 3",One bed,Apartment,814.49,D3
2012,"Fairview, Dublin 3",One bed,Apartment,809.27,D3
2012,Dublin 4,One bed,Apartment,984.78,D4
2012,"Ballsbridge, Dublin 4",One bed,Apartment,1062.1,D4
2012,"Donnybrook, Dublin 4",One bed,Apartment,882.49,D4
2012,"Merrion, Dublin 4",One bed,Apartment,1040.83,D4
2012,"Pembroke, Dublin 4",One bed,Apartment,1059.02,D4
2012,"Ringsend, Dublin 4",One bed,Apartment,925.84,D4
2012,"Sandymount, Dublin 4",One bed,Apartment,913.32,D4
2012,Dublin 5,One bed,Apartment,729.05,D5
2012,"Raheny, Dublin 5",One bed,Apartment,710.08,D5
2012,Dublin 6,One bed,Apartment,877.69,D6
2012,"Harolds Cross, Dublin 6",One bed,Apartment,768.16,D6
2012,"Milltown, Dublin 6",One bed,Apartment,1045.08,D6
2012,"Ranelagh, Dublin 6",One bed,Apartment,904.83,D6
2012,"Rathgar, Dublin 6",One bed,Apartment,840.42,D6
2012,"Rathmines, Dublin 6",One bed,Apartment,809.87,D6
2012,"Terenure, Dublin 6",One bed,Apartment,841.71,D6
2012,Dublin 6W,One bed,Apartment,797.18,D6W
2012,"Harolds Cross, Dublin 6W",One bed,Apartment,754.38,D6W
2012,"Terenure, Dublin 6W",One bed,Apartment,857.08,D6W
2012,Dublin 7,One bed,Apartment,747.1,D7
2012,"Navan Road, Dublin 7",One bed,Apartment,779.82,D7
2012,"Phibsboro, Dublin 7",One bed,Apartment,682.22,D7
2012,"Smithfield, Dublin 7",One bed,Apartment,822.98,D7
2012,Dublin 8,One bed,Apartment,803.13,D8
2012,"Christchurch, Dublin 8",One bed,Apartment,802.93,D8
2012,"Cork Street, Dublin 8",One bed,Apartment,828.8,D8
2012,"Inchicore, Dublin 8",One bed,Apartment,728.95,D8
2012,"Islandbridge, Dublin 8",One bed,Apartment,884.74,D8
2012,"Kilmainham , Dublin 8",One bed,Apartment,787.83,D8
2012,"Rialto, Dublin 8",One bed,Apartment,738.14,D8
2012,Dublin 9,One bed,Apartment,734.39,D9
2012,"Ballymun, Dublin 9",One bed,Apartment,694.73,D9
2012,"Beaumont, Dublin 9",One bed,Apartment,739.59,D9
2012,"Drumcondra, Dublin 9",One bed,Apartment,685.24,D9
2012,"Glasnevin, Dublin 9",One bed,Apartment,724.64,D9
2012,"Santry, Dublin 9",One bed,Apartment,775.41,D9
2012,Dublin 10,One bed,Apartment,688.19,D10
2012,Dublin 11,One bed,Apartment,749.55,D11
2012,"Ballymun, Dublin 11",One bed,Apartment,689.39,D11
2012,"Finglas, Dublin 11",One bed,Apartment,752.02,D11
2012,Dublin 12,One bed,Apartment,778.83,D12
2012,"Drimnagh, Dublin 12",One bed,Apartment,819.41,D12
2012,"Kimmage, Dublin 12",One bed,Apartment,715.57,D12
2012,Dublin 13,One bed,Apartment,791.08,D13
2012,"Baldoyle, Dublin 13",One bed,Apartment,774.29,D13
2012,"Clongriffin, Dublin 13",One bed,Apartment,797.54,D13
2012,Dublin 14,One bed,Apartment,908.47,D14
2012,"Churchtown, Dublin 14",One bed,Apartment,965.0,D14
2012,"Clonskeagh, Dublin 14",One bed,Apartment,825.88,D14
2012,"Dundrum, Dublin 14",One bed,Apartment,959.13,D14
2012,"Rathfarnham, Dublin 14",One bed,Apartment,837.45,D14
2012,Dublin 15,One bed,Apartment,770.75,D15
2012,"Ashtown, Dublin 15",One bed,Apartment,813.4,D15
2012,"Blanchardstown, Dublin 15",One bed,Apartment,750.6,D15
2012,"Castleknock, Dublin 15",One bed,Apartment,831.96,D15
2012,"Ongar, Dublin 15",One bed,Apartment,687.7,D15
2012,"Royal Canal Park, Dublin 15",One bed,Apartment,807.94,D15
2012,Dublin 16,One bed,Apartment,916.15,D16
2012,"Dundrum, Dublin 16",One bed,Apartment,973.1,D16
2012,"Rathfarnham, Dublin 16",One bed,Apartment,837.29,D16
2012,Dublin 17,One bed,Apartment,759.34,D17
2012,"Malahide Road, Dublin 17",One bed,Apartment,774.27,D17
2012,Dublin 18,One bed,Apartment,935.25,D18
2012,"Cabinteely, Dublin 18",One bed,Apartment,858.88,D18
2012,"Carrickmines, Dublin 18",One bed,Apartment,872.27,D18
2012,"Leopardstown, Dublin 18",One bed,Apartment,1004.91,D18
2012,"Sandyford, Dublin 18",One bed,Apartment,950.35,D18
2012,"Stepaside, Dublin 18",One bed,Apartment,883.65,D18
2012,Dublin 20,One bed,Apartment,751.01,D20
2012,"Chapelizod, Dublin 20",One bed,Apartment,760.37,D20
2012,Dublin 24,One bed,Apartment,744.53,D24
2012,"Tallaght, Dublin 24",One bed,Apartment,751.89,D24
2012,"Dun Laoghaire, Dublin",One bed,Other flats,629.88,D18
2012,"Howth, Dublin",One bed,Other flats,559.47,D13
2012,"Monkstown, Dublin",One bed,Other flats,721.04,D18
2012,Dublin 1,One bed,Other flats,565.38,D1
2012,Dublin 2,One bed,Other flats,713.64,D2
2012,Dublin 3,One bed,Other flats,545.71,D3
2012,"Clontarf, Dublin 3",One bed,Other flats,563.5,D3
2012,"Drumcondra, Dublin 3",One bed,Other flats,502.96,D3
2012,"Fairview, Dublin 3",One bed,Other flats,554.25,D3
2012,Dublin 4,One bed,Other flats,643.25,D4
2012,"Ballsbridge, Dublin 4",One bed,Other flats,643.01,D4
2012,"Donnybrook, Dublin 4",One bed,Other flats,623.3,D4
2012,"Pembroke, Dublin 4",One bed,Other flats,634.84,D4
2012,"Sandymount, Dublin 4",One bed,Other flats,665.22,D4
2012,Dublin 6,One bed,Other flats,577.71,D6
2012,"Harolds Cross, Dublin 6",One bed,Other flats,554.32,D6
2012,"Ranelagh, Dublin 6",One bed,Other flats,593.48,D6
2012,"Rathgar, Dublin 6",One bed,Other flats,574.19,D6
2012,"Rathmines, Dublin 6",One bed,Other flats,573.01,D6
2012,"Terenure, Dublin 6",One bed,Other flats,543.77,D6
2012,Dublin 6W,One bed,Other flats,572.63,D6W
2012,"Harolds Cross, Dublin 6W",One bed,Other flats,570.33,D6W
2012,"Terenure, Dublin 6W",One bed,Other flats,555.84,D6W
2012,Dublin 7,One bed,Other flats,516.58,D7
2012,"Cabra, Dublin 7",One bed,Other flats,514.41,D7
2012,"Phibsboro, Dublin 7",One bed,Other flats,510.92,D7
2012,Dublin 8,One bed,Other flats,553.55,D8
2012,"Kilmainham , Dublin 8",One bed,Other flats,553.85,D8
2012,"Portobello, Dublin 8",One bed,Other flats,567.88,D8
2012,"Rialto, Dublin 8",One bed,Other flats,545.4,D8
2012,"South Circular Road, Dublin 8",One bed,Other flats,546.91,D8
2012,Dublin 9,One bed,Other flats,500.76,D9
2012,"Drumcondra, Dublin 9",One bed,Other flats,501.39,D9
2012,"Glasnevin, Dublin 9",One bed,Other flats,543.97,D9
2012,Dublin 11,One bed,Other flats,595.36,D11
2012,Dublin 12,One bed,Other flats,523.72,D12
2012,"Kimmage, Dublin 12",One bed,Other flats,506.58,D12
2012,"Balbriggan, Dublin",Two bed,Semi detached house,733.64,D1
2012,"Blackrock, Dublin",Two bed,Semi detached house,1090.24,D18
2012,"Lucan, Dublin",Two bed,Semi detached house,931.28,D20
2012,Dublin 3,Two bed,Semi detached house,954.12,D3
2012,Dublin 4,Two bed,Semi detached house,1285.89,D4
2012,"Ballsbridge, Dublin 4",Two bed,Semi detached house,1377.91,D4
2012,Dublin 5,Two bed,Semi detached house,918.88,D5
2012,Dublin 6,Two bed,Semi detached house,1139.49,D6
2012,Dublin 7,Two bed,Semi detached house,935.95,D7
2012,"Cabra, Dublin 7",Two bed,Semi detached house,904.55,D7
2012,Dublin 8,Two bed,Semi detached house,996.09,D8
2012,Dublin 9,Two bed,Semi detached house,995.59,D9
2012,Dublin 11,Two bed,Semi detached house,897.99,D11
2012,"Finglas, Dublin 11",Two bed,Semi detached house,864.18,D11
2012,Dublin 12,Two bed,Semi detached house,933.27,D12
2012,"Crumlin, Dublin 12",Two bed,Semi detached house,926.82,D12
2012,"Drimnagh, Dublin 12",Two bed,Semi detached house,915.91,D12
2012,Dublin 14,Two bed,Semi detached house,1130.53,D14
2012,Dublin 15,Two bed,Semi detached house,906.48,D15
2012,Dublin 24,Two bed,Semi detached house,887.84,D24
2012,"Balbriggan, Dublin",Two bed,Terrace house,743.92,D1
2012,"Blackrock, Dublin",Two bed,Terrace house,1106.1,D18
2012,"Dalkey, Dublin",Two bed,Terrace house,1233.67,D18
2012,"Dun Laoghaire, Dublin",Two bed,Terrace house,1026.72,D18
2012,"Lucan, Dublin",Two bed,Terrace house,880.48,D20
2012,"Lusk, Dublin",Two bed,Terrace house,793.0,D1
2012,"Rush, Dublin",Two bed,Terrace house,798.91,D1
2012,"Swords, Dublin",Two bed,Terrace house,904.32,D17
2012,Dublin 1,Two bed,Terrace house,881.29,D1
2012,Dublin 2,Two bed,Terrace house,2127.88,D2
2012,Dublin 3,Two bed,Terrace house,913.14,D3
2012,"Clontarf, Dublin 3",Two bed,Terrace house,1015.52,D3
2012,"Drumcondra, Dublin 3",Two bed,Terrace house,967.08,D3
2012,"East Wall, Dublin 3",Two bed,Terrace house,897.79,D3
2012,"North Strand, Dublin 3",Two bed,Terrace house,864.8,D3
2012,Dublin 4,Two bed,Terrace house,1217.16,D4
2012,"Ballsbridge, Dublin 4",Two bed,Terrace house,1348.62,D4
2012,"Donnybrook, Dublin 4",Two bed,Terrace house,1240.52,D4
2012,"Ringsend, Dublin 4",Two bed,Terrace house,1045.07,D4
2012,"Sandymount, Dublin 4",Two bed,Terrace house,1203.13,D4
2012,Dublin 5,Two bed,Terrace house,971.23,D5
2012,Dublin 6,Two bed,Terrace house,1201.64,D6
2012,"Harolds Cross, Dublin 6",Two bed,Terrace house,1006.88,D6
2012,"Milltown, Dublin 6",Two bed,Terrace house,1269.27,D6
2012,"Ranelagh, Dublin 6",Two bed,Terrace house,1256.54,D6
2012,"Rathgar, Dublin 6",Two bed,Terrace house,1131.78,D6
2012,"Rathmines, Dublin 6",Two bed,Terrace house,1206.76,D6
2012,Dublin 6W,Two bed,Terrace house,1041.62,D6W
2012,"Harolds Cross, Dublin 6W",Two bed,Terrace house,1009.85,D6W
2012,Dublin 7,Two bed,Terrace house,929.29,D7
2012,"Cabra, Dublin 7",Two bed,Terrace house,899.64,D7
2012,"Stoneybatter, Dublin 7",Two bed,Terrace house,948.41,D7
2012,Dublin 8,Two bed,Terrace house,1024.05,D8
2012,"Inchicore, Dublin 8",Two bed,Terrace house,900.07,D8
2012,"Kilmainham , Dublin 8",Two bed,Terrace house,980.54,D8
2012,"Portobello, Dublin 8",Two bed,Terrace house,1211.97,D8
2012,"Rialto, Dublin 8",Two bed,Terrace house,934.85,D8
2012,Dublin 9,Two bed,Terrace house,972.36,D9
2012,"Drumcondra, Dublin 9",Two bed,Terrace house,981.63,D9
2012,"Whitehall, Dublin 9",Two bed,Terrace house,937.26,D9
2012,Dublin 10,Two bed,Terrace house,888.74,D10
2012,"Ballyfermot, Dublin 10",Two bed,Terrace house,907.9,D10
2012,Dublin 11,Two bed,Terrace house,887.09,D11
2012,"Finglas, Dublin 11",Two bed,Terrace house,884.68,D11
2012,Dublin 12,Two bed,Terrace house,929.38,D12
2012,"Crumlin, Dublin 12",Two bed,Terrace house,919.99,D12
2012,"Drimnagh, Dublin 12",Two bed,Terrace house,912.57,D12
2012,"Kimmage, Dublin 12",Two bed,Terrace house,973.81,D12
2012,Dublin 13,Two bed,Terrace house,982.17,D13
2012,Dublin 14,Two bed,Terrace house,1097.85,D14
2012,"Dundrum, Dublin 14",Two bed,Terrace house,1122.92,D14
2012,Dublin 15,Two bed,Terrace house,883.53,D15
2012,"Blanchardstown, Dublin 15",Two bed,Terrace house,892.5,D15
2012,"Castleknock, Dublin 15",Two bed,Terrace house,906.06,D15
2012,"Clonee, Dublin 15",Two bed,Terrace house,879.89,D15
2012,"Clonsilla, Dublin 15",Two bed,Terrace house,855.28,D15
2012,"Tyrrelstown, Dublin 15",Two bed,Terrace house,882.42,D15
2012,Dublin 16,Two bed,Terrace house,998.94,D16
2012,"Dundrum, Dublin 16",Two bed,Terrace house,1129.5,D16
2012,"Rathfarnham, Dublin 16",Two bed,Terrace house,1004.12,D16
2012,Dublin 18,Two bed,Terrace house,1114.67,D18
2012,Dublin 20,Two bed,Terrace house,942.73,D20
2012,Dublin 24,Two bed,Terrace house,911.64,D24
2012,"Balbriggan, Dublin",Two bed,Apartment,693.05,D1
2012,"Blackrock, Dublin",Two bed,Apartment,1149.62,D18
2012,"Booterstown, Dublin",Two bed,Apartment,1165.19,D4
2012,"Dalkey, Dublin",Two bed,Apartment,1288.69,D18
2012,"Donabate, Dublin",Two bed,Apartment,813.79,D13
2012,"Dun Laoghaire, Dublin",Two bed,Apartment,1163.57,D18
2012,"Howth, Dublin",Two bed,Apartment,1180.29,D13
2012,"Killiney, Dublin",Two bed,Apartment,1486.61,D18
2012,"Kinsealy, Dublin",Two bed,Apartment,842.53,D17
2012,"Lucan, Dublin",Two bed,Apartment,889.92,D20
2012,"Malahide, Dublin",Two bed,Apartment,1138.96,D17
2012,"Monkstown, Dublin",Two bed,Apartment,1047.99,D18
2012,"Portmarnock, Dublin",Two bed,Apartment,958.58,D13
2012,"Rathcoole, Dublin",Two bed,Apartment,818.85,D24
2012,"Rush, Dublin",Two bed,Apartment,814.14,D1
2012,"Saggart, Dublin",Two bed,Apartment,900.12,D24
2012,"Sandycove, Dublin",Two bed,Apartment,1079.46,D18
2012,"Shankill, Dublin",Two bed,Apartment,986.47,D18
2012,"Skerries, Dublin",Two bed,Apartment,793.93,D1
2012,"Stillorgan, Dublin",Two bed,Apartment,1164.58,D18
2012,"Swords, Dublin",Two bed,Apartment,872.56,D17
2012,Dublin 1,Two bed,Apartment,1127.46,D1
2012,"I.F.S.C., Dublin 1",Two bed,Apartment,1545.75,D1
2012,"Parnell Street, Dublin 1",Two bed,Apartment,1084.09,D1
2012,"Spencer Dock, Dublin 1",Two bed,Apartment,1379.64,D1
2012,Dublin 2,Two bed,Apartment,1275.16,D2
2012,"Aungier Street, Dublin 2",Two bed,Apartment,1017.17,D2
2012,"Charlemont Street, Dublin 2",Two bed,Apartment,1188.91,D2
2012,"Grand Canal Dock, Dublin 2",Two bed,Apartment,1556.02,D2
2012,"Grand Canal Square, Dublin 2",Two bed,Apartment,1812.57,D2
2012,"Hanover Quay, Dublin 2",Two bed,Apartment,1667.33,D2
2012,"Pearse Street, Dublin 2",Two bed,Apartment,1170.0,D2
2012,"Temple Bar, Dublin 2",Two bed,Apartment,1111.61,D2
2012,"Townsend Street, Dublin 2",Two bed,Apartment,1271.46,D2
2012,Dublin 3,Two bed,Apartment,1035.51,D3
2012,"Clontarf, Dublin 3",Two bed,Apartment,1043.03,D3
2012,"Drumcondra, Dublin 3",Two bed,Apartment,1020.84,D3
2012,"East Wall, Dublin 3",Two bed,Apartment,945.14,D3
2012,"Fairview, Dublin 3",Two bed,Apartment,1002.32,D3
2012,Dublin 4,Two bed,Apartment,1313.1,D4
2012,"Ballsbridge, Dublin 4",Two bed,Apartment,1456.08,D4
2012,"Donnybrook, Dublin 4",Two bed,Apartment,1214.89,D4
2012,"Merrion, Dublin 4",Two bed,Apartment,1284.77,D4
2012,"Pembroke, Dublin 4",Two bed,Apartment,1280.57,D4
2012,"Ringsend, Dublin 4",Two bed,Apartment,1180.58,D4
2012,"Sandymount, Dublin 4",Two bed,Apartment,1323.61,D4
2012,Dublin 5,Two bed,Apartment,972.61,D5
2012,"Artane, Dublin 5",Two bed,Apartment,924.72,D5
2012,"Killester, Dublin 5",Two bed,Apartment,913.5,D5
2012,"Raheny, Dublin 5",Two bed,Apartment,1033.94,D5
2012,Dublin 6,Two bed,Apartment,1152.02,D6
2012,"Dartry, Dublin 6",Two bed,Apartment,1170.13,D6
2012,"Milltown, Dublin 6",Two bed,Apartment,1354.07,D6
2012,"Ranelagh, Dublin 6",Two bed,Apartment,1174.95,D6
2012,"Rathgar, Dublin 6",Two bed,Apartment,1021.31,D6
2012,"Rathmines, Dublin 6",Two bed,Apartment,1055.3,D6
2012,"Terenure, Dublin 6",Two bed,Apartment,1037.45,D6
2012,Dublin 6W,Two bed,Apartment,1101.9,D6W
2012,"Terenure, Dublin 6W",Two bed,Apartment,1135.16,D6W
2012,Dublin 7,Two bed,Apartment,975.66,D7
2012,"Navan Road, Dublin 7",Two bed,Apartment,947.11,D7
2012,"Phibsboro, Dublin 7",Two bed,Apartment,874.62,D7
2012,"Smithfield, Dublin 7",Two bed,Apartment,1074.85,D7
2012,Dublin 8,Two bed,Apartment,965.39,D8
2012,"Christchurch, Dublin 8",Two bed,Apartment,980.33,D8
2012,"Cork Street, Dublin 8",Two bed,Apartment,1020.95,D8
2012,"Inchicore, Dublin 8",Two bed,Apartment,915.54,D8
2012,"Islandbridge, Dublin 8",Two bed,Apartment,1126.01,D8
2012,"Kilmainham , Dublin 8",Two bed,Apartment,962.17,D8
2012,"Rialto, Dublin 8",Two bed,Apartment,943.19,D8
2012,"South Circular Road, Dublin 8",Two bed,Apartment,868.97,D8
2012,Dublin 9,Two bed,Apartment,933.76,D9
2012,"Ballymun, Dublin 9",Two bed,Apartment,784.68,D9
2012,"Beaumont, Dublin 9",Two bed,Apartment,868.41,D9
2012,"Drumcondra, Dublin 9",Two bed,Apartment,1011.42,D9
2012,"Glasnevin, Dublin 9",Two bed,Apartment,919.13,D9
2012,"Santry, Dublin 9",Two bed,Apartment,925.83,D9
2012,"Whitehall, Dublin 9",Two bed,Apartment,1094.7,D9
2012,Dublin 10,Two bed,Apartment,868.0,D10
2012,"Ballyfermot, Dublin 10",Two bed,Apartment,851.63,D10
2012,"Cherry Orchard, Dublin 10",Two bed,Apartment,851.82,D10
2012,Dublin 11,Two bed,Apartment,884.44,D11
2012,"Ballymun, Dublin 11",Two bed,Apartment,785.58,D11
2012,"Finglas, Dublin 11",Two bed,Apartment,875.99,D11
2012,"Glasnevin, Dublin 11",Two bed,Apartment,946.4,D11
2012,"Meakstown, Dublin 11",Two bed,Apartment,878.55,D11
2012,"St Margarets Road, Dublin 11",Two bed,Apartment,977.26,D11
2012,Dublin 12,Two bed,Apartment,943.2,D12
2012,"Crumlin, Dublin 12",Two bed,Apartment,901.8,D12
2012,"Drimnagh, Dublin 12",Two bed,Apartment,1048.93,D12
2012,"Kimmage, Dublin 12",Two bed,Apartment,901.55,D12
2012,Dublin 13,Two bed,Apartment,972.76,D13
2012,"Baldoyle, Dublin 13",Two bed,Apartment,899.87,D13
2012,"Balgriffin, Dublin 13",Two bed,Apartment,909.83,D13
2012,"Clongriffin, Dublin 13",Two bed,Apartment,950.19,D13
2012,"Donaghmede, Dublin 13",Two bed,Apartment,910.01,D13
2012,"Sutton, Dublin 13",Two bed,Apartment,1318.55,D13
2012,Dublin 14,Two bed,Apartment,1141.75,D14
2012,"Churchtown, Dublin 14",Two bed,Apartment,1242.46,D14
2012,"Clonskeagh, Dublin 14",Two bed,Apartment,1139.25,D14
2012,"Dundrum, Dublin 14",Two bed,Apartment,1169.46,D14
2012,"Goatstown, Dublin 14",Two bed,Apartment,1215.13,D14
2012,"Rathfarnham, Dublin 14",Two bed,Apartment,1042.29,D14
2012,Dublin 15,Two bed,Apartment,909.06,D15
2012,"Ashtown, Dublin 15",Two bed,Apartment,945.41,D15
2012,"Blanchardstown, Dublin 15",Two bed,Apartment,912.88,D15
2012,"Carpenterstown, Dublin 15",Two bed,Apartment,890.96,D15
2012,"Castleknock, Dublin 15",Two bed,Apartment,987.36,D15
2012,"Clonee, Dublin 15",Two bed,Apartment,805.36,D15
2012,"Clonsilla, Dublin 15",Two bed,Apartment,843.99,D15
2012,"Mulhuddart, Dublin 15",Two bed,Apartment,796.6,D15
2012,"Ongar, Dublin 15",Two bed,Apartment,844.14,D15
2012,"Porterstown, Dublin 15",Two bed,Apartment,827.34,D15
2012,"Royal Canal Park, Dublin 15",Two bed,Apartment,945.19,D15
2012,"Tyrrelstown, Dublin 15",Two bed,Apartment,806.94,D15
2012,Dublin 16,Two bed,Apartment,1080.85,D16
2012,"Ballinteer, Dublin 16",Two bed,Apartment,1113.82,D16
2012,"Dundrum, Dublin 16",Two bed,Apartment,1175.18,D16
2012,"Rathfarnham, Dublin 16",Two bed,Apartment,1020.65,D16
2012,Dublin 17,Two bed,Apartment,913.44,D17
2012,"Malahide Road, Dublin 17",Two bed,Apartment,924.66,D17
2012,"Northern Cross, Dublin 17",Two bed,Apartment,965.32,D17
2012,Dublin 18,Two bed,Apartment,1119.26,D18
2012,"Cabinteely, Dublin 18",Two bed,Apartment,1022.0,D18
2012,"Carrickmines, Dublin 18",Two bed,Apartment,1108.95,D18
2012,"Foxrock, Dublin 18",Two bed,Apartment,1606.06,D18
2012,"Leopardstown, Dublin 18",Two bed,Apartment,1182.84,D18
2012,"Sandyford, Dublin 18",Two bed,Apartment,1141.64,D18
2012,"Stepaside, Dublin 18",Two bed,Apartment,1020.29,D18
2012,Dublin 20,Two bed,Apartment,895.86,D20
2012,"Chapelizod, Dublin 20",Two bed,Apartment,891.02,D20
2012,"Palmerstown, Dublin 20",Two bed,Apartment,900.6,D20
2012,Dublin 24,Two bed,Apartment,872.57,D24
2012,"Ballycullen, Dublin 24",Two bed,Apartment,935.52,D24
2012,"Citywest, Dublin 24",Two bed,Apartment,872.84,D24
2012,"Firhouse, Dublin 24",Two bed,Apartment,911.88,D24
2012,"Tallaght, Dublin 24",Two bed,Apartment,871.32,D24
2012,"Dun Laoghaire, Dublin",Two bed,Other flats,863.76,D18
2012,Dublin 1,Two bed,Other flats,749.44,D1
2012,Dublin 2,Two bed,Other flats,1089.66,D2
2012,Dublin 3,Two bed,Other flats,753.67,D3
2012,"Drumcondra, Dublin 3",Two bed,Other flats,733.97,D3
2012,"Fairview, Dublin 3",Two bed,Other flats,744.61,D3
2012,Dublin 4,Two bed,Other flats,1010.0,D4
2012,"Ballsbridge, Dublin 4",Two bed,Other flats,1047.31,D4
2012,Dublin 6,Two bed,Other flats,831.73,D6
2012,"Ranelagh, Dublin 6",Two bed,Other flats,874.79,D6
2012,"Rathgar, Dublin 6",Two bed,Other flats,854.0,D6
2012,"Rathmines, Dublin 6",Two bed,Other flats,830.49,D6
2012,Dublin 7,Two bed,Other flats,706.36,D7
2012,Dublin 8,Two bed,Other flats,740.91,D8
2012,Dublin 9,Two bed,Other flats,742.71,D9
2012,"Drumcondra, Dublin 9",Two bed,Other flats,722.04,D9
2012,Dublin 12,Two bed,Other flats,763.17,D12
2012,Dublin 4,Three bed,Detached house,2041.19,D4
2012,Dublin 13,Three bed,Detached house,1131.62,D13
2012,Dublin 15,Three bed,Detached house,1007.14,D15
2012,Dublin 24,Three bed,Detached house,1021.25,D24
2012,"Balbriggan, Dublin",Three bed,Semi detached house,864.24,D1
2012,"Blackrock, Dublin",Three bed,Semi detached house,1479.29,D18
2012,"Dun Laoghaire, Dublin",Three bed,Semi detached house,1296.67,D18
2012,"Killiney, Dublin",Three bed,Semi detached house,1197.06,D18
2012,"Kinsealy, Dublin",Three bed,Semi detached house,985.58,D17
2012,"Lucan, Dublin",Three bed,Semi detached house,1012.01,D20
2012,"Lusk, Dublin",Three bed,Semi detached house,951.37,D1
2012,"Malahide, Dublin",Three bed,Semi detached house,1306.82,D17
2012,"Rush, Dublin",Three bed,Semi detached house,896.4,D1
2012,"Shankill, Dublin",Three bed,Semi detached house,1129.02,D18
2012,"Skerries, Dublin",Three bed,Semi detached house,955.8,D1
2012,"Stillorgan, Dublin",Three bed,Semi detached house,1350.93,D18
2012,"Swords, Dublin",Three bed,Semi detached house,1026.16,D17
2012,Dublin 3,Three bed,Semi detached house,1218.89,D3
2012,"Clontarf, Dublin 3",Three bed,Semi detached house,1303.49,D3
2012,"Drumcondra, Dublin 3",Three bed,Semi detached house,1184.59,D3
2012,Dublin 4,Three bed,Semi detached house,1944.44,D4
2012,"Ballsbridge, Dublin 4",Three bed,Semi detached house,1989.74,D4
2012,"Sandymount, Dublin 4",Three bed,Semi detached house,1984.43,D4
2012,Dublin 5,Three bed,Semi detached house,1068.87,D5
2012,"Artane, Dublin 5",Three bed,Semi detached house,1043.6,D5
2012,"Killester, Dublin 5",Three bed,Semi detached house,1093.82,D5
2012,"Raheny, Dublin 5",Three bed,Semi detached house,1067.34,D5
2012,Dublin 6,Three bed,Semi detached house,1438.63,D6
2012,"Harolds Cross, Dublin 6",Three bed,Semi detached house,1252.55,D6
2012,"Ranelagh, Dublin 6",Three bed,Semi detached house,1492.16,D6
2012,"Rathgar, Dublin 6",Three bed,Semi detached house,1471.72,D6
2012,"Rathmines, Dublin 6",Three bed,Semi detached house,1368.28,D6
2012,Dublin 6W,Three bed,Semi detached house,1244.89,D6W
2012,"Harolds Cross, Dublin 6W",Three bed,Semi detached house,1284.42,D6W
2012,"Templeogue, Dublin 6W",Three bed,Semi detached house,1197.5,D6W
2012,"Terenure, Dublin 6W",Three bed,Semi detached house,1290.51,D6W
2012,Dublin 7,Three bed,Semi detached house,1068.87,D7
2012,"Cabra, Dublin 7",Three bed,Semi detached house,1043.22,D7
2012,"Navan Road, Dublin 7",Three bed,Semi detached house,1066.73,D7
2012,Dublin 8,Three bed,Semi detached house,1183.89,D8
2012,Dublin 9,Three bed,Semi detached house,1102.85,D9
2012,"Beaumont, Dublin 9",Three bed,Semi detached house,1070.45,D9
2012,"Drumcondra, Dublin 9",Three bed,Semi detached house,1177.5,D9
2012,"Glasnevin, Dublin 9",Three bed,Semi detached house,1103.4,D9
2012,"Santry, Dublin 9",Three bed,Semi detached house,1059.54,D9
2012,"Whitehall, Dublin 9",Three bed,Semi detached house,1102.18,D9
2012,Dublin 10,Three bed,Semi detached house,989.5,D10
2012,Dublin 11,Three bed,Semi detached house,981.85,D11
2012,"Finglas, Dublin 11",Three bed,Semi detached house,934.72,D11
2012,"Glasnevin, Dublin 11",Three bed,Semi detached house,1055.69,D11
2012,Dublin 12,Three bed,Semi detached house,1044.74,D12
2012,"Crumlin, Dublin 12",Three bed,Semi detached house,1053.97,D12
2012,"Drimnagh, Dublin 12",Three bed,Semi detached house,1017.22,D12
2012,"Walkinstown, Dublin 12",Three bed,Semi detached house,1041.95,D12
2012,Dublin 13,Three bed,Semi detached house,1071.32,D13
2012,Dublin 14,Three bed,Semi detached house,1344.43,D14
2012,"Churchtown, Dublin 14",Three bed,Semi detached house,1330.51,D14
2012,"Clonskeagh, Dublin 14",Three bed,Semi detached house,1505.7,D14
2012,"Dundrum, Dublin 14",Three bed,Semi detached house,1313.82,D14
2012,"Rathfarnham, Dublin 14",Three bed,Semi detached house,1203.33,D14
2012,Dublin 15,Three bed,Semi detached house,983.95,D15
2012,"Blanchardstown, Dublin 15",Three bed,Semi detached house,952.8,D15
2012,"Carpenterstown, Dublin 15",Three bed,Semi detached house,1052.38,D15
2012,"Castleknock, Dublin 15",Three bed,Semi detached house,1035.92,D15
2012,"Clonee, Dublin 15",Three bed,Semi detached house,994.93,D15
2012,"Clonsilla, Dublin 15",Three bed,Semi detached house,964.52,D15
2012,"Mulhuddart, Dublin 15",Three bed,Semi detached house,945.22,D15
2012,"Tyrrelstown, Dublin 15",Three bed,Semi detached house,1026.06,D15
2012,Dublin 16,Three bed,Semi detached house,1163.47,D16
2012,"Ballinteer, Dublin 16",Three bed,Semi detached house,1167.37,D16
2012,"Dundrum, Dublin 16",Three bed,Semi detached house,1304.91,D16
2012,"Knocklyon, Dublin 16",Three bed,Semi detached house,1145.12,D16
2012,"Rathfarnham, Dublin 16",Three bed,Semi detached house,1192.04,D16
2012,Dublin 17,Three bed,Semi detached house,992.36,D17
2012,Dublin 18,Three bed,Semi detached house,1272.46,D18
2012,"Cabinteely, Dublin 18",Three bed,Semi detached house,1282.5,D18
2012,"Leopardstown, Dublin 18",Three bed,Semi detached house,1240.0,D18
2012,"Sandyford, Dublin 18",Three bed,Semi detached house,1208.71,D18
2012,Dublin 20,Three bed,Semi detached house,987.29,D20
2012,"Palmerstown, Dublin 20",Three bed,Semi detached house,962.64,D20
2012,Dublin 24,Three bed,Semi detached house,977.66,D24
2012,"Ballycullen, Dublin 24",Three bed,Semi detached house,1069.74,D24
2012,"Citywest, Dublin 24",Three bed,Semi detached house,1030.81,D24
2012,"Firhouse, Dublin 24",Three bed,Semi detached house,1043.74,D24
2012,"Tallaght, Dublin 24",Three bed,Semi detached house,957.1,D24
2012,"Balbriggan, Dublin",Three bed,Terrace house,854.38,D1
2012,"Blackrock, Dublin",Three bed,Terrace house,1419.85,D18
2012,"Dun Laoghaire, Dublin",Three bed,Terrace house,1204.86,D18
2012,"Lucan, Dublin",Three bed,Terrace house,991.67,D20
2012,"Lusk, Dublin",Three bed,Terrace house,923.69,D1
2012,"Malahide, Dublin",Three bed,Terrace house,1325.34,D17
2012,"Rush, Dublin",Three bed,Terrace house,862.55,D1
2012,"Saggart, Dublin",Three bed,Terrace house,1045.0,D24
2012,"Swords, Dublin",Three bed,Terrace house,1009.37,D17
2012,Dublin 1,Three bed,Terrace house,1106.54,D1
2012,Dublin 3,Three bed,Terrace house,1119.7,D3
2012,"Clontarf, Dublin 3",Three bed,Terrace house,1280.28,D3
2012,"Drumcondra, Dublin 3",Three bed,Terrace house,1170.17,D3
2012,"East Wall, Dublin 3",Three bed,Terrace house,992.12,D3
2012,"Fairview, Dublin 3",Three bed,Terrace house,1111.33,D3
2012,"Marino, Dublin 3",Three bed,Terrace house,1147.33,D3
2012,Dublin 4,Three bed,Terrace house,1693.36,D4
2012,"Ballsbridge, Dublin 4",Three bed,Terrace house,1914.77,D4
2012,"Donnybrook, Dublin 4",Three bed,Terrace house,1642.2,D4
2012,"Sandymount, Dublin 4",Three bed,Terrace house,1696.02,D4
2012,Dublin 5,Three bed,Terrace house,1047.14,D5
2012,"Artane, Dublin 5",Three bed,Terrace house,1044.65,D5
2012,"Killester, Dublin 5",Three bed,Terrace house,1079.84,D5
2012,"Raheny, Dublin 5",Three bed,Terrace house,1084.62,D5
2012,Dublin 6,Three bed,Terrace house,1536.91,D6
2012,"Harolds Cross, Dublin 6",Three bed,Terrace house,1182.58,D6
2012,"Ranelagh, Dublin 6",Three bed,Terrace house,1839.93,D6
2012,"Rathmines, Dublin 6",Three bed,Terrace house,1594.08,D6
2012,Dublin 6W,Three bed,Terrace house,1221.45,D6W
2012,"Harolds Cross, Dublin 6W",Three bed,Terrace house,1207.77,D6W
2012,"Terenure, Dublin 6W",Three bed,Terrace house,1212.59,D6W
2012,Dublin 7,Three bed,Terrace house,1063.41,D7
2012,"Cabra, Dublin 7",Three bed,Terrace house,986.35,D7
2012,"Navan Road, Dublin 7",Three bed,Terrace house,1025.14,D7
2012,"Phibsboro, Dublin 7",Three bed,Terrace house,1077.07,D7
2012,Dublin 8,Three bed,Terrace house,1180.13,D8
2012,"Inchicore, Dublin 8",Three bed,Terrace house,1030.07,D8
2012,"Kilmainham , Dublin 8",Three bed,Terrace house,1102.29,D8
2012,Dublin 9,Three bed,Terrace house,1100.85,D9
2012,"Drumcondra, Dublin 9",Three bed,Terrace house,1187.78,D9
2012,"Glasnevin, Dublin 9",Three bed,Terrace house,1061.0,D9
2012,"Santry, Dublin 9",Three bed,Terrace house,1022.43,D9
2012,Dublin 10,Three bed,Terrace house,955.73,D10
2012,"Ballyfermot, Dublin 10",Three bed,Terrace house,967.72,D10
2012,Dublin 11,Three bed,Terrace house,960.07,D11
2012,"Finglas, Dublin 11",Three bed,Terrace house,950.05,D11
2012,"Glasnevin, Dublin 11",Three bed,Terrace house,1024.55,D11
2012,Dublin 12,Three bed,Terrace house,1005.68,D12
2012,"Crumlin, Dublin 12",Three bed,Terrace house,1020.17,D12
2012,"Drimnagh, Dublin 12",Three bed,Terrace house,983.35,D12
2012,"Kimmage, Dublin 12",Three bed,Terrace house,1086.78,D12
2012,"Walkinstown, Dublin 12",Three bed,Terrace house,1017.75,D12
2012,Dublin 13,Three bed,Terrace house,1088.33,D13
2012,"Baldoyle, Dublin 13",Three bed,Terrace house,1020.81,D13
2012,"Balgriffin, Dublin 13",Three bed,Terrace house,1146.67,D13
2012,"Sutton, Dublin 13",Three bed,Terrace house,1131.62,D13
2012,Dublin 14,Three bed,Terrace house,1303.75,D14
2012,"Churchtown, Dublin 14",Three bed,Terrace house,1270.97,D14
2012,"Rathfarnham, Dublin 14",Three bed,Terrace house,1170.12,D14
2012,Dublin 15,Three bed,Terrace house,980.87,D15
2012,"Blanchardstown, Dublin 15",Three bed,Terrace house,921.89,D15
2012,"Castleknock, Dublin 15",Three bed,Terrace house,1052.21,D15
2012,"Clonsilla, Dublin 15",Three bed,Terrace house,952.95,D15
2012,"Mulhuddart, Dublin 15",Three bed,Terrace house,904.17,D15
2012,"Ongar, Dublin 15",Three bed,Terrace house,946.5,D15
2012,"Tyrrelstown, Dublin 15",Three bed,Terrace house,1009.09,D15
2012,Dublin 16,Three bed,Terrace house,1153.92,D16
2012,"Dundrum, Dublin 16",Three bed,Terrace house,1326.38,D16
2012,"Rathfarnham, Dublin 16",Three bed,Terrace house,1148.52,D16
2012,Dublin 17,Three bed,Terrace house,972.05,D17
2012,Dublin 18,Three bed,Terrace house,1332.72,D18
2012,Dublin 20,Three bed,Terrace house,1000.42,D20
2012,Dublin 24,Three bed,Terrace house,965.22,D24
2012,"Tallaght, Dublin 24",Three bed,Terrace house,948.96,D24
2012,"Balbriggan, Dublin",Three bed,Apartment,842.97,D1
2012,"Blackrock, Dublin",Three bed,Apartment,1486.59,D18
2012,"Dun Laoghaire, Dublin",Three bed,Apartment,1572.17,D18
2012,"Lucan, Dublin",Three bed,Apartment,1003.94,D20
2012,"Malahide, Dublin",Three bed,Apartment,1243.55,D17
2012,"Stillorgan, Dublin",Three bed,Apartment,1516.81,D18
2012,"Swords, Dublin",Three bed,Apartment,1028.63,D17
2012,Dublin 1,Three bed,Apartment,1499.14,D1
2012,"I.F.S.C., Dublin 1",Three bed,Apartment,2306.0,D1
2012,Dublin 2,Three bed,Apartment,1618.97,D2
2012,Dublin 3,Three bed,Apartment,1269.92,D3
2012,"Clontarf, Dublin 3",Three bed,Apartment,1428.68,D3
2012,"Drumcondra, Dublin 3",Three bed,Apartment,1333.59,D3
2012,"East Wall, Dublin 3",Three bed,Apartment,1208.33,D3
2012,"Fairview, Dublin 3",Three bed,Apartment,1210.28,D3
2012,Dublin 4,Three bed,Apartment,1730.99,D4
2012,"Ballsbridge, Dublin 4",Three bed,Apartment,1847.5,D4
2012,"Pembroke, Dublin 4",Three bed,Apartment,1564.03,D4
2012,"Ringsend, Dublin 4",Three bed,Apartment,1610.09,D4
2012,"Sandymount, Dublin 4",Three bed,Apartment,1793.71,D4
2012,Dublin 5,Three bed,Apartment,1208.59,D5
2012,Dublin 6,Three bed,Apartment,1460.51,D6
2012,"Milltown, Dublin 6",Three bed,Apartment,1667.43,D6
2012,"Rathmines, Dublin 6",Three bed,Apartment,1360.58,D6
2012,Dublin 6W,Three bed,Apartment,1370.24,D6W
2012,Dublin 7,Three bed,Apartment,1239.0,D7
2012,"Smithfield, Dublin 7",Three bed,Apartment,1348.72,D7
2012,Dublin 8,Three bed,Apartment,1341.16,D8
2012,"Inchicore, Dublin 8",Three bed,Apartment,1187.98,D8
2012,"Islandbridge, Dublin 8",Three bed,Apartment,1357.16,D8
2012,"Kilmainham , Dublin 8",Three bed,Apartment,1256.25,D8
2012,Dublin 9,Three bed,Apartment,1192.29,D9
2012,"Drumcondra, Dublin 9",Three bed,Apartment,1348.1,D9
2012,"Santry, Dublin 9",Three bed,Apartment,1080.9,D9
2012,Dublin 11,Three bed,Apartment,1032.36,D11
2012,"Finglas, Dublin 11",Three bed,Apartment,1007.66,D11
2012,Dublin 12,Three bed,Apartment,1133.97,D12
2012,Dublin 13,Three bed,Apartment,1101.98,D13
2012,"Balgriffin, Dublin 13",Three bed,Apartment,1082.43,D13
2012,"Clongriffin, Dublin 13",Three bed,Apartment,1015.16,D13
2012,Dublin 14,Three bed,Apartment,1549.22,D14
2012,Dublin 15,Three bed,Apartment,1035.84,D15
2012,"Ashtown, Dublin 15",Three bed,Apartment,1093.84,D15
2012,"Blanchardstown, Dublin 15",Three bed,Apartment,983.77,D15
2012,"Castleknock, Dublin 15",Three bed,Apartment,1113.08,D15
2012,"Royal Canal Park, Dublin 15",Three bed,Apartment,1081.83,D15
2012,"Tyrrelstown, Dublin 15",Three bed,Apartment,936.22,D15
2012,Dublin 16,Three bed,Apartment,1339.12,D16
2012,"Dundrum, Dublin 16",Three bed,Apartment,1598.76,D16
2012,"Rathfarnham, Dublin 16",Three bed,Apartment,1268.03,D16
2012,Dublin 17,Three bed,Apartment,1041.06,D17
2012,Dublin 18,Three bed,Apartment,1355.52,D18
2012,"Cabinteely, Dublin 18",Three bed,Apartment,1275.34,D18
2012,"Leopardstown, Dublin 18",Three bed,Apartment,1509.38,D18
2012,"Sandyford, Dublin 18",Three bed,Apartment,1366.16,D18
2012,Dublin 20,Three bed,Apartment,1067.87,D20
2012,Dublin 24,Three bed,Apartment,1008.62,D24
2012,"Citywest, Dublin 24",Three bed,Apartment,1028.18,D24
2012,"Tallaght, Dublin 24",Three bed,Apartment,1010.46,D24
2012,Dublin 6,Three bed,Other flats,1178.02,D6
2012,"Rathmines, Dublin 6",Three bed,Other flats,1135.88,D6
2012,"Blackrock, Dublin",Four plus bed,Detached house,2192.45,D18
2012,"Killiney, Dublin",Four plus bed,Detached house,2429.9,D18
2012,"Lucan, Dublin",Four plus bed,Detached house,1249.48,D20
2012,"Malahide, Dublin",Four plus bed,Detached house,2475.32,D17
2012,"Rush, Dublin",Four plus bed,Detached house,1056.17,D1
2012,"Stillorgan, Dublin",Four plus bed,Detached house,1790.53,D18
2012,Dublin 4,Four plus bed,Detached house,2479.88,D4
2012,Dublin 6,Four plus bed,Detached house,1947.4,D6
2012,Dublin 6W,Four plus bed,Detached house,1775.61,D6W
2012,Dublin 13,Four plus bed,Detached house,1804.47,D13
2012,Dublin 14,Four plus bed,Detached house,2042.33,D14
2012,Dublin 15,Four plus bed,Detached house,1261.14,D15
2012,"Castleknock, Dublin 15",Four plus bed,Detached house,1467.29,D15
2012,Dublin 16,Four plus bed,Detached house,1523.75,D16
2012,"Rathfarnham, Dublin 16",Four plus bed,Detached house,1652.91,D16
2012,Dublin 18,Four plus bed,Detached house,2123.14,D18
2012,"Foxrock, Dublin 18",Four plus bed,Detached house,2362.52,D18
2012,"Blackrock, Dublin",Four plus bed,Semi detached house,1881.64,D18
2012,"Lucan, Dublin",Four plus bed,Semi detached house,1090.64,D20
2012,"Malahide, Dublin",Four plus bed,Semi detached house,1553.17,D17
2012,"Stillorgan, Dublin",Four plus bed,Semi detached house,1774.57,D18
2012,"Swords, Dublin",Four plus bed,Semi detached house,1122.33,D17
2012,Dublin 3,Four plus bed,Semi detached house,1465.28,D3
2012,"Clontarf, Dublin 3",Four plus bed,Semi detached house,1586.6,D3
2012,"Drumcondra, Dublin 3",Four plus bed,Semi detached house,1413.25,D3
2012,Dublin 4,Four plus bed,Semi detached house,2273.28,D4
2012,"Ballsbridge, Dublin 4",Four plus bed,Semi detached house,2314.77,D4
2012,"Sandymount, Dublin 4",Four plus bed,Semi detached house,2000.63,D4
2012,Dublin 5,Four plus bed,Semi detached house,1266.36,D5
2012,"Artane, Dublin 5",Four plus bed,Semi detached house,1200.33,D5
2012,Dublin 6,Four plus bed,Semi detached house,1998.58,D6
2012,"Ranelagh, Dublin 6",Four plus bed,Semi detached house,2111.14,D6
2012,"Rathmines, Dublin 6",Four plus bed,Semi detached house,2059.24,D6
2012,Dublin 6W,Four plus bed,Semi detached house,1505.44,D6W
2012,"Templeogue, Dublin 6W",Four plus bed,Semi detached house,1409.43,D6W
2012,"Terenure, Dublin 6W",Four plus bed,Semi detached house,1715.76,D6W
2012,Dublin 7,Four plus bed,Semi detached house,1352.53,D7
2012,Dublin 9,Four plus bed,Semi detached house,1314.12,D9
2012,"Beaumont, Dublin 9",Four plus bed,Semi detached house,1217.03,D9
2012,"Drumcondra, Dublin 9",Four plus bed,Semi detached house,1434.2,D9
2012,"Glasnevin, Dublin 9",Four plus bed,Semi detached house,1326.01,D9
2012,"Santry, Dublin 9",Four plus bed,Semi detached house,1140.0,D9
2012,Dublin 11,Four plus bed,Semi detached house,1184.98,D11
2012,Dublin 12,Four plus bed,Semi detached house,1268.5,D12
2012,Dublin 13,Four plus bed,Semi detached house,1348.91,D13
2012,Dublin 14,Four plus bed,Semi detached house,1671.43,D14
2012,"Clonskeagh, Dublin 14",Four plus bed,Semi detached house,1834.63,D14
2012,"Dundrum, Dublin 14",Four plus bed,Semi detached house,1562.11,D14
2012,"Goatstown, Dublin 14",Four plus bed,Semi detached house,1733.64,D14
2012,"Rathfarnham, Dublin 14",Four plus bed,Semi detached house,1462.79,D14
2012,Dublin 15,Four plus bed,Semi detached house,1127.31,D15
2012,"Castleknock, Dublin 15",Four plus bed,Semi detached house,1220.0,D15
2012,"Clonee, Dublin 15",Four plus bed,Semi detached house,1094.64,D15
2012,"Clonsilla, Dublin 15",Four plus bed,Semi detached house,1112.69,D15
2012,Dublin 16,Four plus bed,Semi detached house,1355.64,D16
2012,"Dundrum, Dublin 16",Four plus bed,Semi detached house,1624.62,D16
2012,"Knocklyon, Dublin 16",Four plus bed,Semi detached house,1250.41,D16
2012,"Rathfarnham, Dublin 16",Four plus bed,Semi detached house,1401.06,D16
2012,Dublin 18,Four plus bed,Semi detached house,1561.31,D18
2012,"Foxrock, Dublin 18",Four plus bed,Semi detached house,1624.55,D18
2012,"Leopardstown, Dublin 18",Four plus bed,Semi detached house,1530.0,D18
2012,"Sandyford, Dublin 18",Four plus bed,Semi detached house,1461.3,D18
2012,Dublin 24,Four plus bed,Semi detached house,1087.38,D24
2012,"Tallaght, Dublin 24",Four plus bed,Semi detached house,1063.46,D24
2012,"Malahide, Dublin",Four plus bed,Terrace house,1747.15,D17
2012,Dublin 3,Four plus bed,Terrace house,1343.16,D3
2012,"Drumcondra, Dublin 3",Four plus bed,Terrace house,1408.38,D3
2012,Dublin 4,Four plus bed,Terrace house,2276.31,D4
2012,"Ballsbridge, Dublin 4",Four plus bed,Terrace house,2536.26,D4
2012,Dublin 6,Four plus bed,Terrace house,2027.26,D6
2012,"Ranelagh, Dublin 6",Four plus bed,Terrace house,2197.26,D6
2012,"Rathmines, Dublin 6",Four plus bed,Terrace house,1901.26,D6
2012,Dublin 6W,Four plus bed,Terrace house,1541.98,D6W
2012,Dublin 7,Four plus bed,Terrace house,1329.08,D7
2012,"Phibsboro, Dublin 7",Four plus bed,Terrace house,1373.03,D7
2012,Dublin 8,Four plus bed,Terrace house,1448.7,D8
2012,Dublin 9,Four plus bed,Terrace house,1410.1,D9
2012,"Drumcondra, Dublin 9",Four plus bed,Terrace house,1415.98,D9
2012,"Glasnevin, Dublin 9",Four plus bed,Terrace house,1403.24,D9
2012,Dublin 11,Four plus bed,Terrace house,1293.06,D11
2012,Dublin 12,Four plus bed,Terrace house,1152.73,D12
2012,Dublin 13,Four plus bed,Terrace house,1282.76,D13
2012,Dublin 14,Four plus bed,Terrace house,1799.87,D14
2012,Dublin 15,Four plus bed,Terrace house,1133.33,D15
2012,Dublin 24,Four plus bed,Terrace house,1068.95,D24
2012,Dublin 1,Four plus bed,Apartment,3720.11,D1
2012,"I.F.S.C., Dublin 1",Four plus bed,Apartment,5142.47,D1
2012,Dublin 4,Four plus bed,Apartment,1975.64,D4
2012,Dublin 7,Four plus bed,Apartment,1069.68,D7
2012,Dublin 6,Four plus bed,Other flats,1413.17,D6
2013,Dublin 6,One bed,Semi detached house,728.44,D6
2013,Dublin 3,One bed,Terrace house,696.1,D3
2013,Dublin 4,One bed,Terrace house,841.39,D4
2013,Dublin 6,One bed,Terrace house,693.33,D6
2013,"Rathmines, Dublin 6",One bed,Terrace house,613.24,D6
2013,Dublin 7,One bed,Terrace house,649.35,D7
2013,Dublin 8,One bed,Terrace house,784.28,D8
2013,"Balbriggan, Dublin",One bed,Apartment,590.54,D1
2013,"Blackrock, Dublin",One bed,Apartment,972.09,D18
2013,"Booterstown, Dublin",One bed,Apartment,1021.72,D4
2013,"Dalkey, Dublin",One bed,Apartment,991.56,D18
2013,"Donabate, Dublin",One bed,Apartment,707.19,D13
2013,"Dun Laoghaire, Dublin",One bed,Apartment,933.93,D18
2013,"Lucan, Dublin",One bed,Apartment,758.47,D20
2013,"Malahide, Dublin",One bed,Apartment,930.7,D17
2013,"Monkstown, Dublin",One bed,Apartment,865.46,D18
2013,"Portmarnock, Dublin",One bed,Apartment,842.66,D13
2013,"Saggart, Dublin",One bed,Apartment,618.29,D24
2013,"Stillorgan, Dublin",One bed,Apartment,958.73,D18
2013,"Swords, Dublin",One bed,Apartment,776.18,D17
2013,Dublin 1,One bed,Apartment,840.53,D1
2013,"I.F.S.C., Dublin 1",One bed,Apartment,998.99,D1
2013,"Parnell Street, Dublin 1",One bed,Apartment,873.42,D1
2013,Dublin 2,One bed,Apartment,983.2,D2
2013,"Pearse Street, Dublin 2",One bed,Apartment,980.47,D2
2013,"Temple Bar, Dublin 2",One bed,Apartment,977.22,D2
2013,"Townsend Street, Dublin 2",One bed,Apartment,999.35,D2
2013,Dublin 3,One bed,Apartment,854.79,D3
2013,"Clontarf, Dublin 3",One bed,Apartment,881.64,D3
2013,"Drumcondra, Dublin 3",One bed,Apartment,756.8,D3
2013,"East Wall, Dublin 3",One bed,Apartment,859.89,D3
2013,"Fairview, Dublin 3",One bed,Apartment,824.42,D3
2013,Dublin 4,One bed,Apartment,1036.7,D4
2013,"Ballsbridge, Dublin 4",One bed,Apartment,1105.17,D4
2013,"Donnybrook, Dublin 4",One bed,Apartment,1000.43,D4
2013,"Merrion, Dublin 4",One bed,Apartment,1084.07,D4
2013,"Pembroke, Dublin 4",One bed,Apartment,1145.4,D4
2013,"Ringsend, Dublin 4",One bed,Apartment,973.48,D4
2013,"Sandymount, Dublin 4",One bed,Apartment,924.71,D4
2013,Dublin 5,One bed,Apartment,783.25,D5
2013,"Raheny, Dublin 5",One bed,Apartment,779.89,D5
2013,Dublin 6,One bed,Apartment,922.03,D6
2013,"Harolds Cross, Dublin 6",One bed,Apartment,809.67,D6
2013,"Milltown, Dublin 6",One bed,Apartment,1111.06,D6
2013,"Ranelagh, Dublin 6",One bed,Apartment,998.62,D6
2013,"Rathgar, Dublin 6",One bed,Apartment,855.36,D6
2013,"Rathmines, Dublin 6",One bed,Apartment,846.22,D6
2013,"Terenure, Dublin 6",One bed,Apartment,837.29,D6
2013,Dublin 6W,One bed,Apartment,825.51,D6W
2013,"Harolds Cross, Dublin 6W",One bed,Apartment,786.27,D6W
2013,"Terenure, Dublin 6W",One bed,Apartment,872.27,D6W
2013,Dublin 7,One bed,Apartment,783.24,D7
2013,"Navan Road, Dublin 7",One bed,Apartment,814.5,D7
2013,"Phibsboro, Dublin 7",One bed,Apartment,714.42,D7
2013,"Smithfield, Dublin 7",One bed,Apartment,865.11,D7
2013,Dublin 8,One bed,Apartment,846.47,D8
2013,"Christchurch, Dublin 8",One bed,Apartment,852.57,D8
2013,"Cork Street, Dublin 8",One bed,Apartment,869.78,D8
2013,"Inchicore, Dublin 8",One bed,Apartment,753.07,D8
2013,"Islandbridge, Dublin 8",One bed,Apartment,970.4,D8
2013,"Kilmainham , Dublin 8",One bed,Apartment,827.99,D8
2013,"Portobello, Dublin 8",One bed,Apartment,831.97,D8
2013,"Rialto, Dublin 8",One bed,Apartment,739.26,D8
2013,"South Circular Road, Dublin 8",One bed,Apartment,838.0,D8
2013,Dublin 9,One bed,Apartment,763.79,D9
2013,"Ballymun, Dublin 9",One bed,Apartment,742.84,D9
2013,"Beaumont, Dublin 9",One bed,Apartment,790.02,D9
2013,"Drumcondra, Dublin 9",One bed,Apartment,741.62,D9
2013,"Glasnevin, Dublin 9",One bed,Apartment,753.97,D9
2013,"Santry, Dublin 9",One bed,Apartment,794.75,D9
2013,Dublin 11,One bed,Apartment,773.42,D11
2013,"Ballymun, Dublin 11",One bed,Apartment,718.55,D11
2013,"Finglas, Dublin 11",One bed,Apartment,765.09,D11
2013,"Glasnevin, Dublin 11",One bed,Apartment,813.31,D11
2013,Dublin 12,One bed,Apartment,792.43,D12
2013,"Drimnagh, Dublin 12",One bed,Apartment,864.17,D12
2013,"Kimmage, Dublin 12",One bed,Apartment,762.5,D12
2013,Dublin 13,One bed,Apartment,798.21,D13
2013,"Baldoyle, Dublin 13",One bed,Apartment,780.3,D13
2013,"Clongriffin, Dublin 13",One bed,Apartment,814.38,D13
2013,Dublin 14,One bed,Apartment,928.2,D14
2013,"Churchtown, Dublin 14",One bed,Apartment,980.0,D14
2013,"Dundrum, Dublin 14",One bed,Apartment,970.23,D14
2013,"Rathfarnham, Dublin 14",One bed,Apartment,869.43,D14
2013,Dublin 15,One bed,Apartment,802.67,D15
2013,"Ashtown, Dublin 15",One bed,Apartment,851.28,D15
2013,"Blanchardstown, Dublin 15",One bed,Apartment,778.68,D15
2013,"Castleknock, Dublin 15",One bed,Apartment,909.08,D15
2013,"Ongar, Dublin 15",One bed,Apartment,724.47,D15
2013,"Royal Canal Park, Dublin 15",One bed,Apartment,844.78,D15
2013,Dublin 16,One bed,Apartment,964.41,D16
2013,"Dundrum, Dublin 16",One bed,Apartment,998.23,D16
2013,"Rathfarnham, Dublin 16",One bed,Apartment,857.25,D16
2013,Dublin 17,One bed,Apartment,789.15,D17
2013,"Malahide Road, Dublin 17",One bed,Apartment,797.19,D17
2013,Dublin 18,One bed,Apartment,962.04,D18
2013,"Cabinteely, Dublin 18",One bed,Apartment,885.2,D18
2013,"Carrickmines, Dublin 18",One bed,Apartment,879.75,D18
2013,"Leopardstown, Dublin 18",One bed,Apartment,1010.6,D18
2013,"Sandyford, Dublin 18",One bed,Apartment,985.54,D18
2013,"Stepaside, Dublin 18",One bed,Apartment,883.09,D18
2013,Dublin 20,One bed,Apartment,808.91,D20
2013,"Chapelizod, Dublin 20",One bed,Apartment,803.87,D20
2013,Dublin 24,One bed,Apartment,767.71,D24
2013,"Tallaght, Dublin 24",One bed,Apartment,778.35,D24
2013,"Blackrock, Dublin",One bed,Other flats,752.29,D18
2013,"Dun Laoghaire, Dublin",One bed,Other flats,693.34,D18
2013,"Monkstown, Dublin",One bed,Other flats,756.61,D18
2013,Dublin 1,One bed,Other flats,573.89,D1
2013,Dublin 2,One bed,Other flats,749.97,D2
2013,Dublin 3,One bed,Other flats,564.47,D3
2013,"Clontarf, Dublin 3",One bed,Other flats,564.85,D3
2013,"Drumcondra, Dublin 3",One bed,Other flats,516.39,D3
2013,"Fairview, Dublin 3",One bed,Other flats,583.28,D3
2013,Dublin 4,One bed,Other flats,704.95,D4
2013,"Ballsbridge, Dublin 4",One bed,Other flats,697.49,D4
2013,"Donnybrook, Dublin 4",One bed,Other flats,689.7,D4
2013,"Sandymount, Dublin 4",One bed,Other flats,706.67,D4
2013,Dublin 6,One bed,Other flats,614.37,D6
2013,"Harolds Cross, Dublin 6",One bed,Other flats,566.43,D6
2013,"Ranelagh, Dublin 6",One bed,Other flats,633.84,D6
2013,"Rathgar, Dublin 6",One bed,Other flats,599.92,D6
2013,"Rathmines, Dublin 6",One bed,Other flats,609.57,D6
2013,"Terenure, Dublin 6",One bed,Other flats,590.17,D6
2013,Dublin 6W,One bed,Other flats,603.79,D6W
2013,"Harolds Cross, Dublin 6W",One bed,Other flats,594.35,D6W
2013,"Terenure, Dublin 6W",One bed,Other flats,591.62,D6W
2013,Dublin 7,One bed,Other flats,537.32,D7
2013,"Cabra, Dublin 7",One bed,Other flats,518.87,D7
2013,"North Circular Road, Dublin 7",One bed,Other flats,531.33,D7
2013,"Phibsboro, Dublin 7",One bed,Other flats,535.23,D7
2013,Dublin 8,One bed,Other flats,588.36,D8
2013,"Kilmainham , Dublin 8",One bed,Other flats,554.46,D8
2013,"Portobello, Dublin 8",One bed,Other flats,587.11,D8
2013,"South Circular Road, Dublin 8",One bed,Other flats,608.77,D8
2013,Dublin 9,One bed,Other flats,522.49,D9
2013,"Drumcondra, Dublin 9",One bed,Other flats,512.61,D9
2013,"Glasnevin, Dublin 9",One bed,Other flats,608.92,D9
2013,Dublin 11,One bed,Other flats,668.47,D11
2013,Dublin 12,One bed,Other flats,579.7,D12
2013,"Kimmage, Dublin 12",One bed,Other flats,577.0,D12
2013,"Balbriggan, Dublin",Two bed,Semi detached house,752.69,D1
2013,"Blackrock, Dublin",Two bed,Semi detached house,1180.65,D18
2013,"Lucan, Dublin",Two bed,Semi detached house,981.47,D20
2013,Dublin 3,Two bed,Semi detached house,1015.42,D3
2013,"Drumcondra, Dublin 3",Two bed,Semi detached house,1005.0,D3
2013,"East Wall, Dublin 3",Two bed,Semi detached house,957.06,D3
2013,Dublin 4,Two bed,Semi detached house,1331.8,D4
2013,"Ballsbridge, Dublin 4",Two bed,Semi detached house,1487.4,D4
2013,Dublin 5,Two bed,Semi detached house,979.07,D5
2013,Dublin 6,Two bed,Semi detached house,1250.13,D6
2013,"Rathmines, Dublin 6",Two bed,Semi detached house,1167.44,D6
2013,Dublin 7,Two bed,Semi detached house,964.17,D7
2013,"Cabra, Dublin 7",Two bed,Semi detached house,951.25,D7
2013,Dublin 8,Two bed,Semi detached house,1017.18,D8
2013,Dublin 9,Two bed,Semi detached house,988.33,D9
2013,"Drumcondra, Dublin 9",Two bed,Semi detached house,996.94,D9
2013,Dublin 10,Two bed,Semi detached house,908.33,D10
2013,"Ballyfermot, Dublin 10",Two bed,Semi detached house,905.63,D10
2013,Dublin 11,Two bed,Semi detached house,906.83,D11
2013,"Finglas, Dublin 11",Two bed,Semi detached house,872.31,D11
2013,Dublin 12,Two bed,Semi detached house,943.42,D12
2013,"Crumlin, Dublin 12",Two bed,Semi detached house,932.57,D12
2013,"Drimnagh, Dublin 12",Two bed,Semi detached house,935.23,D12
2013,Dublin 14,Two bed,Semi detached house,1162.98,D14
2013,Dublin 15,Two bed,Semi detached house,915.37,D15
2013,Dublin 24,Two bed,Semi detached house,868.48,D24
2013,"Balbriggan, Dublin",Two bed,Terrace house,753.5,D1
2013,"Blackrock, Dublin",Two bed,Terrace house,1186.67,D18
2013,"Dun Laoghaire, Dublin",Two bed,Terrace house,1066.15,D18
2013,"Lucan, Dublin",Two bed,Terrace house,927.99,D20
2013,"Lusk, Dublin",Two bed,Terrace house,805.0,D1
2013,"Monkstown, Dublin",Two bed,Terrace house,1135.81,D18
2013,"Rush, Dublin",Two bed,Terrace house,811.29,D1
2013,"Swords, Dublin",Two bed,Terrace house,944.04,D17
2013,Dublin 1,Two bed,Terrace house,926.79,D1
2013,Dublin 2,Two bed,Terrace house,1962.77,D2
2013,Dublin 3,Two bed,Terrace house,987.55,D3
2013,"Clontarf, Dublin 3",Two bed,Terrace house,1051.24,D3
2013,"Drumcondra, Dublin 3",Two bed,Terrace house,990.5,D3
2013,"East Wall, Dublin 3",Two bed,Terrace house,1011.94,D3
2013,Dublin 4,Two bed,Terrace house,1329.08,D4
2013,"Ballsbridge, Dublin 4",Two bed,Terrace house,1403.74,D4
2013,"Donnybrook, Dublin 4",Two bed,Terrace house,1392.87,D4
2013,"Ringsend, Dublin 4",Two bed,Terrace house,1132.84,D4
2013,"Sandymount, Dublin 4",Two bed,Terrace house,1351.83,D4
2013,Dublin 5,Two bed,Terrace house,1016.03,D5
2013,Dublin 6,Two bed,Terrace house,1275.54,D6
2013,"Harolds Cross, Dublin 6",Two bed,Terrace house,1069.38,D6
2013,"Milltown, Dublin 6",Two bed,Terrace house,1311.34,D6
2013,"Ranelagh, Dublin 6",Two bed,Terrace house,1380.5,D6
2013,"Rathgar, Dublin 6",Two bed,Terrace house,1150.96,D6
2013,"Rathmines, Dublin 6",Two bed,Terrace house,1249.76,D6
2013,Dublin 6W,Two bed,Terrace house,1062.79,D6W
2013,"Harolds Cross, Dublin 6W",Two bed,Terrace house,1068.14,D6W
2013,Dublin 7,Two bed,Terrace house,959.18,D7
2013,"Cabra, Dublin 7",Two bed,Terrace house,929.88,D7
2013,"Stoneybatter, Dublin 7",Two bed,Terrace house,983.83,D7
2013,Dublin 8,Two bed,Terrace house,1045.76,D8
2013,"Inchicore, Dublin 8",Two bed,Terrace house,900.21,D8
2013,"Kilmainham , Dublin 8",Two bed,Terrace house,1044.79,D8
2013,"Portobello, Dublin 8",Two bed,Terrace house,1277.83,D8
2013,"Rialto, Dublin 8",Two bed,Terrace house,938.23,D8
2013,Dublin 9,Two bed,Terrace house,1005.05,D9
2013,"Drumcondra, Dublin 9",Two bed,Terrace house,1010.5,D9
2013,"Whitehall, Dublin 9",Two bed,Terrace house,935.11,D9
2013,Dublin 10,Two bed,Terrace house,905.32,D10
2013,"Ballyfermot, Dublin 10",Two bed,Terrace house,911.94,D10
2013,Dublin 11,Two bed,Terrace house,895.19,D11
2013,"Finglas, Dublin 11",Two bed,Terrace house,888.4,D11
2013,Dublin 12,Two bed,Terrace house,944.16,D12
2013,"Crumlin, Dublin 12",Two bed,Terrace house,929.03,D12
2013,"Drimnagh, Dublin 12",Two bed,Terrace house,952.31,D12
2013,"Kimmage, Dublin 12",Two bed,Terrace house,1014.4,D12
2013,Dublin 13,Two bed,Terrace house,1021.6,D13
2013,Dublin 14,Two bed,Terrace house,1147.25,D14
2013,"Dundrum, Dublin 14",Two bed,Terrace house,1160.61,D14
2013,"Rathfarnham, Dublin 14",Two bed,Terrace house,1076.39,D14
2013,Dublin 15,Two bed,Terrace house,898.88,D15
2013,"Blanchardstown, Dublin 15",Two bed,Terrace house,902.97,D15
2013,"Castleknock, Dublin 15",Two bed,Terrace house,974.24,D15
2013,"Clonee, Dublin 15",Two bed,Terrace house,880.29,D15
2013,"Clonsilla, Dublin 15",Two bed,Terrace house,854.29,D15
2013,"Tyrrelstown, Dublin 15",Two bed,Terrace house,890.0,D15
2013,Dublin 16,Two bed,Terrace house,1060.37,D16
2013,"Dundrum, Dublin 16",Two bed,Terrace house,1143.71,D16
2013,"Rathfarnham, Dublin 16",Two bed,Terrace house,1038.97,D16
2013,Dublin 18,Two bed,Terrace house,1200.73,D18
2013,Dublin 20,Two bed,Terrace house,969.14,D20
2013,Dublin 24,Two bed,Terrace house,908.19,D24
2013,"Balbriggan, Dublin",Two bed,Apartment,725.66,D1
2013,"Blackrock, Dublin",Two bed,Apartment,1203.93,D18
2013,"Booterstown, Dublin",Two bed,Apartment,1255.63,D4
2013,"Dalkey, Dublin",Two bed,Apartment,1382.95,D18
2013,"Donabate, Dublin",Two bed,Apartment,832.27,D13
2013,"Dun Laoghaire, Dublin",Two bed,Apartment,1215.23,D18
2013,"Howth, Dublin",Two bed,Apartment,1228.98,D13
2013,"Killiney, Dublin",Two bed,Apartment,1534.56,D18
2013,"Lucan, Dublin",Two bed,Apartment,914.57,D20
2013,"Malahide, Dublin",Two bed,Apartment,1185.52,D17
2013,"Monkstown, Dublin",Two bed,Apartment,1108.44,D18
2013,"Portmarnock, Dublin",Two bed,Apartment,1004.91,D13
2013,"Rathcoole, Dublin",Two bed,Apartment,836.85,D24
2013,"Rush, Dublin",Two bed,Apartment,771.06,D1
2013,"Saggart, Dublin",Two bed,Apartment,934.94,D24
2013,"Sandycove, Dublin",Two bed,Apartment,1091.9399,D18
2013,"Shankill, Dublin",Two bed,Apartment,1052.68,D18
2013,"Skerries, Dublin",Two bed,Apartment,825.46,D1
2013,"Stillorgan, Dublin",Two bed,Apartment,1202.39,D18
2013,"Swords, Dublin",Two bed,Apartment,906.09,D17
2013,Dublin 1,Two bed,Apartment,1160.31,D1
2013,"I.F.S.C., Dublin 1",Two bed,Apartment,1596.12,D1
2013,"Parnell Street, Dublin 1",Two bed,Apartment,1121.59,D1
2013,"Spencer Dock, Dublin 1",Two bed,Apartment,1459.28,D1
2013,Dublin 2,Two bed,Apartment,1352.0,D2
2013,"Charlemont Street, Dublin 2",Two bed,Apartment,1235.16,D2
2013,"Grand Canal Dock, Dublin 2",Two bed,Apartment,1723.21,D2
2013,"Grand Canal Square, Dublin 2",Two bed,Apartment,1938.4,D2
2013,"Pearse Street, Dublin 2",Two bed,Apartment,1191.55,D2
2013,"Temple Bar, Dublin 2",Two bed,Apartment,1188.36,D2
2013,"Townsend Street, Dublin 2",Two bed,Apartment,1333.82,D2
2013,Dublin 3,Two bed,Apartment,1087.4,D3
2013,"Clontarf, Dublin 3",Two bed,Apartment,1098.5,D3
2013,"Drumcondra, Dublin 3",Two bed,Apartment,1088.81,D3
2013,"East Wall, Dublin 3",Two bed,Apartment,976.23,D3
2013,"Fairview, Dublin 3",Two bed,Apartment,1045.3,D3
2013,Dublin 4,Two bed,Apartment,1389.77,D4
2013,"Ballsbridge, Dublin 4",Two bed,Apartment,1503.09,D4
2013,"Donnybrook, Dublin 4",Two bed,Apartment,1322.53,D4
2013,"Merrion, Dublin 4",Two bed,Apartment,1353.52,D4
2013,"Pembroke, Dublin 4",Two bed,Apartment,1389.04,D4
2013,"Ringsend, Dublin 4",Two bed,Apartment,1204.81,D4
2013,"Sandymount, Dublin 4",Two bed,Apartment,1380.57,D4
2013,Dublin 5,Two bed,Apartment,1003.48,D5
2013,"Artane, Dublin 5",Two bed,Apartment,945.53,D5
2013,"Raheny, Dublin 5",Two bed,Apartment,1088.86,D5
2013,Dublin 6,Two bed,Apartment,1225.83,D6
2013,"Dartry, Dublin 6",Two bed,Apartment,1361.5,D6
2013,"Milltown, Dublin 6",Two bed,Apartment,1395.17,D6
2013,"Ranelagh, Dublin 6",Two bed,Apartment,1277.65,D6
2013,"Rathgar, Dublin 6",Two bed,Apartment,1084.21,D6
2013,"Rathmines, Dublin 6",Two bed,Apartment,1110.6,D6
2013,"Terenure, Dublin 6",Two bed,Apartment,1131.31,D6
2013,Dublin 6W,Two bed,Apartment,1136.19,D6W
2013,"Templeogue, Dublin 6W",Two bed,Apartment,1088.97,D6W
2013,"Terenure, Dublin 6W",Two bed,Apartment,1194.91,D6W
2013,Dublin 7,Two bed,Apartment,1025.15,D7
2013,"Navan Road, Dublin 7",Two bed,Apartment,1000.0,D7
2013,"Phibsboro, Dublin 7",Two bed,Apartment,927.96,D7
2013,"Smithfield, Dublin 7",Two bed,Apartment,1122.67,D7
2013,Dublin 8,Two bed,Apartment,1015.82,D8
2013,"Christchurch, Dublin 8",Two bed,Apartment,1077.92,D8
2013,"Cork Street, Dublin 8",Two bed,Apartment,1085.07,D8
2013,"Inchicore, Dublin 8",Two bed,Apartment,954.44,D8
2013,"Islandbridge, Dublin 8",Two bed,Apartment,1210.93,D8
2013,"Kilmainham , Dublin 8",Two bed,Apartment,1031.84,D8
2013,"Rialto, Dublin 8",Two bed,Apartment,989.06,D8
2013,"South Circular Road, Dublin 8",Two bed,Apartment,861.62,D8
2013,Dublin 9,Two bed,Apartment,984.76,D9
2013,"Ballymun, Dublin 9",Two bed,Apartment,797.89,D9
2013,"Beaumont, Dublin 9",Two bed,Apartment,914.11,D9
2013,"Drumcondra, Dublin 9",Two bed,Apartment,1098.01,D9
2013,"Glasnevin, Dublin 9",Two bed,Apartment,972.61,D9
2013,"Santry, Dublin 9",Two bed,Apartment,973.66,D9
2013,Dublin 10,Two bed,Apartment,863.11,D10
2013,"Ballyfermot, Dublin 10",Two bed,Apartment,850.45,D10
2013,"Cherry Orchard, Dublin 10",Two bed,Apartment,840.83,D10
2013,Dublin 11,Two bed,Apartment,906.84,D11
2013,"Ballymun, Dublin 11",Two bed,Apartment,803.78,D11
2013,"Finglas, Dublin 11",Two bed,Apartment,899.2,D11
2013,"Glasnevin, Dublin 11",Two bed,Apartment,982.3,D11
2013,"Meakstown, Dublin 11",Two bed,Apartment,898.23,D11
2013,"St Margarets Road, Dublin 11",Two bed,Apartment,994.52,D11
2013,Dublin 12,Two bed,Apartment,975.02,D12
2013,"Crumlin, Dublin 12",Two bed,Apartment,910.41,D12
2013,"Drimnagh, Dublin 12",Two bed,Apartment,1083.17,D12
2013,"Kimmage, Dublin 12",Two bed,Apartment,969.6,D12
2013,Dublin 13,Two bed,Apartment,995.58,D13
2013,"Baldoyle, Dublin 13",Two bed,Apartment,939.11,D13
2013,"Balgriffin, Dublin 13",Two bed,Apartment,915.6,D13
2013,"Clongriffin, Dublin 13",Two bed,Apartment,982.46,D13
2013,"Sutton, Dublin 13",Two bed,Apartment,1235.97,D13
2013,Dublin 14,Two bed,Apartment,1185.54,D14
2013,"Churchtown, Dublin 14",Two bed,Apartment,1241.26,D14
2013,"Clonskeagh, Dublin 14",Two bed,Apartment,1168.18,D14
2013,"Dundrum, Dublin 14",Two bed,Apartment,1214.01,D14
2013,"Goatstown, Dublin 14",Two bed,Apartment,1262.07,D14
2013,"Rathfarnham, Dublin 14",Two bed,Apartment,1102.01,D14
2013,Dublin 15,Two bed,Apartment,951.53,D15
2013,"Ashtown, Dublin 15",Two bed,Apartment,990.62,D15
2013,"Blanchardstown, Dublin 15",Two bed,Apartment,945.44,D15
2013,"Carpenterstown, Dublin 15",Two bed,Apartment,933.57,D15
2013,"Castleknock, Dublin 15",Two bed,Apartment,1062.97,D15
2013,"Clonee, Dublin 15",Two bed,Apartment,839.18,D15
2013,"Clonsilla, Dublin 15",Two bed,Apartment,882.1,D15
2013,"Mulhuddart, Dublin 15",Two bed,Apartment,805.83,D15
2013,"Ongar, Dublin 15",Two bed,Apartment,863.4,D15
2013,"Porterstown, Dublin 15",Two bed,Apartment,845.6,D15
2013,"Royal Canal Park, Dublin 15",Two bed,Apartment,983.28,D15
2013,"Tyrrelstown, Dublin 15",Two bed,Apartment,826.07,D15
2013,Dublin 16,Two bed,Apartment,1150.17,D16
2013,"Ballinteer, Dublin 16",Two bed,Apartment,1175.36,D16
2013,"Dundrum, Dublin 16",Two bed,Apartment,1223.75,D16
2013,"Rathfarnham, Dublin 16",Two bed,Apartment,1085.07,D16
2013,Dublin 17,Two bed,Apartment,935.79,D17
2013,"Malahide Road, Dublin 17",Two bed,Apartment,948.12,D17
2013,"Northern Cross, Dublin 17",Two bed,Apartment,947.24,D17
2013,Dublin 18,Two bed,Apartment,1163.34,D18
2013,"Cabinteely, Dublin 18",Two bed,Apartment,1056.09,D18
2013,"Carrickmines, Dublin 18",Two bed,Apartment,1142.08,D18
2013,"Leopardstown, Dublin 18",Two bed,Apartment,1198.12,D18
2013,"Sandyford, Dublin 18",Two bed,Apartment,1206.15,D18
2013,"Stepaside, Dublin 18",Two bed,Apartment,1079.24,D18
2013,Dublin 20,Two bed,Apartment,926.16,D20
2013,"Chapelizod, Dublin 20",Two bed,Apartment,929.28,D20
2013,"Palmerstown, Dublin 20",Two bed,Apartment,929.23,D20
2013,Dublin 24,Two bed,Apartment,893.05,D24
2013,"Ballycullen, Dublin 24",Two bed,Apartment,958.54,D24
2013,"Citywest, Dublin 24",Two bed,Apartment,898.0,D24
2013,"Firhouse, Dublin 24",Two bed,Apartment,916.91,D24
2013,"Tallaght, Dublin 24",Two bed,Apartment,895.7,D24
2013,"Dun Laoghaire, Dublin",Two bed,Other flats,941.34,D18
2013,Dublin 1,Two bed,Other flats,782.38,D1
2013,Dublin 2,Two bed,Other flats,1146.74,D2
2013,Dublin 3,Two bed,Other flats,772.8,D3
2013,"Drumcondra, Dublin 3",Two bed,Other flats,776.67,D3
2013,Dublin 4,Two bed,Other flats,1024.38,D4
2013,"Ballsbridge, Dublin 4",Two bed,Other flats,996.76,D4
2013,Dublin 6,Two bed,Other flats,866.31,D6
2013,"Ranelagh, Dublin 6",Two bed,Other flats,918.31,D6
2013,"Rathgar, Dublin 6",Two bed,Other flats,898.76,D6
2013,"Rathmines, Dublin 6",Two bed,Other flats,848.16,D6
2013,Dublin 6W,Two bed,Other flats,864.76,D6W
2013,Dublin 7,Two bed,Other flats,751.07,D7
2013,Dublin 8,Two bed,Other flats,787.68,D8
2013,Dublin 9,Two bed,Other flats,771.62,D9
2013,Dublin 12,Two bed,Other flats,753.83,D12
2013,Dublin 4,Three bed,Detached house,2145.03,D4
2013,"Ballsbridge, Dublin 4",Three bed,Detached house,2119.83,D4
2013,Dublin 14,Three bed,Detached house,1574.14,D14
2013,Dublin 15,Three bed,Detached house,1076.13,D15
2013,Dublin 18,Three bed,Detached house,1488.28,D18
2013,Dublin 24,Three bed,Detached house,1027.76,D24
2013,"Tallaght, Dublin 24",Three bed,Detached house,1000.74,D24
2013,"Balbriggan, Dublin",Three bed,Semi detached house,868.1,D1
2013,"Blackrock, Dublin",Three bed,Semi detached house,1491.22,D18
2013,"Donabate, Dublin",Three bed,Semi detached house,1044.29,D13
2013,"Dun Laoghaire, Dublin",Three bed,Semi detached house,1388.52,D18
2013,"Killiney, Dublin",Three bed,Semi detached house,1241.72,D18
2013,"Kinsealy, Dublin",Three bed,Semi detached house,1081.66,D17
2013,"Lucan, Dublin",Three bed,Semi detached house,1031.89,D20
2013,"Lusk, Dublin",Three bed,Semi detached house,949.02,D1
2013,"Malahide, Dublin",Three bed,Semi detached house,1346.57,D17
2013,"Rush, Dublin",Three bed,Semi detached house,908.25,D1
2013,"Saggart, Dublin",Three bed,Semi detached house,1027.34,D24
2013,"Shankill, Dublin",Three bed,Semi detached house,1203.47,D18
2013,"Skerries, Dublin",Three bed,Semi detached house,976.75,D1
2013,"Stillorgan, Dublin",Three bed,Semi detached house,1420.69,D18
2013,"Swords, Dublin",Three bed,Semi detached house,1042.5,D17
2013,Dublin 3,Three bed,Semi detached house,1259.61,D3
2013,"Clontarf, Dublin 3",Three bed,Semi detached house,1375.72,D3
2013,"Drumcondra, Dublin 3",Three bed,Semi detached house,1221.36,D3
2013,Dublin 4,Three bed,Semi detached house,1996.31,D4
2013,"Ballsbridge, Dublin 4",Three bed,Semi detached house,2090.5,D4
2013,"Sandymount, Dublin 4",Three bed,Semi detached house,1909.85,D4
2013,Dublin 5,Three bed,Semi detached house,1113.91,D5
2013,"Artane, Dublin 5",Three bed,Semi detached house,1083.63,D5
2013,"Raheny, Dublin 5",Three bed,Semi detached house,1171.86,D5
2013,Dublin 6,Three bed,Semi detached house,1519.22,D6
2013,"Harolds Cross, Dublin 6",Three bed,Semi detached house,1326.89,D6
2013,"Ranelagh, Dublin 6",Three bed,Semi detached house,1677.92,D6
2013,"Rathgar, Dublin 6",Three bed,Semi detached house,1505.15,D6
2013,Dublin 6W,Three bed,Semi detached house,1317.27,D6W
2013,"Templeogue, Dublin 6W",Three bed,Semi detached house,1260.13,D6W
2013,"Terenure, Dublin 6W",Three bed,Semi detached house,1389.5,D6W
2013,Dublin 7,Three bed,Semi detached house,1125.84,D7
2013,"Cabra, Dublin 7",Three bed,Semi detached house,1099.46,D7
2013,"Navan Road, Dublin 7",Three bed,Semi detached house,1116.48,D7
2013,Dublin 8,Three bed,Semi detached house,1244.75,D8
2013,Dublin 9,Three bed,Semi detached house,1141.6,D9
2013,"Beaumont, Dublin 9",Three bed,Semi detached house,1104.91,D9
2013,"Drumcondra, Dublin 9",Three bed,Semi detached house,1213.65,D9
2013,"Glasnevin, Dublin 9",Three bed,Semi detached house,1156.34,D9
2013,"Santry, Dublin 9",Three bed,Semi detached house,1081.6,D9
2013,"Whitehall, Dublin 9",Three bed,Semi detached house,1136.33,D9
2013,Dublin 10,Three bed,Semi detached house,950.54,D10
2013,"Ballyfermot, Dublin 10",Three bed,Semi detached house,939.64,D10
2013,Dublin 11,Three bed,Semi detached house,998.83,D11
2013,"Finglas, Dublin 11",Three bed,Semi detached house,959.86,D11
2013,"Glasnevin, Dublin 11",Three bed,Semi detached house,1098.83,D11
2013,Dublin 12,Three bed,Semi detached house,1076.29,D12
2013,"Crumlin, Dublin 12",Three bed,Semi detached house,1105.99,D12
2013,"Drimnagh, Dublin 12",Three bed,Semi detached house,1021.88,D12
2013,"Kimmage, Dublin 12",Three bed,Semi detached house,1213.96,D12
2013,"Walkinstown, Dublin 12",Three bed,Semi detached house,1019.34,D12
2013,Dublin 13,Three bed,Semi detached house,1087.33,D13
2013,"Baldoyle, Dublin 13",Three bed,Semi detached house,1122.67,D13
2013,Dublin 14,Three bed,Semi detached house,1435.28,D14
2013,"Churchtown, Dublin 14",Three bed,Semi detached house,1442.5,D14
2013,"Clonskeagh, Dublin 14",Three bed,Semi detached house,1637.0,D14
2013,"Dundrum, Dublin 14",Three bed,Semi detached house,1387.45,D14
2013,"Rathfarnham, Dublin 14",Three bed,Semi detached house,1256.99,D14
2013,Dublin 15,Three bed,Semi detached house,1010.77,D15
2013,"Blanchardstown, Dublin 15",Three bed,Semi detached house,966.62,D15
2013,"Carpenterstown, Dublin 15",Three bed,Semi detached house,1066.06,D15
2013,"Castleknock, Dublin 15",Three bed,Semi detached house,1093.05,D15
2013,"Clonee, Dublin 15",Three bed,Semi detached house,1027.64,D15
2013,"Clonsilla, Dublin 15",Three bed,Semi detached house,991.48,D15
2013,"Mulhuddart, Dublin 15",Three bed,Semi detached house,949.25,D15
2013,"Tyrrelstown, Dublin 15",Three bed,Semi detached house,1039.45,D15
2013,Dublin 16,Three bed,Semi detached house,1213.93,D16
2013,"Ballinteer, Dublin 16",Three bed,Semi detached house,1233.21,D16
2013,"Dundrum, Dublin 16",Three bed,Semi detached house,1380.57,D16
2013,"Knocklyon, Dublin 16",Three bed,Semi detached house,1188.05,D16
2013,"Rathfarnham, Dublin 16",Three bed,Semi detached house,1246.53,D16
2013,Dublin 17,Three bed,Semi detached house,999.37,D17
2013,Dublin 18,Three bed,Semi detached house,1314.91,D18
2013,"Cabinteely, Dublin 18",Three bed,Semi detached house,1303.05,D18
2013,"Foxrock, Dublin 18",Three bed,Semi detached house,1419.84,D18
2013,"Leopardstown, Dublin 18",Three bed,Semi detached house,1323.09,D18
2013,"Sandyford, Dublin 18",Three bed,Semi detached house,1201.6,D18
2013,Dublin 20,Three bed,Semi detached house,995.01,D20
2013,"Palmerstown, Dublin 20",Three bed,Semi detached house,973.83,D20
2013,Dublin 24,Three bed,Semi detached house,994.76,D24
2013,"Ballycullen, Dublin 24",Three bed,Semi detached house,1060.14,D24
2013,"Citywest, Dublin 24",Three bed,Semi detached house,1061.61,D24
2013,"Firhouse, Dublin 24",Three bed,Semi detached house,1073.09,D24
2013,"Tallaght, Dublin 24",Three bed,Semi detached house,969.31,D24
2013,"Balbriggan, Dublin",Three bed,Terrace house,863.75,D1
2013,"Blackrock, Dublin",Three bed,Terrace house,1513.33,D18
2013,"Dun Laoghaire, Dublin",Three bed,Terrace house,1248.13,D18
2013,"Lucan, Dublin",Three bed,Terrace house,1008.62,D20
2013,"Lusk, Dublin",Three bed,Terrace house,920.37,D1
2013,"Malahide, Dublin",Three bed,Terrace house,1404.77,D17
2013,"Rush, Dublin",Three bed,Terrace house,892.65,D1
2013,"Stillorgan, Dublin",Three bed,Terrace house,1445.0,D18
2013,"Swords, Dublin",Three bed,Terrace house,1015.0,D17
2013,Dublin 1,Three bed,Terrace house,1199.69,D1
2013,Dublin 2,Three bed,Terrace house,1516.45,D2
2013,Dublin 3,Three bed,Terrace house,1135.5,D3
2013,"Clontarf, Dublin 3",Three bed,Terrace house,1321.59,D3
2013,"Drumcondra, Dublin 3",Three bed,Terrace house,1241.83,D3
2013,"East Wall, Dublin 3",Three bed,Terrace house,997.39,D3
2013,"Marino, Dublin 3",Three bed,Terrace house,1155.11,D3
2013,Dublin 4,Three bed,Terrace house,1772.18,D4
2013,"Ballsbridge, Dublin 4",Three bed,Terrace house,2098.53,D4
2013,"Donnybrook, Dublin 4",Three bed,Terrace house,1766.2,D4
2013,"Sandymount, Dublin 4",Three bed,Terrace house,1723.42,D4
2013,Dublin 5,Three bed,Terrace house,1056.85,D5
2013,"Artane, Dublin 5",Three bed,Terrace house,1048.41,D5
2013,"Raheny, Dublin 5",Three bed,Terrace house,1125.65,D5
2013,Dublin 6,Three bed,Terrace house,1596.12,D6
2013,"Harolds Cross, Dublin 6",Three bed,Terrace house,1288.24,D6
2013,"Ranelagh, Dublin 6",Three bed,Terrace house,1862.92,D6
2013,"Rathgar, Dublin 6",Three bed,Terrace house,1465.29,D6
2013,"Rathmines, Dublin 6",Three bed,Terrace house,1732.44,D6
2013,Dublin 6W,Three bed,Terrace house,1292.06,D6W
2013,"Harolds Cross, Dublin 6W",Three bed,Terrace house,1293.47,D6W
2013,"Terenure, Dublin 6W",Three bed,Terrace house,1320.57,D6W
2013,Dublin 7,Three bed,Terrace house,1094.6,D7
2013,"Cabra, Dublin 7",Three bed,Terrace house,1018.04,D7
2013,"Navan Road, Dublin 7",Three bed,Terrace house,1072.0,D7
2013,"Phibsboro, Dublin 7",Three bed,Terrace house,1048.11,D7
2013,Dublin 8,Three bed,Terrace house,1256.6,D8
2013,"Inchicore, Dublin 8",Three bed,Terrace house,1037.55,D8
2013,"Kilmainham , Dublin 8",Three bed,Terrace house,1141.11,D8
2013,Dublin 9,Three bed,Terrace house,1170.61,D9
2013,"Drumcondra, Dublin 9",Three bed,Terrace house,1282.28,D9
2013,"Glasnevin, Dublin 9",Three bed,Terrace house,1082.31,D9
2013,"Santry, Dublin 9",Three bed,Terrace house,1071.19,D9
2013,Dublin 10,Three bed,Terrace house,970.49,D10
2013,"Ballyfermot, Dublin 10",Three bed,Terrace house,971.73,D10
2013,Dublin 11,Three bed,Terrace house,964.16,D11
2013,"Finglas, Dublin 11",Three bed,Terrace house,958.04,D11
2013,"Glasnevin, Dublin 11",Three bed,Terrace house,1016.67,D11
2013,Dublin 12,Three bed,Terrace house,1032.78,D12
2013,"Crumlin, Dublin 12",Three bed,Terrace house,995.44,D12
2013,"Drimnagh, Dublin 12",Three bed,Terrace house,1008.75,D12
2013,"Kimmage, Dublin 12",Three bed,Terrace house,1092.21,D12
2013,"Walkinstown, Dublin 12",Three bed,Terrace house,1069.29,D12
2013,Dublin 13,Three bed,Terrace house,1088.22,D13
2013,"Baldoyle, Dublin 13",Three bed,Terrace house,1080.97,D13
2013,"Balgriffin, Dublin 13",Three bed,Terrace house,1172.92,D13
2013,"Clongriffin, Dublin 13",Three bed,Terrace house,1111.78,D13
2013,"Sutton, Dublin 13",Three bed,Terrace house,1103.33,D13
2013,Dublin 14,Three bed,Terrace house,1371.54,D14
2013,"Churchtown, Dublin 14",Three bed,Terrace house,1435.83,D14
2013,"Rathfarnham, Dublin 14",Three bed,Terrace house,1225.33,D14
2013,Dublin 15,Three bed,Terrace house,999.3,D15
2013,"Blanchardstown, Dublin 15",Three bed,Terrace house,907.82,D15
2013,"Castleknock, Dublin 15",Three bed,Terrace house,1087.99,D15
2013,"Clonee, Dublin 15",Three bed,Terrace house,996.61,D15
2013,"Clonsilla, Dublin 15",Three bed,Terrace house,978.24,D15
2013,"Mulhuddart, Dublin 15",Three bed,Terrace house,914.06,D15
2013,"Ongar, Dublin 15",Three bed,Terrace house,991.67,D15
2013,"Tyrrelstown, Dublin 15",Three bed,Terrace house,994.74,D15
2013,Dublin 16,Three bed,Terrace house,1152.36,D16
2013,"Dundrum, Dublin 16",Three bed,Terrace house,1350.16,D16
2013,"Rathfarnham, Dublin 16",Three bed,Terrace house,1163.64,D16
2013,Dublin 17,Three bed,Terrace house,952.34,D17
2013,Dublin 18,Three bed,Terrace house,1378.72,D18
2013,Dublin 20,Three bed,Terrace house,1075.97,D20
2013,Dublin 24,Three bed,Terrace house,968.71,D24
2013,"Tallaght, Dublin 24",Three bed,Terrace house,947.99,D24
2013,"Balbriggan, Dublin",Three bed,Apartment,809.06,D1
2013,"Blackrock, Dublin",Three bed,Apartment,1534.71,D18
2013,"Dun Laoghaire, Dublin",Three bed,Apartment,1797.36,D18
2013,"Lucan, Dublin",Three bed,Apartment,1055.44,D20
2013,"Malahide, Dublin",Three bed,Apartment,1343.08,D17
2013,"Saggart, Dublin",Three bed,Apartment,1036.28,D24
2013,"Stillorgan, Dublin",Three bed,Apartment,1599.11,D18
2013,"Swords, Dublin",Three bed,Apartment,1057.91,D17
2013,Dublin 1,Three bed,Apartment,1477.85,D1
2013,"I.F.S.C., Dublin 1",Three bed,Apartment,2485.0,D1
2013,Dublin 2,Three bed,Apartment,1682.34,D2
2013,Dublin 3,Three bed,Apartment,1380.53,D3
2013,"Clontarf, Dublin 3",Three bed,Apartment,1488.14,D3
2013,"Drumcondra, Dublin 3",Three bed,Apartment,1379.29,D3
2013,"East Wall, Dublin 3",Three bed,Apartment,1276.92,D3
2013,Dublin 4,Three bed,Apartment,1834.99,D4
2013,"Ballsbridge, Dublin 4",Three bed,Apartment,1936.28,D4
2013,"Pembroke, Dublin 4",Three bed,Apartment,1611.77,D4
2013,"Ringsend, Dublin 4",Three bed,Apartment,1705.61,D4
2013,"Sandymount, Dublin 4",Three bed,Apartment,1949.19,D4
2013,Dublin 6,Three bed,Apartment,1515.93,D6
2013,"Milltown, Dublin 6",Three bed,Apartment,1759.84,D6
2013,"Rathmines, Dublin 6",Three bed,Apartment,1393.57,D6
2013,Dublin 6W,Three bed,Apartment,1313.24,D6W
2013,Dublin 7,Three bed,Apartment,1354.72,D7
2013,"Smithfield, Dublin 7",Three bed,Apartment,1543.02,D7
2013,Dublin 8,Three bed,Apartment,1411.03,D8
2013,"Inchicore, Dublin 8",Three bed,Apartment,1261.59,D8
2013,"Islandbridge, Dublin 8",Three bed,Apartment,1493.11,D8
2013,"Kilmainham , Dublin 8",Three bed,Apartment,1292.43,D8
2013,Dublin 9,Three bed,Apartment,1247.04,D9
2013,"Drumcondra, Dublin 9",Three bed,Apartment,1406.69,D9
2013,"Santry, Dublin 9",Three bed,Apartment,1113.16,D9
2013,Dublin 11,Three bed,Apartment,1045.6,D11
2013,"Finglas, Dublin 11",Three bed,Apartment,1026.48,D11
2013,Dublin 12,Three bed,Apartment,1184.25,D12
2013,Dublin 13,Three bed,Apartment,1115.85,D13
2013,"Balgriffin, Dublin 13",Three bed,Apartment,1105.23,D13
2013,"Clongriffin, Dublin 13",Three bed,Apartment,1065.12,D13
2013,Dublin 14,Three bed,Apartment,1571.67,D14
2013,Dublin 15,Three bed,Apartment,1066.31,D15
2013,"Ashtown, Dublin 15",Three bed,Apartment,1106.79,D15
2013,"Blanchardstown, Dublin 15",Three bed,Apartment,1014.2,D15
2013,"Castleknock, Dublin 15",Three bed,Apartment,1156.1,D15
2013,"Royal Canal Park, Dublin 15",Three bed,Apartment,1148.64,D15
2013,"Tyrrelstown, Dublin 15",Three bed,Apartment,933.78,D15
2013,Dublin 16,Three bed,Apartment,1431.26,D16
2013,"Dundrum, Dublin 16",Three bed,Apartment,1724.23,D16
2013,"Rathfarnham, Dublin 16",Three bed,Apartment,1370.81,D16
2013,Dublin 17,Three bed,Apartment,1066.41,D17
2013,Dublin 18,Three bed,Apartment,1401.9,D18
2013,"Cabinteely, Dublin 18",Three bed,Apartment,1321.9,D18
2013,"Leopardstown, Dublin 18",Three bed,Apartment,1538.5,D18
2013,"Sandyford, Dublin 18",Three bed,Apartment,1394.22,D18
2013,Dublin 20,Three bed,Apartment,1116.01,D20
2013,"Chapelizod, Dublin 20",Three bed,Apartment,1160.94,D20
2013,Dublin 24,Three bed,Apartment,1026.11,D24
2013,"Citywest, Dublin 24",Three bed,Apartment,1014.84,D24
2013,"Tallaght, Dublin 24",Three bed,Apartment,1014.38,D24
2013,Dublin 6,Three bed,Other flats,1169.83,D6
2013,"Rathmines, Dublin 6",Three bed,Other flats,1129.69,D6
2013,"Blackrock, Dublin",Four plus bed,Detached house,2414.11,D18
2013,"Killiney, Dublin",Four plus bed,Detached house,2458.6,D18
2013,"Lucan, Dublin",Four plus bed,Detached house,1318.13,D20
2013,"Malahide, Dublin",Four plus bed,Detached house,2502.84,D17
2013,"Rush, Dublin",Four plus bed,Detached house,1079.52,D1
2013,Dublin 4,Four plus bed,Detached house,2668.67,D4
2013,Dublin 6,Four plus bed,Detached house,1946.58,D6
2013,Dublin 13,Four plus bed,Detached house,1773.68,D13
2013,Dublin 14,Four plus bed,Detached house,1987.97,D14
2013,Dublin 15,Four plus bed,Detached house,1357.09,D15
2013,"Castleknock, Dublin 15",Four plus bed,Detached house,1693.57,D15
2013,Dublin 16,Four plus bed,Detached house,1615.61,D16
2013,"Rathfarnham, Dublin 16",Four plus bed,Detached house,1700.0,D16
2013,Dublin 18,Four plus bed,Detached house,2212.52,D18
2013,"Foxrock, Dublin 18",Four plus bed,Detached house,2501.1,D18
2013,"Blackrock, Dublin",Four plus bed,Semi detached house,2005.72,D18
2013,"Booterstown, Dublin",Four plus bed,Semi detached house,2073.52,D4
2013,"Lucan, Dublin",Four plus bed,Semi detached house,1111.33,D20
2013,"Malahide, Dublin",Four plus bed,Semi detached house,1590.09,D17
2013,"Stillorgan, Dublin",Four plus bed,Semi detached house,1732.13,D18
2013,"Swords, Dublin",Four plus bed,Semi detached house,1178.09,D17
2013,Dublin 3,Four plus bed,Semi detached house,1576.85,D3
2013,"Clontarf, Dublin 3",Four plus bed,Semi detached house,1713.86,D3
2013,"Drumcondra, Dublin 3",Four plus bed,Semi detached house,1470.92,D3
2013,Dublin 4,Four plus bed,Semi detached house,2407.89,D4
2013,"Ballsbridge, Dublin 4",Four plus bed,Semi detached house,2500.22,D4
2013,"Sandymount, Dublin 4",Four plus bed,Semi detached house,2157.26,D4
2013,Dublin 5,Four plus bed,Semi detached house,1307.59,D5
2013,Dublin 6,Four plus bed,Semi detached house,2124.27,D6
2013,"Ranelagh, Dublin 6",Four plus bed,Semi detached house,2335.29,D6
2013,"Rathmines, Dublin 6",Four plus bed,Semi detached house,2113.43,D6
2013,Dublin 6W,Four plus bed,Semi detached house,1602.63,D6W
2013,"Templeogue, Dublin 6W",Four plus bed,Semi detached house,1439.09,D6W
2013,"Terenure, Dublin 6W",Four plus bed,Semi detached house,1903.8,D6W
2013,Dublin 7,Four plus bed,Semi detached house,1447.5,D7
2013,Dublin 8,Four plus bed,Semi detached house,1409.76,D8
2013,Dublin 9,Four plus bed,Semi detached house,1366.7,D9
2013,"Beaumont, Dublin 9",Four plus bed,Semi detached house,1297.63,D9
2013,"Drumcondra, Dublin 9",Four plus bed,Semi detached house,1462.23,D9
2013,"Glasnevin, Dublin 9",Four plus bed,Semi detached house,1369.15,D9
2013,"Santry, Dublin 9",Four plus bed,Semi detached house,1178.5,D9
2013,Dublin 11,Four plus bed,Semi detached house,1273.57,D11
2013,Dublin 12,Four plus bed,Semi detached house,1340.32,D12
2013,Dublin 13,Four plus bed,Semi detached house,1401.18,D13
2013,Dublin 14,Four plus bed,Semi detached house,1818.88,D14
2013,"Clonskeagh, Dublin 14",Four plus bed,Semi detached house,2021.3,D14
2013,"Dundrum, Dublin 14",Four plus bed,Semi detached house,1830.57,D14
2013,"Goatstown, Dublin 14",Four plus bed,Semi detached house,1962.66,D14
2013,"Rathfarnham, Dublin 14",Four plus bed,Semi detached house,1526.09,D14
2013,Dublin 15,Four plus bed,Semi detached house,1151.77,D15
2013,"Castleknock, Dublin 15",Four plus bed,Semi detached house,1241.95,D15
2013,"Clonee, Dublin 15",Four plus bed,Semi detached house,1101.22,D15
2013,"Clonsilla, Dublin 15",Four plus bed,Semi detached house,1139.33,D15
2013,"Tyrrelstown, Dublin 15",Four plus bed,Semi detached house,1070.97,D15
2013,Dublin 16,Four plus bed,Semi detached house,1460.03,D16
2013,"Dundrum, Dublin 16",Four plus bed,Semi detached house,1787.41,D16
2013,"Knocklyon, Dublin 16",Four plus bed,Semi detached house,1346.45,D16
2013,"Rathfarnham, Dublin 16",Four plus bed,Semi detached house,1516.33,D16
2013,Dublin 18,Four plus bed,Semi detached house,1647.17,D18
2013,"Foxrock, Dublin 18",Four plus bed,Semi detached house,1718.67,D18
2013,"Leopardstown, Dublin 18",Four plus bed,Semi detached house,1659.86,D18
2013,Dublin 20,Four plus bed,Semi detached house,1145.67,D20
2013,Dublin 24,Four plus bed,Semi detached house,1135.42,D24
2013,"Tallaght, Dublin 24",Four plus bed,Semi detached house,1102.89,D24
2013,"Malahide, Dublin",Four plus bed,Terrace house,1824.57,D17
2013,Dublin 1,Four plus bed,Terrace house,1656.33,D1
2013,Dublin 3,Four plus bed,Terrace house,1345.2,D3
2013,"Drumcondra, Dublin 3",Four plus bed,Terrace house,1479.57,D3
2013,Dublin 4,Four plus bed,Terrace house,2476.2,D4
2013,"Ballsbridge, Dublin 4",Four plus bed,Terrace house,2640.59,D4
2013,Dublin 6,Four plus bed,Terrace house,1977.97,D6
2013,"Ranelagh, Dublin 6",Four plus bed,Terrace house,1909.89,D6
2013,"Rathmines, Dublin 6",Four plus bed,Terrace house,1914.71,D6
2013,Dublin 6W,Four plus bed,Terrace house,1683.13,D6W
2013,Dublin 7,Four plus bed,Terrace house,1414.28,D7
2013,"Phibsboro, Dublin 7",Four plus bed,Terrace house,1455.6,D7
2013,Dublin 8,Four plus bed,Terrace house,1532.81,D8
2013,Dublin 9,Four plus bed,Terrace house,1529.12,D9
2013,"Drumcondra, Dublin 9",Four plus bed,Terrace house,1491.63,D9
2013,"Glasnevin, Dublin 9",Four plus bed,Terrace house,1575.28,D9
2013,Dublin 11,Four plus bed,Terrace house,1236.78,D11
2013,Dublin 12,Four plus bed,Terrace house,1243.22,D12
2013,Dublin 13,Four plus bed,Terrace house,1370.42,D13
2013,"Balgriffin, Dublin 13",Four plus bed,Terrace house,1414.0,D13
2013,Dublin 14,Four plus bed,Terrace house,1895.69,D14
2013,Dublin 15,Four plus bed,Terrace house,1163.06,D15
2013,"Tyrrelstown, Dublin 15",Four plus bed,Terrace house,1067.74,D15
2013,Dublin 18,Four plus bed,Terrace house,1630.65,D18
2013,Dublin 24,Four plus bed,Terrace house,1064.64,D24
2013,Dublin 1,Four plus bed,Apartment,2741.49,D1
2013,"I.F.S.C., Dublin 1",Four plus bed,Apartment,5142.47,D1
2013,Dublin 7,Four plus bed,Apartment,1198.91,D7
2013,Dublin 9,Four plus bed,Apartment,2305.41,D9
2013,"Glasnevin, Dublin 9",Four plus bed,Apartment,2572.5,D9
2014,Dublin 6,One bed,Semi detached house,785.91,D6
2014,Dublin 3,One bed,Terrace house,794.54,D3
2014,Dublin 4,One bed,Terrace house,1126.96,D4
2014,Dublin 6,One bed,Terrace house,816.35,D6
2014,"Rathmines, Dublin 6",One bed,Terrace house,686.87,D6
2014,Dublin 7,One bed,Terrace house,676.09,D7
2014,Dublin 8,One bed,Terrace house,865.74,D8
2014,"Balbriggan, Dublin",One bed,Apartment,629.89,D1
2014,"Blackrock, Dublin",One bed,Apartment,1063.93,D18
2014,"Booterstown, Dublin",One bed,Apartment,1105.47,D4
2014,"Donabate, Dublin",One bed,Apartment,767.16,D13
2014,"Dun Laoghaire, Dublin",One bed,Apartment,1005.74,D18
2014,"Lucan, Dublin",One bed,Apartment,800.3,D20
2014,"Malahide, Dublin",One bed,Apartment,1037.63,D17
2014,"Monkstown, Dublin",One bed,Apartment,921.33,D18
2014,"Portmarnock, Dublin",One bed,Apartment,903.33,D13
2014,"Stillorgan, Dublin",One bed,Apartment,1074.84,D18
2014,"Swords, Dublin",One bed,Apartment,827.58,D17
2014,Dublin 1,One bed,Apartment,913.39,D1
2014,"I.F.S.C., Dublin 1",One bed,Apartment,1087.48,D1
2014,"Parnell Street, Dublin 1",One bed,Apartment,961.31,D1
2014,Dublin 2,One bed,Apartment,1072.26,D2
2014,"Pearse Street, Dublin 2",One bed,Apartment,1085.15,D2
2014,"Temple Bar, Dublin 2",One bed,Apartment,1081.39,D2
2014,"Townsend Street, Dublin 2",One bed,Apartment,1099.06,D2
2014,Dublin 3,One bed,Apartment,903.01,D3
2014,"Clontarf, Dublin 3",One bed,Apartment,933.66,D3
2014,"Drumcondra, Dublin 3",One bed,Apartment,844.08,D3
2014,"East Wall, Dublin 3",One bed,Apartment,918.29,D3
2014,"Fairview, Dublin 3",One bed,Apartment,867.65,D3
2014,Dublin 4,One bed,Apartment,1123.74,D4
2014,"Ballsbridge, Dublin 4",One bed,Apartment,1176.62,D4
2014,"Donnybrook, Dublin 4",One bed,Apartment,1099.83,D4
2014,"Merrion, Dublin 4",One bed,Apartment,1150.0,D4
2014,"Pembroke, Dublin 4",One bed,Apartment,1174.45,D4
2014,"Ringsend, Dublin 4",One bed,Apartment,1072.6,D4
2014,"Sandymount, Dublin 4",One bed,Apartment,959.71,D4
2014,Dublin 5,One bed,Apartment,850.12,D5
2014,"Raheny, Dublin 5",One bed,Apartment,832.19,D5
2014,Dublin 6,One bed,Apartment,988.7,D6
2014,"Harolds Cross, Dublin 6",One bed,Apartment,889.21,D6
2014,"Milltown, Dublin 6",One bed,Apartment,1240.82,D6
2014,"Ranelagh, Dublin 6",One bed,Apartment,1026.22,D6
2014,"Rathgar, Dublin 6",One bed,Apartment,943.32,D6
2014,"Rathmines, Dublin 6",One bed,Apartment,911.07,D6
2014,Dublin 6W,One bed,Apartment,898.81,D6W
2014,"Harolds Cross, Dublin 6W",One bed,Apartment,884.9,D6W
2014,"Terenure, Dublin 6W",One bed,Apartment,977.32,D6W
2014,Dublin 7,One bed,Apartment,863.88,D7
2014,"Navan Road, Dublin 7",One bed,Apartment,903.78,D7
2014,"Phibsboro, Dublin 7",One bed,Apartment,776.93,D7
2014,"Smithfield, Dublin 7",One bed,Apartment,971.94,D7
2014,Dublin 8,One bed,Apartment,904.56,D8
2014,"Christchurch, Dublin 8",One bed,Apartment,914.89,D8
2014,"Cork Street, Dublin 8",One bed,Apartment,941.11,D8
2014,"Inchicore, Dublin 8",One bed,Apartment,880.82,D8
2014,"Islandbridge, Dublin 8",One bed,Apartment,1054.44,D8
2014,"Kilmainham , Dublin 8",One bed,Apartment,865.77,D8
2014,"Portobello, Dublin 8",One bed,Apartment,853.12,D8
2014,"Rialto, Dublin 8",One bed,Apartment,850.83,D8
2014,Dublin 9,One bed,Apartment,829.4,D9
2014,"Ballymun, Dublin 9",One bed,Apartment,804.79,D9
2014,"Beaumont, Dublin 9",One bed,Apartment,833.68,D9
2014,"Drumcondra, Dublin 9",One bed,Apartment,824.61,D9
2014,"Glasnevin, Dublin 9",One bed,Apartment,816.48,D9
2014,"Santry, Dublin 9",One bed,Apartment,867.25,D9
2014,Dublin 10,One bed,Apartment,784.19,D10
2014,Dublin 11,One bed,Apartment,821.26,D11
2014,"Ballymun, Dublin 11",One bed,Apartment,773.33,D11
2014,"Finglas, Dublin 11",One bed,Apartment,811.13,D11
2014,"Glasnevin, Dublin 11",One bed,Apartment,887.35,D11
2014,Dublin 12,One bed,Apartment,841.02,D12
2014,"Drimnagh, Dublin 12",One bed,Apartment,930.76,D12
2014,"Kimmage, Dublin 12",One bed,Apartment,826.65,D12
2014,Dublin 13,One bed,Apartment,864.56,D13
2014,"Clongriffin, Dublin 13",One bed,Apartment,888.82,D13
2014,Dublin 14,One bed,Apartment,1026.36,D14
2014,"Churchtown, Dublin 14",One bed,Apartment,1020.78,D14
2014,"Dundrum, Dublin 14",One bed,Apartment,1085.84,D14
2014,"Rathfarnham, Dublin 14",One bed,Apartment,946.79,D14
2014,Dublin 15,One bed,Apartment,870.02,D15
2014,"Ashtown, Dublin 15",One bed,Apartment,949.83,D15
2014,"Blanchardstown, Dublin 15",One bed,Apartment,839.07,D15
2014,"Castleknock, Dublin 15",One bed,Apartment,963.49,D15
2014,"Ongar, Dublin 15",One bed,Apartment,778.81,D15
2014,"Royal Canal Park, Dublin 15",One bed,Apartment,930.38,D15
2014,Dublin 16,One bed,Apartment,994.46,D16
2014,"Dundrum, Dublin 16",One bed,Apartment,1095.55,D16
2014,"Rathfarnham, Dublin 16",One bed,Apartment,914.53,D16
2014,Dublin 17,One bed,Apartment,862.8,D17
2014,"Malahide Road, Dublin 17",One bed,Apartment,866.21,D17
2014,Dublin 18,One bed,Apartment,1063.31,D18
2014,"Cabinteely, Dublin 18",One bed,Apartment,976.33,D18
2014,"Carrickmines, Dublin 18",One bed,Apartment,1020.65,D18
2014,"Leopardstown, Dublin 18",One bed,Apartment,1056.83,D18
2014,"Sandyford, Dublin 18",One bed,Apartment,1113.33,D18
2014,"Stepaside, Dublin 18",One bed,Apartment,988.52,D18
2014,Dublin 20,One bed,Apartment,856.4,D20
2014,"Chapelizod, Dublin 20",One bed,Apartment,840.27,D20
2014,Dublin 24,One bed,Apartment,851.03,D24
2014,"Tallaght, Dublin 24",One bed,Apartment,871.95,D24
2014,"Dun Laoghaire, Dublin",One bed,Other flats,754.16,D18
2014,"Monkstown, Dublin",One bed,Other flats,802.21,D18
2014,Dublin 1,One bed,Other flats,634.39,D1
2014,Dublin 2,One bed,Other flats,813.37,D2
2014,Dublin 3,One bed,Other flats,613.41,D3
2014,"Clontarf, Dublin 3",One bed,Other flats,664.89,D3
2014,"Drumcondra, Dublin 3",One bed,Other flats,572.8,D3
2014,"Fairview, Dublin 3",One bed,Other flats,615.67,D3
2014,Dublin 4,One bed,Other flats,764.38,D4
2014,"Ballsbridge, Dublin 4",One bed,Other flats,768.01,D4
2014,"Donnybrook, Dublin 4",One bed,Other flats,710.33,D4
2014,"Sandymount, Dublin 4",One bed,Other flats,766.71,D4
2014,Dublin 6,One bed,Other flats,669.38,D6
2014,"Harolds Cross, Dublin 6",One bed,Other flats,656.0,D6
2014,"Ranelagh, Dublin 6",One bed,Other flats,672.36,D6
2014,"Rathgar, Dublin 6",One bed,Other flats,657.29,D6
2014,"Rathmines, Dublin 6",One bed,Other flats,668.83,D6
2014,"Terenure, Dublin 6",One bed,Other flats,692.0,D6
2014,Dublin 6W,One bed,Other flats,669.87,D6W
2014,"Harolds Cross, Dublin 6W",One bed,Other flats,674.95,D6W
2014,"Terenure, Dublin 6W",One bed,Other flats,676.56,D6W
2014,Dublin 7,One bed,Other flats,589.18,D7
2014,"Cabra, Dublin 7",One bed,Other flats,587.49,D7
2014,"North Circular Road, Dublin 7",One bed,Other flats,579.05,D7
2014,"Phibsboro, Dublin 7",One bed,Other flats,581.89,D7
2014,Dublin 8,One bed,Other flats,652.76,D8
2014,"Kilmainham , Dublin 8",One bed,Other flats,664.46,D8
2014,"Portobello, Dublin 8",One bed,Other flats,648.39,D8
2014,"South Circular Road, Dublin 8",One bed,Other flats,729.83,D8
2014,Dublin 9,One bed,Other flats,592.04,D9
2014,"Drumcondra, Dublin 9",One bed,Other flats,571.41,D9
2014,"Glasnevin, Dublin 9",One bed,Other flats,625.45,D9
2014,Dublin 11,One bed,Other flats,725.79,D11
2014,Dublin 12,One bed,Other flats,626.72,D12
2014,"Balbriggan, Dublin",Two bed,Semi detached house,790.15,D1
2014,"Blackrock, Dublin",Two bed,Semi detached house,1303.94,D18
2014,"Lucan, Dublin",Two bed,Semi detached house,1004.35,D20
2014,Dublin 3,Two bed,Semi detached house,1081.06,D3
2014,"East Wall, Dublin 3",Two bed,Semi detached house,986.25,D3
2014,Dublin 4,Two bed,Semi detached house,1433.19,D4
2014,"Ballsbridge, Dublin 4",Two bed,Semi detached house,1597.91,D4
2014,Dublin 5,Two bed,Semi detached house,1083.14,D5
2014,Dublin 6,Two bed,Semi detached house,1312.14,D6
2014,"Rathmines, Dublin 6",Two bed,Semi detached house,1205.9,D6
2014,Dublin 7,Two bed,Semi detached house,1049.85,D7
2014,"Cabra, Dublin 7",Two bed,Semi detached house,1035.79,D7
2014,Dublin 8,Two bed,Semi detached house,1114.31,D8
2014,Dublin 9,Two bed,Semi detached house,1038.98,D9
2014,"Ballyfermot, Dublin 10",Two bed,Semi detached house,882.33,D10
2014,Dublin 11,Two bed,Semi detached house,971.44,D11
2014,"Finglas, Dublin 11",Two bed,Semi detached house,903.92,D11
2014,Dublin 12,Two bed,Semi detached house,986.38,D12
2014,"Crumlin, Dublin 12",Two bed,Semi detached house,950.97,D12
2014,"Drimnagh, Dublin 12",Two bed,Semi detached house,951.23,D12
2014,Dublin 14,Two bed,Semi detached house,1325.07,D14
2014,Dublin 15,Two bed,Semi detached house,964.99,D15
2014,Dublin 24,Two bed,Semi detached house,888.67,D24
2014,"Tallaght, Dublin 24",Two bed,Semi detached house,938.5,D24
2014,"Balbriggan, Dublin",Two bed,Terrace house,787.85,D1
2014,"Blackrock, Dublin",Two bed,Terrace house,1298.24,D18
2014,"Dun Laoghaire, Dublin",Two bed,Terrace house,1204.97,D18
2014,"Lucan, Dublin",Two bed,Terrace house,1001.88,D20
2014,"Lusk, Dublin",Two bed,Terrace house,856.36,D1
2014,"Monkstown, Dublin",Two bed,Terrace house,1241.25,D18
2014,"Rush, Dublin",Two bed,Terrace house,860.82,D1
2014,"Swords, Dublin",Two bed,Terrace house,991.57,D17
2014,Dublin 1,Two bed,Terrace house,982.33,D1
2014,Dublin 2,Two bed,Terrace house,1425.38,D2
2014,Dublin 3,Two bed,Terrace house,1061.96,D3
2014,"Clontarf, Dublin 3",Two bed,Terrace house,1208.71,D3
2014,"Drumcondra, Dublin 3",Two bed,Terrace house,1136.83,D3
2014,"East Wall, Dublin 3",Two bed,Terrace house,1064.53,D3
2014,Dublin 4,Two bed,Terrace house,1439.34,D4
2014,"Ballsbridge, Dublin 4",Two bed,Terrace house,1474.7,D4
2014,"Donnybrook, Dublin 4",Two bed,Terrace house,1513.29,D4
2014,"Ringsend, Dublin 4",Two bed,Terrace house,1280.51,D4
2014,"Sandymount, Dublin 4",Two bed,Terrace house,1511.82,D4
2014,Dublin 5,Two bed,Terrace house,1050.8,D5
2014,Dublin 6,Two bed,Terrace house,1367.3,D6
2014,"Harolds Cross, Dublin 6",Two bed,Terrace house,1169.06,D6
2014,"Milltown, Dublin 6",Two bed,Terrace house,1370.17,D6
2014,"Ranelagh, Dublin 6",Two bed,Terrace house,1484.48,D6
2014,"Rathgar, Dublin 6",Two bed,Terrace house,1334.3,D6
2014,"Rathmines, Dublin 6",Two bed,Terrace house,1292.66,D6
2014,Dublin 6W,Two bed,Terrace house,1106.41,D6W
2014,"Harolds Cross, Dublin 6W",Two bed,Terrace house,1129.94,D6W
2014,Dublin 7,Two bed,Terrace house,1048.37,D7
2014,"Cabra, Dublin 7",Two bed,Terrace house,989.6,D7
2014,"Phibsboro, Dublin 7",Two bed,Terrace house,1057.88,D7
2014,"Stoneybatter, Dublin 7",Two bed,Terrace house,1098.98,D7
2014,Dublin 8,Two bed,Terrace house,1131.5,D8
2014,"Inchicore, Dublin 8",Two bed,Terrace house,969.7,D8
2014,"Kilmainham , Dublin 8",Two bed,Terrace house,1140.81,D8
2014,"Portobello, Dublin 8",Two bed,Terrace house,1458.09,D8
2014,Dublin 9,Two bed,Terrace house,1092.33,D9
2014,"Drumcondra, Dublin 9",Two bed,Terrace house,1133.94,D9
2014,Dublin 10,Two bed,Terrace house,931.52,D10
2014,"Ballyfermot, Dublin 10",Two bed,Terrace house,943.22,D10
2014,Dublin 11,Two bed,Terrace house,924.44,D11
2014,"Finglas, Dublin 11",Two bed,Terrace house,924.96,D11
2014,Dublin 12,Two bed,Terrace house,1017.76,D12
2014,"Crumlin, Dublin 12",Two bed,Terrace house,977.79,D12
2014,"Drimnagh, Dublin 12",Two bed,Terrace house,1045.98,D12
2014,"Kimmage, Dublin 12",Two bed,Terrace house,1034.97,D12
2014,Dublin 13,Two bed,Terrace house,1072.84,D13
2014,Dublin 14,Two bed,Terrace house,1225.73,D14
2014,"Dundrum, Dublin 14",Two bed,Terrace house,1238.33,D14
2014,"Rathfarnham, Dublin 14",Two bed,Terrace house,1163.93,D14
2014,Dublin 15,Two bed,Terrace house,964.5,D15
2014,"Blanchardstown, Dublin 15",Two bed,Terrace house,932.03,D15
2014,"Castleknock, Dublin 15",Two bed,Terrace house,1061.11,D15
2014,"Clonee, Dublin 15",Two bed,Terrace house,934.49,D15
2014,"Clonsilla, Dublin 15",Two bed,Terrace house,943.2,D15
2014,Dublin 16,Two bed,Terrace house,1182.97,D16
2014,"Dundrum, Dublin 16",Two bed,Terrace house,1269.7,D16
2014,"Rathfarnham, Dublin 16",Two bed,Terrace house,1174.13,D16
2014,Dublin 18,Two bed,Terrace house,1279.17,D18
2014,Dublin 20,Two bed,Terrace house,1008.91,D20
2014,Dublin 24,Two bed,Terrace house,952.69,D24
2014,"Balbriggan, Dublin",Two bed,Apartment,772.75,D1
2014,"Blackrock, Dublin",Two bed,Apartment,1351.15,D18
2014,"Booterstown, Dublin",Two bed,Apartment,1352.72,D4
2014,"Dalkey, Dublin",Two bed,Apartment,1503.73,D18
2014,"Donabate, Dublin",Two bed,Apartment,911.59,D13
2014,"Dun Laoghaire, Dublin",Two bed,Apartment,1322.68,D18
2014,"Howth, Dublin",Two bed,Apartment,1274.17,D13
2014,"Killiney, Dublin",Two bed,Apartment,1465.44,D18
2014,"Lucan, Dublin",Two bed,Apartment,973.4,D20
2014,"Malahide, Dublin",Two bed,Apartment,1257.35,D17
2014,"Monkstown, Dublin",Two bed,Apartment,1181.93,D18
2014,"Portmarnock, Dublin",Two bed,Apartment,1102.22,D13
2014,"Rathcoole, Dublin",Two bed,Apartment,881.63,D24
2014,"Rush, Dublin",Two bed,Apartment,813.6,D1
2014,"Saggart, Dublin",Two bed,Apartment,1019.3,D24
2014,"Shankill, Dublin",Two bed,Apartment,1105.8,D18
2014,"Skerries, Dublin",Two bed,Apartment,893.58,D1
2014,"Stillorgan, Dublin",Two bed,Apartment,1359.83,D18
2014,"Swords, Dublin",Two bed,Apartment,974.18,D17
2014,Dublin 1,Two bed,Apartment,1263.86,D1
2014,"I.F.S.C., Dublin 1",Two bed,Apartment,1720.33,D1
2014,"Parnell Street, Dublin 1",Two bed,Apartment,1207.92,D1
2014,"Spencer Dock, Dublin 1",Two bed,Apartment,1582.84,D1
2014,Dublin 2,Two bed,Apartment,1467.27,D2
2014,"Charlemont Street, Dublin 2",Two bed,Apartment,1305.31,D2
2014,"Grand Canal Dock, Dublin 2",Two bed,Apartment,1857.69,D2
2014,"Grand Canal Square, Dublin 2",Two bed,Apartment,2107.82,D2
2014,"Hanover Quay, Dublin 2",Two bed,Apartment,1945.14,D2
2014,"Pearse Street, Dublin 2",Two bed,Apartment,1290.29,D2
2014,"Temple Bar, Dublin 2",Two bed,Apartment,1346.95,D2
2014,"Townsend Street, Dublin 2",Two bed,Apartment,1462.3,D2
2014,Dublin 3,Two bed,Apartment,1174.28,D3
2014,"Clontarf, Dublin 3",Two bed,Apartment,1187.16,D3
2014,"Drumcondra, Dublin 3",Two bed,Apartment,1159.04,D3
2014,"East Wall, Dublin 3",Two bed,Apartment,1132.71,D3
2014,"Fairview, Dublin 3",Two bed,Apartment,1105.32,D3
2014,Dublin 4,Two bed,Apartment,1517.76,D4
2014,"Ballsbridge, Dublin 4",Two bed,Apartment,1647.18,D4
2014,"Donnybrook, Dublin 4",Two bed,Apartment,1481.91,D4
2014,"Merrion, Dublin 4",Two bed,Apartment,1467.55,D4
2014,"Pembroke, Dublin 4",Two bed,Apartment,1500.82,D4
2014,"Ringsend, Dublin 4",Two bed,Apartment,1305.47,D4
2014,"Sandymount, Dublin 4",Two bed,Apartment,1449.0,D4
2014,Dublin 5,Two bed,Apartment,1069.79,D5
2014,"Artane, Dublin 5",Two bed,Apartment,1034.77,D5
2014,"Raheny, Dublin 5",Two bed,Apartment,1122.02,D5
2014,Dublin 6,Two bed,Apartment,1317.43,D6
2014,"Dartry, Dublin 6",Two bed,Apartment,1482.22,D6
2014,"Milltown, Dublin 6",Two bed,Apartment,1468.11,D6
2014,"Ranelagh, Dublin 6",Two bed,Apartment,1396.91,D6
2014,"Rathgar, Dublin 6",Two bed,Apartment,1135.7,D6
2014,"Rathmines, Dublin 6",Two bed,Apartment,1219.43,D6
2014,"Terenure, Dublin 6",Two bed,Apartment,1245.91,D6
2014,Dublin 6W,Two bed,Apartment,1244.42,D6W
2014,"Terenure, Dublin 6W",Two bed,Apartment,1296.98,D6W
2014,Dublin 7,Two bed,Apartment,1116.64,D7
2014,"Navan Road, Dublin 7",Two bed,Apartment,1104.46,D7
2014,"Phibsboro, Dublin 7",Two bed,Apartment,992.56,D7
2014,"Smithfield, Dublin 7",Two bed,Apartment,1262.56,D7
2014,Dublin 8,Two bed,Apartment,1098.59,D8
2014,"Christchurch, Dublin 8",Two bed,Apartment,1172.25,D8
2014,"Cork Street, Dublin 8",Two bed,Apartment,1177.61,D8
2014,"Inchicore, Dublin 8",Two bed,Apartment,1058.48,D8
2014,"Islandbridge, Dublin 8",Two bed,Apartment,1288.32,D8
2014,"Kilmainham , Dublin 8",Two bed,Apartment,1170.5,D8
2014,"Portobello, Dublin 8",Two bed,Apartment,1319.53,D8
2014,"Rialto, Dublin 8",Two bed,Apartment,1100.3,D8
2014,"South Circular Road, Dublin 8",Two bed,Apartment,900.11,D8
2014,Dublin 9,Two bed,Apartment,1117.6,D9
2014,"Ballymun, Dublin 9",Two bed,Apartment,858.55,D9
2014,"Beaumont, Dublin 9",Two bed,Apartment,989.87,D9
2014,"Drumcondra, Dublin 9",Two bed,Apartment,1158.56,D9
2014,"Glasnevin, Dublin 9",Two bed,Apartment,1099.57,D9
2014,"Santry, Dublin 9",Two bed,Apartment,1042.68,D9
2014,"Whitehall, Dublin 9",Two bed,Apartment,1080.45,D9
2014,Dublin 10,Two bed,Apartment,928.14,D10
2014,"Ballyfermot, Dublin 10",Two bed,Apartment,865.76,D10
2014,"Cherry Orchard, Dublin 10",Two bed,Apartment,951.45,D10
2014,Dublin 11,Two bed,Apartment,982.71,D11
2014,"Ballymun, Dublin 11",Two bed,Apartment,865.49,D11
2014,"Finglas, Dublin 11",Two bed,Apartment,977.89,D11
2014,"Glasnevin, Dublin 11",Two bed,Apartment,1117.63,D11
2014,"St Margarets Road, Dublin 11",Two bed,Apartment,1049.87,D11
2014,Dublin 12,Two bed,Apartment,1044.87,D12
2014,"Crumlin, Dublin 12",Two bed,Apartment,958.19,D12
2014,"Drimnagh, Dublin 12",Two bed,Apartment,1145.48,D12
2014,"Kimmage, Dublin 12",Two bed,Apartment,1077.34,D12
2014,Dublin 13,Two bed,Apartment,1078.74,D13
2014,"Baldoyle, Dublin 13",Two bed,Apartment,1031.89,D13
2014,"Balgriffin, Dublin 13",Two bed,Apartment,962.26,D13
2014,"Clongriffin, Dublin 13",Two bed,Apartment,1053.46,D13
2014,"Donaghmede, Dublin 13",Two bed,Apartment,1012.42,D13
2014,"Sutton, Dublin 13",Two bed,Apartment,1414.25,D13
2014,Dublin 14,Two bed,Apartment,1285.63,D14
2014,"Churchtown, Dublin 14",Two bed,Apartment,1197.51,D14
2014,"Clonskeagh, Dublin 14",Two bed,Apartment,1253.59,D14
2014,"Dundrum, Dublin 14",Two bed,Apartment,1328.28,D14
2014,"Goatstown, Dublin 14",Two bed,Apartment,1381.67,D14
2014,"Rathfarnham, Dublin 14",Two bed,Apartment,1205.97,D14
2014,Dublin 15,Two bed,Apartment,1045.28,D15
2014,"Ashtown, Dublin 15",Two bed,Apartment,1098.56,D15
2014,"Blanchardstown, Dublin 15",Two bed,Apartment,1021.86,D15
2014,"Carpenterstown, Dublin 15",Two bed,Apartment,1008.97,D15
2014,"Castleknock, Dublin 15",Two bed,Apartment,1173.27,D15
2014,"Clonee, Dublin 15",Two bed,Apartment,911.72,D15
2014,"Clonsilla, Dublin 15",Two bed,Apartment,974.9,D15
2014,"Coolmine, Dublin 15",Two bed,Apartment,981.36,D15
2014,"Mulhuddart, Dublin 15",Two bed,Apartment,866.67,D15
2014,"Ongar, Dublin 15",Two bed,Apartment,934.21,D15
2014,"Porterstown, Dublin 15",Two bed,Apartment,917.82,D15
2014,"Royal Canal Park, Dublin 15",Two bed,Apartment,1052.87,D15
2014,"Tyrrelstown, Dublin 15",Two bed,Apartment,870.59,D15
2014,Dublin 16,Two bed,Apartment,1231.9,D16
2014,"Ballinteer, Dublin 16",Two bed,Apartment,1300.27,D16
2014,"Dundrum, Dublin 16",Two bed,Apartment,1330.71,D16
2014,"Rathfarnham, Dublin 16",Two bed,Apartment,1181.42,D16
2014,Dublin 17,Two bed,Apartment,1009.62,D17
2014,"Malahide Road, Dublin 17",Two bed,Apartment,1046.61,D17
2014,"Northern Cross, Dublin 17",Two bed,Apartment,1000.22,D17
2014,Dublin 18,Two bed,Apartment,1272.49,D18
2014,"Cabinteely, Dublin 18",Two bed,Apartment,1145.46,D18
2014,"Carrickmines, Dublin 18",Two bed,Apartment,1294.42,D18
2014,"Foxrock, Dublin 18",Two bed,Apartment,1600.0,D18
2014,"Leopardstown, Dublin 18",Two bed,Apartment,1310.27,D18
2014,"Sandyford, Dublin 18",Two bed,Apartment,1322.2,D18
2014,"Stepaside, Dublin 18",Two bed,Apartment,1159.65,D18
2014,Dublin 20,Two bed,Apartment,1013.46,D20
2014,"Chapelizod, Dublin 20",Two bed,Apartment,1010.69,D20
2014,"Palmerstown, Dublin 20",Two bed,Apartment,997.61,D20
2014,Dublin 24,Two bed,Apartment,1018.95,D24
2014,"Ballycullen, Dublin 24",Two bed,Apartment,1032.39,D24
2014,"Citywest, Dublin 24",Two bed,Apartment,968.89,D24
2014,"Firhouse, Dublin 24",Two bed,Apartment,1015.97,D24
2014,"Tallaght, Dublin 24",Two bed,Apartment,1070.35,D24
2014,Dublin 1,Two bed,Other flats,900.99,D1
2014,Dublin 2,Two bed,Other flats,1289.93,D2
2014,Dublin 3,Two bed,Other flats,826.1,D3
2014,"Drumcondra, Dublin 3",Two bed,Other flats,846.54,D3
2014,Dublin 4,Two bed,Other flats,1104.93,D4
2014,"Ballsbridge, Dublin 4",Two bed,Other flats,1143.65,D4
2014,Dublin 6,Two bed,Other flats,954.0,D6
2014,"Ranelagh, Dublin 6",Two bed,Other flats,1010.47,D6
2014,"Rathgar, Dublin 6",Two bed,Other flats,1005.11,D6
2014,"Rathmines, Dublin 6",Two bed,Other flats,928.83,D6
2014,Dublin 6W,Two bed,Other flats,974.35,D6W
2014,Dublin 7,Two bed,Other flats,807.72,D7
2014,Dublin 8,Two bed,Other flats,853.61,D8
2014,"Portobello, Dublin 8",Two bed,Other flats,902.08,D8
2014,Dublin 9,Two bed,Other flats,916.35,D9
2014,Dublin 4,Three bed,Detached house,2176.95,D4
2014,"Ballsbridge, Dublin 4",Three bed,Detached house,2202.61,D4
2014,Dublin 14,Three bed,Detached house,1722.81,D14
2014,Dublin 15,Three bed,Detached house,1123.47,D15
2014,Dublin 18,Three bed,Detached house,1507.05,D18
2014,Dublin 24,Three bed,Detached house,1080.89,D24
2014,"Balbriggan, Dublin",Three bed,Semi detached house,905.37,D1
2014,"Blackrock, Dublin",Three bed,Semi detached house,1561.68,D18
2014,"Donabate, Dublin",Three bed,Semi detached house,1062.5,D13
2014,"Dun Laoghaire, Dublin",Three bed,Semi detached house,1481.71,D18
2014,"Killiney, Dublin",Three bed,Semi detached house,1427.1,D18
2014,"Kinsealy, Dublin",Three bed,Semi detached house,1115.3,D17
2014,"Lucan, Dublin",Three bed,Semi detached house,1085.89,D20
2014,"Lusk, Dublin",Three bed,Semi detached house,1044.18,D1
2014,"Malahide, Dublin",Three bed,Semi detached house,1398.55,D17
2014,"Rush, Dublin",Three bed,Semi detached house,969.76,D1
2014,"Saggart, Dublin",Three bed,Semi detached house,1080.91,D24
2014,"Shankill, Dublin",Three bed,Semi detached house,1249.24,D18
2014,"Skerries, Dublin",Three bed,Semi detached house,1060.56,D1
2014,"Stillorgan, Dublin",Three bed,Semi detached house,1573.83,D18
2014,"Swords, Dublin",Three bed,Semi detached house,1116.29,D17
2014,Dublin 3,Three bed,Semi detached house,1353.2,D3
2014,"Clontarf, Dublin 3",Three bed,Semi detached house,1483.86,D3
2014,"Drumcondra, Dublin 3",Three bed,Semi detached house,1389.48,D3
2014,Dublin 4,Three bed,Semi detached house,2081.36,D4
2014,"Ballsbridge, Dublin 4",Three bed,Semi detached house,2226.05,D4
2014,"Sandymount, Dublin 4",Three bed,Semi detached house,2073.69,D4
2014,Dublin 5,Three bed,Semi detached house,1185.14,D5
2014,"Artane, Dublin 5",Three bed,Semi detached house,1191.82,D5
2014,"Raheny, Dublin 5",Three bed,Semi detached house,1209.63,D5
2014,Dublin 6,Three bed,Semi detached house,1773.43,D6
2014,"Harolds Cross, Dublin 6",Three bed,Semi detached house,1515.0,D6
2014,"Ranelagh, Dublin 6",Three bed,Semi detached house,2053.16,D6
2014,"Rathgar, Dublin 6",Three bed,Semi detached house,1617.0,D6
2014,Dublin 6W,Three bed,Semi detached house,1398.73,D6W
2014,"Templeogue, Dublin 6W",Three bed,Semi detached house,1263.25,D6W
2014,"Terenure, Dublin 6W",Three bed,Semi detached house,1481.94,D6W
2014,Dublin 7,Three bed,Semi detached house,1221.07,D7
2014,"Cabra, Dublin 7",Three bed,Semi detached house,1167.45,D7
2014,"Navan Road, Dublin 7",Three bed,Semi detached house,1177.09,D7
2014,Dublin 8,Three bed,Semi detached house,1349.23,D8
2014,Dublin 9,Three bed,Semi detached house,1232.87,D9
2014,"Beaumont, Dublin 9",Three bed,Semi detached house,1227.61,D9
2014,"Drumcondra, Dublin 9",Three bed,Semi detached house,1391.56,D9
2014,"Glasnevin, Dublin 9",Three bed,Semi detached house,1239.27,D9
2014,"Santry, Dublin 9",Three bed,Semi detached house,1160.1,D9
2014,"Whitehall, Dublin 9",Three bed,Semi detached house,1215.38,D9
2014,Dublin 10,Three bed,Semi detached house,998.95,D10
2014,"Ballyfermot, Dublin 10",Three bed,Semi detached house,996.4,D10
2014,Dublin 11,Three bed,Semi detached house,1154.46,D11
2014,"Finglas, Dublin 11",Three bed,Semi detached house,1028.6,D11
2014,"Glasnevin, Dublin 11",Three bed,Semi detached house,1192.61,D11
2014,Dublin 12,Three bed,Semi detached house,1144.05,D12
2014,"Crumlin, Dublin 12",Three bed,Semi detached house,1152.63,D12
2014,"Drimnagh, Dublin 12",Three bed,Semi detached house,1145.0,D12
2014,"Walkinstown, Dublin 12",Three bed,Semi detached house,1111.71,D12
2014,Dublin 13,Three bed,Semi detached house,1152.52,D13
2014,Dublin 14,Three bed,Semi detached house,1516.56,D14
2014,"Churchtown, Dublin 14",Three bed,Semi detached house,1488.71,D14
2014,"Clonskeagh, Dublin 14",Three bed,Semi detached house,1729.38,D14
2014,"Dundrum, Dublin 14",Three bed,Semi detached house,1464.7,D14
2014,"Rathfarnham, Dublin 14",Three bed,Semi detached house,1350.38,D14
2014,Dublin 15,Three bed,Semi detached house,1073.67,D15
2014,"Blanchardstown, Dublin 15",Three bed,Semi detached house,1034.95,D15
2014,"Carpenterstown, Dublin 15",Three bed,Semi detached house,1133.97,D15
2014,"Castleknock, Dublin 15",Three bed,Semi detached house,1176.66,D15
2014,"Clonee, Dublin 15",Three bed,Semi detached house,1090.73,D15
2014,"Clonsilla, Dublin 15",Three bed,Semi detached house,1060.14,D15
2014,"Mulhuddart, Dublin 15",Three bed,Semi detached house,997.63,D15
2014,"Tyrrelstown, Dublin 15",Three bed,Semi detached house,1105.11,D15
2014,Dublin 16,Three bed,Semi detached house,1307.71,D16
2014,"Ballinteer, Dublin 16",Three bed,Semi detached house,1362.92,D16
2014,"Dundrum, Dublin 16",Three bed,Semi detached house,1442.86,D16
2014,"Knocklyon, Dublin 16",Three bed,Semi detached house,1275.91,D16
2014,"Rathfarnham, Dublin 16",Three bed,Semi detached house,1330.21,D16
2014,Dublin 17,Three bed,Semi detached house,1117.53,D17
2014,Dublin 18,Three bed,Semi detached house,1395.72,D18
2014,"Cabinteely, Dublin 18",Three bed,Semi detached house,1372.92,D18
2014,"Foxrock, Dublin 18",Three bed,Semi detached house,1531.17,D18
2014,"Leopardstown, Dublin 18",Three bed,Semi detached house,1414.8,D18
2014,"Sandyford, Dublin 18",Three bed,Semi detached house,1277.76,D18
2014,Dublin 20,Three bed,Semi detached house,1082.7,D20
2014,"Palmerstown, Dublin 20",Three bed,Semi detached house,1070.43,D20
2014,Dublin 24,Three bed,Semi detached house,1053.17,D24
2014,"Ballycullen, Dublin 24",Three bed,Semi detached house,1174.73,D24
2014,"Citywest, Dublin 24",Three bed,Semi detached house,1137.26,D24
2014,"Firhouse, Dublin 24",Three bed,Semi detached house,1141.14,D24
2014,"Tallaght, Dublin 24",Three bed,Semi detached house,1020.8,D24
2014,"Balbriggan, Dublin",Three bed,Terrace house,893.2,D1
2014,"Blackrock, Dublin",Three bed,Terrace house,1584.19,D18
2014,"Lucan, Dublin",Three bed,Terrace house,1093.1,D20
2014,"Lusk, Dublin",Three bed,Terrace house,983.72,D1
2014,"Malahide, Dublin",Three bed,Terrace house,1442.9,D17
2014,"Rush, Dublin",Three bed,Terrace house,950.3,D1
2014,"Stillorgan, Dublin",Three bed,Terrace house,1614.22,D18
2014,"Swords, Dublin",Three bed,Terrace house,1099.02,D17
2014,Dublin 1,Three bed,Terrace house,1250.97,D1
2014,Dublin 2,Three bed,Terrace house,1585.0,D2
2014,Dublin 3,Three bed,Terrace house,1283.18,D3
2014,"Clontarf, Dublin 3",Three bed,Terrace house,1543.04,D3
2014,"Drumcondra, Dublin 3",Three bed,Terrace house,1303.49,D3
2014,"East Wall, Dublin 3",Three bed,Terrace house,1091.62,D3
2014,"Marino, Dublin 3",Three bed,Terrace house,1289.69,D3
2014,Dublin 4,Three bed,Terrace house,1983.79,D4
2014,"Ballsbridge, Dublin 4",Three bed,Terrace house,2435.46,D4
2014,"Donnybrook, Dublin 4",Three bed,Terrace house,2035.26,D4
2014,"Sandymount, Dublin 4",Three bed,Terrace house,1807.35,D4
2014,Dublin 5,Three bed,Terrace house,1142.87,D5
2014,"Artane, Dublin 5",Three bed,Terrace house,1133.62,D5
2014,"Raheny, Dublin 5",Three bed,Terrace house,1198.1,D5
2014,Dublin 6,Three bed,Terrace house,1762.18,D6
2014,"Harolds Cross, Dublin 6",Three bed,Terrace house,1483.58,D6
2014,"Ranelagh, Dublin 6",Three bed,Terrace house,2022.12,D6
2014,"Rathgar, Dublin 6",Three bed,Terrace house,1573.91,D6
2014,"Rathmines, Dublin 6",Three bed,Terrace house,1835.23,D6
2014,Dublin 6W,Three bed,Terrace house,1391.15,D6W
2014,"Harolds Cross, Dublin 6W",Three bed,Terrace house,1467.47,D6W
2014,"Terenure, Dublin 6W",Three bed,Terrace house,1428.09,D6W
2014,Dublin 7,Three bed,Terrace house,1187.31,D7
2014,"Cabra, Dublin 7",Three bed,Terrace house,1090.42,D7
2014,"Navan Road, Dublin 7",Three bed,Terrace house,1127.94,D7
2014,"Phibsboro, Dublin 7",Three bed,Terrace house,1175.0,D7
2014,Dublin 8,Three bed,Terrace house,1374.01,D8
2014,"Inchicore, Dublin 8",Three bed,Terrace house,1164.9,D8
2014,"Kilmainham , Dublin 8",Three bed,Terrace house,1289.85,D8
2014,Dublin 9,Three bed,Terrace house,1251.69,D9
2014,"Drumcondra, Dublin 9",Three bed,Terrace house,1352.93,D9
2014,"Glasnevin, Dublin 9",Three bed,Terrace house,1172.02,D9
2014,Dublin 10,Three bed,Terrace house,964.56,D10
2014,"Ballyfermot, Dublin 10",Three bed,Terrace house,964.03,D10
2014,Dublin 11,Three bed,Terrace house,1027.25,D11
2014,"Finglas, Dublin 11",Three bed,Terrace house,1003.19,D11
2014,"Glasnevin, Dublin 11",Three bed,Terrace house,1092.34,D11
2014,Dublin 12,Three bed,Terrace house,1108.93,D12
2014,"Crumlin, Dublin 12",Three bed,Terrace house,1071.76,D12
2014,"Drimnagh, Dublin 12",Three bed,Terrace house,1086.51,D12
2014,"Kimmage, Dublin 12",Three bed,Terrace house,1196.14,D12
2014,"Walkinstown, Dublin 12",Three bed,Terrace house,1122.31,D12
2014,Dublin 13,Three bed,Terrace house,1135.82,D13
2014,"Baldoyle, Dublin 13",Three bed,Terrace house,1100.0,D13
2014,"Sutton, Dublin 13",Three bed,Terrace house,1151.18,D13
2014,Dublin 14,Three bed,Terrace house,1475.22,D14
2014,"Rathfarnham, Dublin 14",Three bed,Terrace house,1316.94,D14
2014,Dublin 15,Three bed,Terrace house,1078.66,D15
2014,"Blanchardstown, Dublin 15",Three bed,Terrace house,963.56,D15
2014,"Castleknock, Dublin 15",Three bed,Terrace house,1193.75,D15
2014,"Clonee, Dublin 15",Three bed,Terrace house,1037.8,D15
2014,"Clonsilla, Dublin 15",Three bed,Terrace house,1036.46,D15
2014,"Ongar, Dublin 15",Three bed,Terrace house,1100.68,D15
2014,"Tyrrelstown, Dublin 15",Three bed,Terrace house,1071.21,D15
2014,Dublin 16,Three bed,Terrace house,1288.94,D16
2014,"Dundrum, Dublin 16",Three bed,Terrace house,1581.45,D16
2014,"Rathfarnham, Dublin 16",Three bed,Terrace house,1300.55,D16
2014,Dublin 17,Three bed,Terrace house,980.92,D17
2014,Dublin 18,Three bed,Terrace house,1444.94,D18
2014,Dublin 20,Three bed,Terrace house,1131.57,D20
2014,Dublin 24,Three bed,Terrace house,1014.2,D24
2014,"Citywest, Dublin 24",Three bed,Terrace house,1124.22,D24
2014,"Tallaght, Dublin 24",Three bed,Terrace house,987.72,D24
2014,"Balbriggan, Dublin",Three bed,Apartment,891.94,D1
2014,"Blackrock, Dublin",Three bed,Apartment,1678.28,D18
2014,"Dun Laoghaire, Dublin",Three bed,Apartment,1982.12,D18
2014,"Lucan, Dublin",Three bed,Apartment,1154.95,D20
2014,"Malahide, Dublin",Three bed,Apartment,1350.86,D17
2014,"Saggart, Dublin",Three bed,Apartment,1071.16,D24
2014,"Stillorgan, Dublin",Three bed,Apartment,1806.95,D18
2014,"Swords, Dublin",Three bed,Apartment,1131.1,D17
2014,Dublin 1,Three bed,Apartment,1614.62,D1
2014,"I.F.S.C., Dublin 1",Three bed,Apartment,2623.68,D1
2014,Dublin 2,Three bed,Apartment,1832.02,D2
2014,Dublin 3,Three bed,Apartment,1494.99,D3
2014,"Drumcondra, Dublin 3",Three bed,Apartment,1479.38,D3
2014,Dublin 4,Three bed,Apartment,1982.39,D4
2014,"Ballsbridge, Dublin 4",Three bed,Apartment,2067.01,D4
2014,"Ringsend, Dublin 4",Three bed,Apartment,1837.16,D4
2014,Dublin 6,Three bed,Apartment,1615.73,D6
2014,"Milltown, Dublin 6",Three bed,Apartment,1782.5,D6
2014,"Rathmines, Dublin 6",Three bed,Apartment,1480.78,D6
2014,Dublin 6W,Three bed,Apartment,1471.94,D6W
2014,Dublin 7,Three bed,Apartment,1527.38,D7
2014,"Smithfield, Dublin 7",Three bed,Apartment,1791.95,D7
2014,Dublin 8,Three bed,Apartment,1532.42,D8
2014,"Inchicore, Dublin 8",Three bed,Apartment,1333.16,D8
2014,"Islandbridge, Dublin 8",Three bed,Apartment,1685.33,D8
2014,"Kilmainham , Dublin 8",Three bed,Apartment,1419.81,D8
2014,Dublin 9,Three bed,Apartment,1327.42,D9
2014,"Drumcondra, Dublin 9",Three bed,Apartment,1510.92,D9
2014,"Santry, Dublin 9",Three bed,Apartment,1178.73,D9
2014,Dublin 11,Three bed,Apartment,1119.43,D11
2014,"Finglas, Dublin 11",Three bed,Apartment,1128.75,D11
2014,Dublin 12,Three bed,Apartment,1335.11,D12
2014,"Drimnagh, Dublin 12",Three bed,Apartment,1459.44,D12
2014,Dublin 13,Three bed,Apartment,1246.62,D13
2014,"Clongriffin, Dublin 13",Three bed,Apartment,1186.84,D13
2014,Dublin 14,Three bed,Apartment,1665.65,D14
2014,Dublin 15,Three bed,Apartment,1182.21,D15
2014,"Ashtown, Dublin 15",Three bed,Apartment,1238.65,D15
2014,"Blanchardstown, Dublin 15",Three bed,Apartment,1105.54,D15
2014,"Castleknock, Dublin 15",Three bed,Apartment,1342.34,D15
2014,"Royal Canal Park, Dublin 15",Three bed,Apartment,1217.65,D15
2014,"Tyrrelstown, Dublin 15",Three bed,Apartment,999.35,D15
2014,Dublin 16,Three bed,Apartment,1536.53,D16
2014,"Dundrum, Dublin 16",Three bed,Apartment,1844.85,D16
2014,"Rathfarnham, Dublin 16",Three bed,Apartment,1472.08,D16
2014,Dublin 18,Three bed,Apartment,1530.99,D18
2014,"Cabinteely, Dublin 18",Three bed,Apartment,1397.47,D18
2014,"Leopardstown, Dublin 18",Three bed,Apartment,1688.51,D18
2014,"Sandyford, Dublin 18",Three bed,Apartment,1512.74,D18
2014,Dublin 20,Three bed,Apartment,1232.98,D20
2014,Dublin 24,Three bed,Apartment,1107.86,D24
2014,"Citywest, Dublin 24",Three bed,Apartment,1089.24,D24
2014,"Tallaght, Dublin 24",Three bed,Apartment,1115.65,D24
2014,Dublin 6,Three bed,Other flats,1295.93,D6
2014,"Rathmines, Dublin 6",Three bed,Other flats,1241.44,D6
2014,"Blackrock, Dublin",Four plus bed,Detached house,2525.05,D18
2014,"Lucan, Dublin",Four plus bed,Detached house,1383.13,D20
2014,"Malahide, Dublin",Four plus bed,Detached house,2757.46,D17
2014,Dublin 4,Four plus bed,Detached house,2923.75,D4
2014,Dublin 6,Four plus bed,Detached house,2215.98,D6
2014,Dublin 14,Four plus bed,Detached house,2152.72,D14
2014,Dublin 15,Four plus bed,Detached house,1456.3,D15
2014,"Castleknock, Dublin 15",Four plus bed,Detached house,1841.68,D15
2014,Dublin 16,Four plus bed,Detached house,1673.24,D16
2014,"Rathfarnham, Dublin 16",Four plus bed,Detached house,1722.58,D16
2014,Dublin 18,Four plus bed,Detached house,2442.85,D18
2014,"Cabinteely, Dublin 18",Four plus bed,Detached house,2085.11,D18
2014,"Foxrock, Dublin 18",Four plus bed,Detached house,2766.18,D18
2014,Dublin 24,Four plus bed,Detached house,1269.33,D24
2014,"Blackrock, Dublin",Four plus bed,Semi detached house,2128.79,D18
2014,"Booterstown, Dublin",Four plus bed,Semi detached house,2208.42,D4
2014,"Lucan, Dublin",Four plus bed,Semi detached house,1177.65,D20
2014,"Malahide, Dublin",Four plus bed,Semi detached house,1611.61,D17
2014,"Shankill, Dublin",Four plus bed,Semi detached house,1442.86,D18
2014,"Stillorgan, Dublin",Four plus bed,Semi detached house,1837.55,D18
2014,"Swords, Dublin",Four plus bed,Semi detached house,1209.12,D17
2014,Dublin 3,Four plus bed,Semi detached house,1694.81,D3
2014,"Clontarf, Dublin 3",Four plus bed,Semi detached house,1829.84,D3
2014,"Drumcondra, Dublin 3",Four plus bed,Semi detached house,1623.18,D3
2014,Dublin 4,Four plus bed,Semi detached house,2676.56,D4
2014,"Ballsbridge, Dublin 4",Four plus bed,Semi detached house,2856.05,D4
2014,"Sandymount, Dublin 4",Four plus bed,Semi detached house,2476.26,D4
2014,Dublin 5,Four plus bed,Semi detached house,1369.09,D5
2014,Dublin 6,Four plus bed,Semi detached house,2306.73,D6
2014,"Ranelagh, Dublin 6",Four plus bed,Semi detached house,2470.73,D6
2014,Dublin 6W,Four plus bed,Semi detached house,1784.95,D6W
2014,"Templeogue, Dublin 6W",Four plus bed,Semi detached house,1448.55,D6W
2014,"Terenure, Dublin 6W",Four plus bed,Semi detached house,2037.5,D6W
2014,Dublin 7,Four plus bed,Semi detached house,1546.9,D7
2014,Dublin 8,Four plus bed,Semi detached house,1521.25,D8
2014,Dublin 9,Four plus bed,Semi detached house,1497.35,D9
2014,"Drumcondra, Dublin 9",Four plus bed,Semi detached house,1555.68,D9
2014,"Glasnevin, Dublin 9",Four plus bed,Semi detached house,1467.96,D9
2014,"Santry, Dublin 9",Four plus bed,Semi detached house,1398.15,D9
2014,Dublin 11,Four plus bed,Semi detached house,1408.58,D11
2014,Dublin 12,Four plus bed,Semi detached house,1386.74,D12
2014,Dublin 13,Four plus bed,Semi detached house,1543.24,D13
2014,"Balgriffin, Dublin 13",Four plus bed,Semi detached house,1739.06,D13
2014,Dublin 14,Four plus bed,Semi detached house,1930.71,D14
2014,"Churchtown, Dublin 14",Four plus bed,Semi detached house,1975.16,D14
2014,"Clonskeagh, Dublin 14",Four plus bed,Semi detached house,2176.25,D14
2014,"Dundrum, Dublin 14",Four plus bed,Semi detached house,2045.65,D14
2014,"Goatstown, Dublin 14",Four plus bed,Semi detached house,2037.17,D14
2014,"Rathfarnham, Dublin 14",Four plus bed,Semi detached house,1677.78,D14
2014,Dublin 15,Four plus bed,Semi detached house,1228.82,D15
2014,"Castleknock, Dublin 15",Four plus bed,Semi detached house,1343.0,D15
2014,"Clonee, Dublin 15",Four plus bed,Semi detached house,1203.23,D15
2014,"Clonsilla, Dublin 15",Four plus bed,Semi detached house,1208.91,D15
2014,"Tyrrelstown, Dublin 15",Four plus bed,Semi detached house,1160.39,D15
2014,Dublin 16,Four plus bed,Semi detached house,1566.62,D16
2014,"Dundrum, Dublin 16",Four plus bed,Semi detached house,1951.13,D16
2014,"Knocklyon, Dublin 16",Four plus bed,Semi detached house,1490.91,D16
2014,"Rathfarnham, Dublin 16",Four plus bed,Semi detached house,1659.94,D16
2014,Dublin 18,Four plus bed,Semi detached house,1741.57,D18
2014,"Foxrock, Dublin 18",Four plus bed,Semi detached house,1746.5,D18
2014,"Leopardstown, Dublin 18",Four plus bed,Semi detached house,1783.24,D18
2014,Dublin 20,Four plus bed,Semi detached house,1125.57,D20
2014,Dublin 24,Four plus bed,Semi detached house,1235.18,D24
2014,"Tallaght, Dublin 24",Four plus bed,Semi detached house,1216.63,D24
2014,"Malahide, Dublin",Four plus bed,Terrace house,1975.69,D17
2014,Dublin 1,Four plus bed,Terrace house,2151.18,D1
2014,Dublin 3,Four plus bed,Terrace house,1544.36,D3
2014,"Drumcondra, Dublin 3",Four plus bed,Terrace house,1600.81,D3
2014,"Fairview, Dublin 3",Four plus bed,Terrace house,1569.33,D3
2014,Dublin 4,Four plus bed,Terrace house,2638.88,D4
2014,"Ballsbridge, Dublin 4",Four plus bed,Terrace house,2792.36,D4
2014,Dublin 6,Four plus bed,Terrace house,2102.58,D6
2014,"Ranelagh, Dublin 6",Four plus bed,Terrace house,1976.34,D6
2014,"Rathmines, Dublin 6",Four plus bed,Terrace house,1907.84,D6
2014,Dublin 6W,Four plus bed,Terrace house,1895.05,D6W
2014,Dublin 7,Four plus bed,Terrace house,1577.65,D7
2014,"Phibsboro, Dublin 7",Four plus bed,Terrace house,1458.62,D7
2014,Dublin 8,Four plus bed,Terrace house,1745.45,D8
2014,Dublin 9,Four plus bed,Terrace house,1691.71,D9
2014,"Drumcondra, Dublin 9",Four plus bed,Terrace house,1683.46,D9
2014,"Glasnevin, Dublin 9",Four plus bed,Terrace house,1678.44,D9
2014,Dublin 11,Four plus bed,Terrace house,1308.86,D11
2014,Dublin 12,Four plus bed,Terrace house,1486.93,D12
2014,Dublin 13,Four plus bed,Terrace house,1386.27,D13
2014,"Balgriffin, Dublin 13",Four plus bed,Terrace house,1452.86,D13
2014,Dublin 14,Four plus bed,Terrace house,2134.77,D14
2014,Dublin 15,Four plus bed,Terrace house,1246.19,D15
2014,"Tyrrelstown, Dublin 15",Four plus bed,Terrace house,1090.0,D15
2014,Dublin 18,Four plus bed,Terrace house,1796.77,D18
2014,Dublin 24,Four plus bed,Terrace house,1102.8,D24
2014,Dublin 1,Four plus bed,Apartment,2898.72,D1
2014,"I.F.S.C., Dublin 1",Four plus bed,Apartment,5330.0,D1
2014,Dublin 6,Four plus bed,Apartment,1896.22,D6
2014,Dublin 7,Four plus bed,Apartment,1209.12,D7
2014,Dublin 9,Four plus bed,Apartment,2523.19,D9
2014,"Glasnevin, Dublin 9",Four plus bed,Apartment,2608.96,D9
2014,Dublin 15,Four plus bed,Apartment,1275.0,D15
2015,Dublin 6,One bed,Semi detached house,887.53,D6
2015,Dublin 1,One bed,Terrace house,711.89,D1
2015,Dublin 3,One bed,Terrace house,887.9,D3
2015,Dublin 4,One bed,Terrace house,1152.78,D4
2015,Dublin 6,One bed,Terrace house,870.91,D6
2015,"Rathmines, Dublin 6",One bed,Terrace house,705.0,D6
2015,Dublin 7,One bed,Terrace house,802.63,D7
2015,Dublin 8,One bed,Terrace house,911.85,D8
2015,"Balbriggan, Dublin",One bed,Apartment,684.9,D1
2015,"Blackrock, Dublin",One bed,Apartment,1167.77,D18
2015,"Booterstown, Dublin",One bed,Apartment,1231.21,D4
2015,"Donabate, Dublin",One bed,Apartment,799.7,D13
2015,"Dun Laoghaire, Dublin",One bed,Apartment,1053.78,D18
2015,"Howth, Dublin",One bed,Apartment,1021.71,D13
2015,"Lucan, Dublin",One bed,Apartment,888.66,D20
2015,"Malahide, Dublin",One bed,Apartment,1131.87,D17
2015,"Monkstown, Dublin",One bed,Apartment,1001.8,D18
2015,"Portmarnock, Dublin",One bed,Apartment,999.43,D13
2015,"Stillorgan, Dublin",One bed,Apartment,1179.29,D18
2015,"Swords, Dublin",One bed,Apartment,920.79,D17
2015,Dublin 1,One bed,Apartment,1020.19,D1
2015,"I.F.S.C., Dublin 1",One bed,Apartment,1196.25,D1
2015,"Parnell Street, Dublin 1",One bed,Apartment,1088.66,D1
2015,Dublin 2,One bed,Apartment,1184.97,D2
2015,"Pearse Street, Dublin 2",One bed,Apartment,1192.54,D2
2015,"Temple Bar, Dublin 2",One bed,Apartment,1163.3,D2
2015,"Townsend Street, Dublin 2",One bed,Apartment,1233.62,D2
2015,Dublin 3,One bed,Apartment,979.31,D3
2015,"Clontarf, Dublin 3",One bed,Apartment,1025.95,D3
2015,"Drumcondra, Dublin 3",One bed,Apartment,864.43,D3
2015,"Fairview, Dublin 3",One bed,Apartment,944.27,D3
2015,Dublin 4,One bed,Apartment,1211.21,D4
2015,"Ballsbridge, Dublin 4",One bed,Apartment,1257.07,D4
2015,"Donnybrook, Dublin 4",One bed,Apartment,1153.88,D4
2015,"Merrion, Dublin 4",One bed,Apartment,1258.83,D4
2015,"Ringsend, Dublin 4",One bed,Apartment,1198.02,D4
2015,"Sandymount, Dublin 4",One bed,Apartment,1077.67,D4
2015,Dublin 5,One bed,Apartment,907.8,D5
2015,"Raheny, Dublin 5",One bed,Apartment,892.26,D5
2015,Dublin 6,One bed,Apartment,1093.32,D6
2015,"Harolds Cross, Dublin 6",One bed,Apartment,977.78,D6
2015,"Milltown, Dublin 6",One bed,Apartment,1338.28,D6
2015,"Ranelagh, Dublin 6",One bed,Apartment,1134.96,D6
2015,"Rathgar, Dublin 6",One bed,Apartment,1058.1,D6
2015,"Rathmines, Dublin 6",One bed,Apartment,1023.01,D6
2015,Dublin 6W,One bed,Apartment,982.4,D6W
2015,"Harolds Cross, Dublin 6W",One bed,Apartment,970.09,D6W
2015,"Terenure, Dublin 6W",One bed,Apartment,1097.78,D6W
2015,Dublin 7,One bed,Apartment,960.31,D7
2015,"Cabra, Dublin 7",One bed,Apartment,749.34,D7
2015,"Navan Road, Dublin 7",One bed,Apartment,959.46,D7
2015,"Phibsboro, Dublin 7",One bed,Apartment,884.04,D7
2015,"Smithfield, Dublin 7",One bed,Apartment,1098.91,D7
2015,Dublin 8,One bed,Apartment,1002.69,D8
2015,"Christchurch, Dublin 8",One bed,Apartment,1038.32,D8
2015,"Cork Street, Dublin 8",One bed,Apartment,998.92,D8
2015,"Inchicore, Dublin 8",One bed,Apartment,981.46,D8
2015,"Islandbridge, Dublin 8",One bed,Apartment,1208.08,D8
2015,"Kilmainham , Dublin 8",One bed,Apartment,962.36,D8
2015,"Portobello, Dublin 8",One bed,Apartment,970.14,D8
2015,"Rialto, Dublin 8",One bed,Apartment,972.58,D8
2015,Dublin 9,One bed,Apartment,902.02,D9
2015,"Ballymun, Dublin 9",One bed,Apartment,897.87,D9
2015,"Beaumont, Dublin 9",One bed,Apartment,901.36,D9
2015,"Drumcondra, Dublin 9",One bed,Apartment,832.33,D9
2015,"Glasnevin, Dublin 9",One bed,Apartment,920.44,D9
2015,"Santry, Dublin 9",One bed,Apartment,975.11,D9
2015,Dublin 10,One bed,Apartment,854.0,D10
2015,Dublin 11,One bed,Apartment,893.28,D11
2015,"Ballymun, Dublin 11",One bed,Apartment,826.29,D11
2015,"Finglas, Dublin 11",One bed,Apartment,897.02,D11
2015,"Glasnevin, Dublin 11",One bed,Apartment,969.06,D11
2015,Dublin 12,One bed,Apartment,918.96,D12
2015,"Drimnagh, Dublin 12",One bed,Apartment,990.76,D12
2015,"Kimmage, Dublin 12",One bed,Apartment,932.31,D12
2015,Dublin 13,One bed,Apartment,959.29,D13
2015,"Clongriffin, Dublin 13",One bed,Apartment,966.22,D13
2015,Dublin 14,One bed,Apartment,1145.19,D14
2015,"Churchtown, Dublin 14",One bed,Apartment,1120.0,D14
2015,"Clonskeagh, Dublin 14",One bed,Apartment,1139.83,D14
2015,"Dundrum, Dublin 14",One bed,Apartment,1237.46,D14
2015,"Rathfarnham, Dublin 14",One bed,Apartment,1018.67,D14
2015,Dublin 15,One bed,Apartment,960.95,D15
2015,"Ashtown, Dublin 15",One bed,Apartment,1035.59,D15
2015,"Blanchardstown, Dublin 15",One bed,Apartment,971.7,D15
2015,"Castleknock, Dublin 15",One bed,Apartment,1072.35,D15
2015,"Ongar, Dublin 15",One bed,Apartment,872.3,D15
2015,"Royal Canal Park, Dublin 15",One bed,Apartment,1003.26,D15
2015,Dublin 16,One bed,Apartment,1120.99,D16
2015,"Dundrum, Dublin 16",One bed,Apartment,1302.62,D16
2015,"Rathfarnham, Dublin 16",One bed,Apartment,987.72,D16
2015,Dublin 17,One bed,Apartment,911.64,D17
2015,"Malahide Road, Dublin 17",One bed,Apartment,936.05,D17
2015,Dublin 18,One bed,Apartment,1169.9,D18
2015,"Cabinteely, Dublin 18",One bed,Apartment,1077.15,D18
2015,"Carrickmines, Dublin 18",One bed,Apartment,1075.27,D18
2015,"Leopardstown, Dublin 18",One bed,Apartment,1248.33,D18
2015,"Sandyford, Dublin 18",One bed,Apartment,1221.31,D18
2015,"Stepaside, Dublin 18",One bed,Apartment,1081.7,D18
2015,Dublin 20,One bed,Apartment,946.39,D20
2015,"Chapelizod, Dublin 20",One bed,Apartment,929.62,D20
2015,Dublin 24,One bed,Apartment,955.08,D24
2015,"Tallaght, Dublin 24",One bed,Apartment,965.05,D24
2015,"Dun Laoghaire, Dublin",One bed,Other flats,770.78,D18
2015,"Monkstown, Dublin",One bed,Other flats,871.44,D18
2015,Dublin 1,One bed,Other flats,717.47,D1
2015,Dublin 2,One bed,Other flats,867.65,D2
2015,Dublin 3,One bed,Other flats,658.71,D3
2015,"Clontarf, Dublin 3",One bed,Other flats,713.5,D3
2015,"Drumcondra, Dublin 3",One bed,Other flats,647.65,D3
2015,"Fairview, Dublin 3",One bed,Other flats,641.68,D3
2015,Dublin 4,One bed,Other flats,836.99,D4
2015,"Ballsbridge, Dublin 4",One bed,Other flats,840.35,D4
2015,"Donnybrook, Dublin 4",One bed,Other flats,837.41,D4
2015,Dublin 6,One bed,Other flats,726.22,D6
2015,"Harolds Cross, Dublin 6",One bed,Other flats,752.51,D6
2015,"Ranelagh, Dublin 6",One bed,Other flats,727.87,D6
2015,"Rathgar, Dublin 6",One bed,Other flats,733.72,D6
2015,"Rathmines, Dublin 6",One bed,Other flats,723.42,D6
2015,Dublin 6W,One bed,Other flats,708.43,D6W
2015,"Harolds Cross, Dublin 6W",One bed,Other flats,699.49,D6W
2015,"Terenure, Dublin 6W",One bed,Other flats,726.96,D6W
2015,Dublin 7,One bed,Other flats,647.37,D7
2015,"Cabra, Dublin 7",One bed,Other flats,645.79,D7
2015,"North Circular Road, Dublin 7",One bed,Other flats,649.96,D7
2015,"Phibsboro, Dublin 7",One bed,Other flats,618.91,D7
2015,Dublin 8,One bed,Other flats,704.24,D8
2015,"Kilmainham , Dublin 8",One bed,Other flats,767.0,D8
2015,"Portobello, Dublin 8",One bed,Other flats,714.37,D8
2015,"Rialto, Dublin 8",One bed,Other flats,709.77,D8
2015,"South Circular Road, Dublin 8",One bed,Other flats,711.28,D8
2015,Dublin 9,One bed,Other flats,665.19,D9
2015,"Drumcondra, Dublin 9",One bed,Other flats,653.81,D9
2015,"Glasnevin, Dublin 9",One bed,Other flats,647.89,D9
2015,Dublin 11,One bed,Other flats,658.92,D11
2015,Dublin 12,One bed,Other flats,651.54,D12
2015,"Balbriggan, Dublin",Two bed,Semi detached house,860.16,D1
2015,"Blackrock, Dublin",Two bed,Semi detached house,1356.36,D18
2015,"Lucan, Dublin",Two bed,Semi detached house,1056.61,D20
2015,"Swords, Dublin",Two bed,Semi detached house,1032.27,D17
2015,Dublin 3,Two bed,Semi detached house,1190.0,D3
2015,Dublin 4,Two bed,Semi detached house,1591.33,D4
2015,"Ballsbridge, Dublin 4",Two bed,Semi detached house,1759.87,D4
2015,Dublin 5,Two bed,Semi detached house,1127.45,D5
2015,Dublin 6,Two bed,Semi detached house,1428.51,D6
2015,Dublin 7,Two bed,Semi detached house,1159.19,D7
2015,"Cabra, Dublin 7",Two bed,Semi detached house,1174.19,D7
2015,Dublin 8,Two bed,Semi detached house,1233.36,D8
2015,Dublin 9,Two bed,Semi detached house,1145.26,D9
2015,Dublin 11,Two bed,Semi detached house,1047.39,D11
2015,"Finglas, Dublin 11",Two bed,Semi detached house,966.31,D11
2015,Dublin 12,Two bed,Semi detached house,1123.58,D12
2015,"Crumlin, Dublin 12",Two bed,Semi detached house,1054.35,D12
2015,"Drimnagh, Dublin 12",Two bed,Semi detached house,1088.39,D12
2015,Dublin 14,Two bed,Semi detached house,1448.94,D14
2015,Dublin 15,Two bed,Semi detached house,1139.8,D15
2015,Dublin 24,Two bed,Semi detached house,1027.63,D24
2015,"Tallaght, Dublin 24",Two bed,Semi detached house,961.94,D24
2015,"Balbriggan, Dublin",Two bed,Terrace house,834.77,D1
2015,"Blackrock, Dublin",Two bed,Terrace house,1372.54,D18
2015,"Dun Laoghaire, Dublin",Two bed,Terrace house,1349.18,D18
2015,"Lucan, Dublin",Two bed,Terrace house,1032.84,D20
2015,"Lusk, Dublin",Two bed,Terrace house,936.64,D1
2015,"Monkstown, Dublin",Two bed,Terrace house,1323.97,D18
2015,"Swords, Dublin",Two bed,Terrace house,1099.3,D17
2015,Dublin 1,Two bed,Terrace house,1176.25,D1
2015,Dublin 2,Two bed,Terrace house,1580.23,D2
2015,Dublin 3,Two bed,Terrace house,1141.1,D3
2015,"Clontarf, Dublin 3",Two bed,Terrace house,1275.59,D3
2015,"Drumcondra, Dublin 3",Two bed,Terrace house,1245.67,D3
2015,"East Wall, Dublin 3",Two bed,Terrace house,1146.31,D3
2015,"North Strand, Dublin 3",Two bed,Terrace house,1042.48,D3
2015,Dublin 4,Two bed,Terrace house,1561.88,D4
2015,"Ballsbridge, Dublin 4",Two bed,Terrace house,1803.93,D4
2015,"Donnybrook, Dublin 4",Two bed,Terrace house,1580.6,D4
2015,"Ringsend, Dublin 4",Two bed,Terrace house,1415.13,D4
2015,"Sandymount, Dublin 4",Two bed,Terrace house,1581.91,D4
2015,Dublin 5,Two bed,Terrace house,1156.64,D5
2015,Dublin 6,Two bed,Terrace house,1456.82,D6
2015,"Harolds Cross, Dublin 6",Two bed,Terrace house,1265.87,D6
2015,"Ranelagh, Dublin 6",Two bed,Terrace house,1580.19,D6
2015,"Rathgar, Dublin 6",Two bed,Terrace house,1466.24,D6
2015,"Rathmines, Dublin 6",Two bed,Terrace house,1358.62,D6
2015,Dublin 6W,Two bed,Terrace house,1201.41,D6W
2015,"Harolds Cross, Dublin 6W",Two bed,Terrace house,1209.43,D6W
2015,Dublin 7,Two bed,Terrace house,1151.52,D7
2015,"Cabra, Dublin 7",Two bed,Terrace house,1095.06,D7
2015,"Phibsboro, Dublin 7",Two bed,Terrace house,1176.0,D7
2015,"Stoneybatter, Dublin 7",Two bed,Terrace house,1182.42,D7
2015,Dublin 8,Two bed,Terrace house,1254.31,D8
2015,"Inchicore, Dublin 8",Two bed,Terrace house,1121.23,D8
2015,"Kilmainham , Dublin 8",Two bed,Terrace house,1264.19,D8
2015,"Portobello, Dublin 8",Two bed,Terrace house,1521.57,D8
2015,"Rialto, Dublin 8",Two bed,Terrace house,1195.86,D8
2015,Dublin 9,Two bed,Terrace house,1195.63,D9
2015,"Drumcondra, Dublin 9",Two bed,Terrace house,1238.21,D9
2015,"Whitehall, Dublin 9",Two bed,Terrace house,1103.59,D9
2015,Dublin 10,Two bed,Terrace house,973.1,D10
2015,"Ballyfermot, Dublin 10",Two bed,Terrace house,964.77,D10
2015,Dublin 11,Two bed,Terrace house,1055.05,D11
2015,"Finglas, Dublin 11",Two bed,Terrace house,1035.75,D11
2015,Dublin 12,Two bed,Terrace house,1119.18,D12
2015,"Crumlin, Dublin 12",Two bed,Terrace house,1102.76,D12
2015,"Drimnagh, Dublin 12",Two bed,Terrace house,1085.33,D12
2015,"Kimmage, Dublin 12",Two bed,Terrace house,1116.64,D12
2015,Dublin 13,Two bed,Terrace house,1211.68,D13
2015,Dublin 14,Two bed,Terrace house,1325.75,D14
2015,"Dundrum, Dublin 14",Two bed,Terrace house,1351.17,D14
2015,Dublin 15,Two bed,Terrace house,1064.37,D15
2015,"Blanchardstown, Dublin 15",Two bed,Terrace house,1070.47,D15
2015,"Castleknock, Dublin 15",Two bed,Terrace house,1145.47,D15
2015,"Clonee, Dublin 15",Two bed,Terrace house,1032.85,D15
2015,"Clonsilla, Dublin 15",Two bed,Terrace house,1048.08,D15
2015,Dublin 16,Two bed,Terrace house,1325.83,D16
2015,"Dundrum, Dublin 16",Two bed,Terrace house,1411.61,D16
2015,"Rathfarnham, Dublin 16",Two bed,Terrace house,1311.09,D16
2015,Dublin 18,Two bed,Terrace house,1310.32,D18
2015,Dublin 24,Two bed,Terrace house,1050.33,D24
2015,"Tallaght, Dublin 24",Two bed,Terrace house,1055.17,D24
2015,"Balbriggan, Dublin",Two bed,Apartment,844.49,D1
2015,"Blackrock, Dublin",Two bed,Apartment,1480.1,D18
2015,"Booterstown, Dublin",Two bed,Apartment,1472.02,D4
2015,"Dalkey, Dublin",Two bed,Apartment,1549.49,D18
2015,"Donabate, Dublin",Two bed,Apartment,1003.28,D13
2015,"Dun Laoghaire, Dublin",Two bed,Apartment,1466.42,D18
2015,"Howth, Dublin",Two bed,Apartment,1381.72,D13
2015,"Killiney, Dublin",Two bed,Apartment,1700.31,D18
2015,"Lucan, Dublin",Two bed,Apartment,1077.65,D20
2015,"Malahide, Dublin",Two bed,Apartment,1360.37,D17
2015,"Monkstown, Dublin",Two bed,Apartment,1287.63,D18
2015,"Portmarnock, Dublin",Two bed,Apartment,1213.93,D13
2015,"Rathcoole, Dublin",Two bed,Apartment,993.09,D24
2015,"Rush, Dublin",Two bed,Apartment,917.5,D1
2015,"Saggart, Dublin",Two bed,Apartment,1111.74,D24
2015,"Shankill, Dublin",Two bed,Apartment,1170.4,D18
2015,"Skerries, Dublin",Two bed,Apartment,977.96,D1
2015,"Stillorgan, Dublin",Two bed,Apartment,1472.75,D18
2015,"Swords, Dublin",Two bed,Apartment,1070.49,D17
2015,Dublin 1,Two bed,Apartment,1372.93,D1
2015,"I.F.S.C., Dublin 1",Two bed,Apartment,1866.18,D1
2015,"Parnell Street, Dublin 1",Two bed,Apartment,1345.94,D1
2015,"Spencer Dock, Dublin 1",Two bed,Apartment,1655.13,D1
2015,Dublin 2,Two bed,Apartment,1619.75,D2
2015,"Charlemont Street, Dublin 2",Two bed,Apartment,1417.0,D2
2015,"Grand Canal Dock, Dublin 2",Two bed,Apartment,2016.04,D2
2015,"Grand Canal Square, Dublin 2",Two bed,Apartment,2323.63,D2
2015,"Hanover Quay, Dublin 2",Two bed,Apartment,2096.0,D2
2015,"Lower Mount Street, Dublin 2",Two bed,Apartment,1450.67,D2
2015,"Pearse Street, Dublin 2",Two bed,Apartment,1419.56,D2
2015,"Temple Bar, Dublin 2",Two bed,Apartment,1492.97,D2
2015,"Townsend Street, Dublin 2",Two bed,Apartment,1559.23,D2
2015,Dublin 3,Two bed,Apartment,1269.71,D3
2015,"Clontarf, Dublin 3",Two bed,Apartment,1304.51,D3
2015,"Drumcondra, Dublin 3",Two bed,Apartment,1294.79,D3
2015,"East Wall, Dublin 3",Two bed,Apartment,1257.62,D3
2015,"Fairview, Dublin 3",Two bed,Apartment,1177.17,D3
2015,Dublin 4,Two bed,Apartment,1641.08,D4
2015,"Ballsbridge, Dublin 4",Two bed,Apartment,1779.32,D4
2015,"Donnybrook, Dublin 4",Two bed,Apartment,1648.26,D4
2015,"Merrion, Dublin 4",Two bed,Apartment,1540.09,D4
2015,"Pembroke, Dublin 4",Two bed,Apartment,1623.05,D4
2015,"Ringsend, Dublin 4",Two bed,Apartment,1414.83,D4
2015,"Sandymount, Dublin 4",Two bed,Apartment,1554.61,D4
2015,Dublin 5,Two bed,Apartment,1176.95,D5
2015,"Artane, Dublin 5",Two bed,Apartment,1133.33,D5
2015,"Killester, Dublin 5",Two bed,Apartment,1150.2,D5
2015,"Raheny, Dublin 5",Two bed,Apartment,1222.82,D5
2015,Dublin 6,Two bed,Apartment,1422.18,D6
2015,"Dartry, Dublin 6",Two bed,Apartment,1465.44,D6
2015,"Harolds Cross, Dublin 6",Two bed,Apartment,1301.81,D6
2015,"Milltown, Dublin 6",Two bed,Apartment,1569.56,D6
2015,"Ranelagh, Dublin 6",Two bed,Apartment,1517.72,D6
2015,"Rathgar, Dublin 6",Two bed,Apartment,1295.81,D6
2015,"Rathmines, Dublin 6",Two bed,Apartment,1323.84,D6
2015,"Terenure, Dublin 6",Two bed,Apartment,1318.77,D6
2015,Dublin 6W,Two bed,Apartment,1341.1,D6W
2015,"Terenure, Dublin 6W",Two bed,Apartment,1390.44,D6W
2015,Dublin 7,Two bed,Apartment,1221.42,D7
2015,"Navan Road, Dublin 7",Two bed,Apartment,1174.55,D7
2015,"Phibsboro, Dublin 7",Two bed,Apartment,1076.08,D7
2015,"Smithfield, Dublin 7",Two bed,Apartment,1368.79,D7
2015,Dublin 8,Two bed,Apartment,1202.77,D8
2015,"Christchurch, Dublin 8",Two bed,Apartment,1248.9,D8
2015,"Cork Street, Dublin 8",Two bed,Apartment,1233.73,D8
2015,"Inchicore, Dublin 8",Two bed,Apartment,1164.54,D8
2015,"Islandbridge, Dublin 8",Two bed,Apartment,1433.41,D8
2015,"Kilmainham , Dublin 8",Two bed,Apartment,1273.38,D8
2015,"Rialto, Dublin 8",Two bed,Apartment,1212.06,D8
2015,"South Circular Road, Dublin 8",Two bed,Apartment,972.13,D8
2015,Dublin 9,Two bed,Apartment,1225.08,D9
2015,"Ballymun, Dublin 9",Two bed,Apartment,970.82,D9
2015,"Beaumont, Dublin 9",Two bed,Apartment,1102.38,D9
2015,"Drumcondra, Dublin 9",Two bed,Apartment,1290.32,D9
2015,"Glasnevin, Dublin 9",Two bed,Apartment,1170.33,D9
2015,"Santry, Dublin 9",Two bed,Apartment,1140.97,D9
2015,Dublin 10,Two bed,Apartment,1013.84,D10
2015,"Ballyfermot, Dublin 10",Two bed,Apartment,950.25,D10
2015,"Cherry Orchard, Dublin 10",Two bed,Apartment,1020.18,D10
2015,Dublin 11,Two bed,Apartment,1084.85,D11
2015,"Ballymun, Dublin 11",Two bed,Apartment,960.2,D11
2015,"Finglas, Dublin 11",Two bed,Apartment,1099.28,D11
2015,"Glasnevin, Dublin 11",Two bed,Apartment,1188.66,D11
2015,"Meakstown, Dublin 11",Two bed,Apartment,1026.9,D11
2015,"St Margarets Road, Dublin 11",Two bed,Apartment,1142.19,D11
2015,Dublin 12,Two bed,Apartment,1146.87,D12
2015,"Crumlin, Dublin 12",Two bed,Apartment,1121.67,D12
2015,"Drimnagh, Dublin 12",Two bed,Apartment,1280.98,D12
2015,"Kimmage, Dublin 12",Two bed,Apartment,1225.36,D12
2015,Dublin 13,Two bed,Apartment,1170.18,D13
2015,"Baldoyle, Dublin 13",Two bed,Apartment,1162.64,D13
2015,"Balgriffin, Dublin 13",Two bed,Apartment,1121.08,D13
2015,"Clongriffin, Dublin 13",Two bed,Apartment,1169.16,D13
2015,"Donaghmede, Dublin 13",Two bed,Apartment,1092.65,D13
2015,"Sutton, Dublin 13",Two bed,Apartment,1411.75,D13
2015,Dublin 14,Two bed,Apartment,1405.86,D14
2015,"Churchtown, Dublin 14",Two bed,Apartment,1419.57,D14
2015,"Clonskeagh, Dublin 14",Two bed,Apartment,1433.54,D14
2015,"Dundrum, Dublin 14",Two bed,Apartment,1440.29,D14
2015,"Goatstown, Dublin 14",Two bed,Apartment,1508.85,D14
2015,"Rathfarnham, Dublin 14",Two bed,Apartment,1293.0,D14
2015,Dublin 15,Two bed,Apartment,1163.04,D15
2015,"Ashtown, Dublin 15",Two bed,Apartment,1205.45,D15
2015,"Blanchardstown, Dublin 15",Two bed,Apartment,1141.45,D15
2015,"Carpenterstown, Dublin 15",Two bed,Apartment,1146.45,D15
2015,"Castleknock, Dublin 15",Two bed,Apartment,1294.17,D15
2015,"Clonee, Dublin 15",Two bed,Apartment,1048.46,D15
2015,"Clonsilla, Dublin 15",Two bed,Apartment,1082.12,D15
2015,"Mulhuddart, Dublin 15",Two bed,Apartment,978.57,D15
2015,"Ongar, Dublin 15",Two bed,Apartment,1044.67,D15
2015,"Porterstown, Dublin 15",Two bed,Apartment,1100.1,D15
2015,"Royal Canal Park, Dublin 15",Two bed,Apartment,1166.56,D15
2015,"Tyrrelstown, Dublin 15",Two bed,Apartment,995.9,D15
2015,Dublin 16,Two bed,Apartment,1365.76,D16
2015,"Ballinteer, Dublin 16",Two bed,Apartment,1395.04,D16
2015,"Dundrum, Dublin 16",Two bed,Apartment,1519.17,D16
2015,"Rathfarnham, Dublin 16",Two bed,Apartment,1278.95,D16
2015,Dublin 17,Two bed,Apartment,1092.37,D17
2015,"Malahide Road, Dublin 17",Two bed,Apartment,1147.05,D17
2015,Dublin 18,Two bed,Apartment,1402.97,D18
2015,"Cabinteely, Dublin 18",Two bed,Apartment,1223.19,D18
2015,"Carrickmines, Dublin 18",Two bed,Apartment,1411.67,D18
2015,"Foxrock, Dublin 18",Two bed,Apartment,1553.13,D18
2015,"Leopardstown, Dublin 18",Two bed,Apartment,1514.93,D18
2015,"Sandyford, Dublin 18",Two bed,Apartment,1430.65,D18
2015,"Stepaside, Dublin 18",Two bed,Apartment,1270.43,D18
2015,Dublin 20,Two bed,Apartment,1111.53,D20
2015,"Chapelizod, Dublin 20",Two bed,Apartment,1100.98,D20
2015,"Palmerstown, Dublin 20",Two bed,Apartment,1279.68,D20
2015,Dublin 24,Two bed,Apartment,1149.4,D24
2015,"Ballycullen, Dublin 24",Two bed,Apartment,1140.63,D24
2015,"Citywest, Dublin 24",Two bed,Apartment,1073.72,D24
2015,"Firhouse, Dublin 24",Two bed,Apartment,1071.88,D24
2015,"Tallaght, Dublin 24",Two bed,Apartment,1197.3,D24
2015,Dublin 1,Two bed,Other flats,1023.11,D1
2015,Dublin 2,Two bed,Other flats,1430.31,D2
2015,Dublin 3,Two bed,Other flats,877.47,D3
2015,"Drumcondra, Dublin 3",Two bed,Other flats,978.59,D3
2015,Dublin 4,Two bed,Other flats,1153.43,D4
2015,"Ballsbridge, Dublin 4",Two bed,Other flats,1123.29,D4
2015,Dublin 6,Two bed,Other flats,1040.31,D6
2015,"Ranelagh, Dublin 6",Two bed,Other flats,1087.79,D6
2015,"Rathgar, Dublin 6",Two bed,Other flats,1127.83,D6
2015,"Rathmines, Dublin 6",Two bed,Other flats,1036.77,D6
2015,Dublin 6W,Two bed,Other flats,1077.57,D6W
2015,Dublin 7,Two bed,Other flats,887.33,D7
2015,Dublin 8,Two bed,Other flats,945.2,D8
2015,"Portobello, Dublin 8",Two bed,Other flats,885.98,D8
2015,Dublin 9,Two bed,Other flats,1012.14,D9
2015,Dublin 12,Two bed,Other flats,1055.54,D12
2015,Dublin 4,Three bed,Detached house,2299.67,D4
2015,Dublin 5,Three bed,Detached house,1419.94,D5
2015,Dublin 6,Three bed,Detached house,2275.31,D6
2015,Dublin 15,Three bed,Detached house,1188.85,D15
2015,Dublin 18,Three bed,Detached house,1635.45,D18
2015,Dublin 24,Three bed,Detached house,1186.79,D24
2015,"Balbriggan, Dublin",Three bed,Semi detached house,998.29,D1
2015,"Blackrock, Dublin",Three bed,Semi detached house,1767.55,D18
2015,"Dun Laoghaire, Dublin",Three bed,Semi detached house,1571.62,D18
2015,"Killiney, Dublin",Three bed,Semi detached house,1591.61,D18
2015,"Kinsealy, Dublin",Three bed,Semi detached house,1153.06,D17
2015,"Lucan, Dublin",Three bed,Semi detached house,1186.04,D20
2015,"Lusk, Dublin",Three bed,Semi detached house,1106.18,D1
2015,"Malahide, Dublin",Three bed,Semi detached house,1478.1,D17
2015,"Rush, Dublin",Three bed,Semi detached house,1066.42,D1
2015,"Saggart, Dublin",Three bed,Semi detached house,1134.68,D24
2015,"Shankill, Dublin",Three bed,Semi detached house,1357.64,D18
2015,"Skerries, Dublin",Three bed,Semi detached house,1159.38,D1
2015,"Stillorgan, Dublin",Three bed,Semi detached house,1696.28,D18
2015,"Swords, Dublin",Three bed,Semi detached house,1198.65,D17
2015,Dublin 3,Three bed,Semi detached house,1469.89,D3
2015,"Clontarf, Dublin 3",Three bed,Semi detached house,1617.56,D3
2015,"Drumcondra, Dublin 3",Three bed,Semi detached house,1497.86,D3
2015,Dublin 4,Three bed,Semi detached house,2329.91,D4
2015,"Ballsbridge, Dublin 4",Three bed,Semi detached house,2388.1,D4
2015,"Donnybrook, Dublin 4",Three bed,Semi detached house,2305.33,D4
2015,"Sandymount, Dublin 4",Three bed,Semi detached house,2270.09,D4
2015,Dublin 5,Three bed,Semi detached house,1254.23,D5
2015,"Artane, Dublin 5",Three bed,Semi detached house,1216.27,D5
2015,"Raheny, Dublin 5",Three bed,Semi detached house,1316.9,D5
2015,Dublin 6,Three bed,Semi detached house,1890.67,D6
2015,"Harolds Cross, Dublin 6",Three bed,Semi detached house,1635.57,D6
2015,"Ranelagh, Dublin 6",Three bed,Semi detached house,2195.16,D6
2015,"Rathgar, Dublin 6",Three bed,Semi detached house,1723.33,D6
2015,Dublin 6W,Three bed,Semi detached house,1529.09,D6W
2015,"Templeogue, Dublin 6W",Three bed,Semi detached house,1412.65,D6W
2015,"Terenure, Dublin 6W",Three bed,Semi detached house,1635.63,D6W
2015,Dublin 7,Three bed,Semi detached house,1329.38,D7
2015,"Cabra, Dublin 7",Three bed,Semi detached house,1292.54,D7
2015,"Navan Road, Dublin 7",Three bed,Semi detached house,1394.88,D7
2015,Dublin 8,Three bed,Semi detached house,1417.59,D8
2015,Dublin 9,Three bed,Semi detached house,1360.17,D9
2015,"Beaumont, Dublin 9",Three bed,Semi detached house,1356.76,D9
2015,"Drumcondra, Dublin 9",Three bed,Semi detached house,1492.68,D9
2015,"Glasnevin, Dublin 9",Three bed,Semi detached house,1347.97,D9
2015,"Santry, Dublin 9",Three bed,Semi detached house,1290.45,D9
2015,"Whitehall, Dublin 9",Three bed,Semi detached house,1364.15,D9
2015,Dublin 10,Three bed,Semi detached house,1051.13,D10
2015,"Ballyfermot, Dublin 10",Three bed,Semi detached house,1074.33,D10
2015,Dublin 11,Three bed,Semi detached house,1298.26,D11
2015,"Finglas, Dublin 11",Three bed,Semi detached house,1131.12,D11
2015,"Glasnevin, Dublin 11",Three bed,Semi detached house,1338.57,D11
2015,Dublin 12,Three bed,Semi detached house,1294.29,D12
2015,"Crumlin, Dublin 12",Three bed,Semi detached house,1270.16,D12
2015,"Drimnagh, Dublin 12",Three bed,Semi detached house,1272.09,D12
2015,"Kimmage, Dublin 12",Three bed,Semi detached house,1606.34,D12
2015,"Walkinstown, Dublin 12",Three bed,Semi detached house,1273.82,D12
2015,Dublin 13,Three bed,Semi detached house,1226.9,D13
2015,"Donaghmede, Dublin 13",Three bed,Semi detached house,1196.36,D13
2015,Dublin 14,Three bed,Semi detached house,1611.05,D14
2015,"Churchtown, Dublin 14",Three bed,Semi detached house,1571.5,D14
2015,"Clonskeagh, Dublin 14",Three bed,Semi detached house,1716.81,D14
2015,"Dundrum, Dublin 14",Three bed,Semi detached house,1550.0,D14
2015,"Rathfarnham, Dublin 14",Three bed,Semi detached house,1512.15,D14
2015,Dublin 15,Three bed,Semi detached house,1165.18,D15
2015,"Blanchardstown, Dublin 15",Three bed,Semi detached house,1105.8,D15
2015,"Carpenterstown, Dublin 15",Three bed,Semi detached house,1232.94,D15
2015,"Castleknock, Dublin 15",Three bed,Semi detached house,1298.15,D15
2015,"Clonee, Dublin 15",Three bed,Semi detached house,1182.9,D15
2015,"Clonsilla, Dublin 15",Three bed,Semi detached house,1158.09,D15
2015,"Mulhuddart, Dublin 15",Three bed,Semi detached house,1087.48,D15
2015,"Tyrrelstown, Dublin 15",Three bed,Semi detached house,1208.02,D15
2015,Dublin 16,Three bed,Semi detached house,1403.66,D16
2015,"Ballinteer, Dublin 16",Three bed,Semi detached house,1482.56,D16
2015,"Dundrum, Dublin 16",Three bed,Semi detached house,1569.45,D16
2015,"Knocklyon, Dublin 16",Three bed,Semi detached house,1370.97,D16
2015,"Rathfarnham, Dublin 16",Three bed,Semi detached house,1461.17,D16
2015,Dublin 17,Three bed,Semi detached house,1197.03,D17
2015,Dublin 18,Three bed,Semi detached house,1527.51,D18
2015,"Cabinteely, Dublin 18",Three bed,Semi detached house,1464.06,D18
2015,"Leopardstown, Dublin 18",Three bed,Semi detached house,1546.26,D18
2015,"Sandyford, Dublin 18",Three bed,Semi detached house,1420.89,D18
2015,Dublin 20,Three bed,Semi detached house,1230.09,D20
2015,"Palmerstown, Dublin 20",Three bed,Semi detached house,1210.51,D20
2015,Dublin 24,Three bed,Semi detached house,1142.44,D24
2015,"Ballycullen, Dublin 24",Three bed,Semi detached house,1288.14,D24
2015,"Citywest, Dublin 24",Three bed,Semi detached house,1289.17,D24
2015,"Firhouse, Dublin 24",Three bed,Semi detached house,1237.48,D24
2015,"Tallaght, Dublin 24",Three bed,Semi detached house,1130.35,D24
2015,"Balbriggan, Dublin",Three bed,Terrace house,977.4,D1
2015,"Blackrock, Dublin",Three bed,Terrace house,1685.29,D18
2015,"Lucan, Dublin",Three bed,Terrace house,1227.52,D20
2015,"Lusk, Dublin",Three bed,Terrace house,1070.95,D1
2015,"Malahide, Dublin",Three bed,Terrace house,1486.56,D17
2015,"Rush, Dublin",Three bed,Terrace house,1134.92,D1
2015,"Stillorgan, Dublin",Three bed,Terrace house,1742.88,D18
2015,"Swords, Dublin",Three bed,Terrace house,1220.1,D17
2015,Dublin 1,Three bed,Terrace house,1376.4,D1
2015,Dublin 2,Three bed,Terrace house,1827.17,D2
2015,Dublin 3,Three bed,Terrace house,1423.14,D3
2015,"Clontarf, Dublin 3",Three bed,Terrace house,1672.67,D3
2015,"Drumcondra, Dublin 3",Three bed,Terrace house,1414.41,D3
2015,"East Wall, Dublin 3",Three bed,Terrace house,1255.52,D3
2015,"Marino, Dublin 3",Three bed,Terrace house,1421.06,D3
2015,Dublin 4,Three bed,Terrace house,2149.1,D4
2015,"Ballsbridge, Dublin 4",Three bed,Terrace house,2506.38,D4
2015,"Donnybrook, Dublin 4",Three bed,Terrace house,2090.4,D4
2015,"Sandymount, Dublin 4",Three bed,Terrace house,2059.07,D4
2015,Dublin 5,Three bed,Terrace house,1241.38,D5
2015,"Artane, Dublin 5",Three bed,Terrace house,1216.82,D5
2015,"Raheny, Dublin 5",Three bed,Terrace house,1301.83,D5
2015,Dublin 6,Three bed,Terrace house,1937.4,D6
2015,"Harolds Cross, Dublin 6",Three bed,Terrace house,1617.78,D6
2015,"Ranelagh, Dublin 6",Three bed,Terrace house,2164.77,D6
2015,"Rathgar, Dublin 6",Three bed,Terrace house,1851.43,D6
2015,"Rathmines, Dublin 6",Three bed,Terrace house,1715.81,D6
2015,Dublin 6W,Three bed,Terrace house,1505.77,D6W
2015,"Harolds Cross, Dublin 6W",Three bed,Terrace house,1576.42,D6W
2015,"Terenure, Dublin 6W",Three bed,Terrace house,1521.27,D6W
2015,Dublin 7,Three bed,Terrace house,1288.23,D7
2015,"Cabra, Dublin 7",Three bed,Terrace house,1179.43,D7
2015,"Navan Road, Dublin 7",Three bed,Terrace house,1194.11,D7
2015,"Phibsboro, Dublin 7",Three bed,Terrace house,1208.5,D7
2015,Dublin 8,Three bed,Terrace house,1487.07,D8
2015,"Inchicore, Dublin 8",Three bed,Terrace house,1258.19,D8
2015,"Kilmainham , Dublin 8",Three bed,Terrace house,1428.59,D8
2015,"Rialto, Dublin 8",Three bed,Terrace house,1266.48,D8
2015,Dublin 9,Three bed,Terrace house,1342.38,D9
2015,"Drumcondra, Dublin 9",Three bed,Terrace house,1407.18,D9
2015,"Glasnevin, Dublin 9",Three bed,Terrace house,1342.81,D9
2015,Dublin 10,Three bed,Terrace house,1044.67,D10
2015,"Ballyfermot, Dublin 10",Three bed,Terrace house,1042.14,D10
2015,Dublin 11,Three bed,Terrace house,1127.99,D11
2015,"Finglas, Dublin 11",Three bed,Terrace house,1116.03,D11
2015,"Glasnevin, Dublin 11",Three bed,Terrace house,1237.13,D11
2015,Dublin 12,Three bed,Terrace house,1191.59,D12
2015,"Crumlin, Dublin 12",Three bed,Terrace house,1219.1,D12
2015,"Drimnagh, Dublin 12",Three bed,Terrace house,1167.5,D12
2015,"Kimmage, Dublin 12",Three bed,Terrace house,1383.88,D12
2015,"Walkinstown, Dublin 12",Three bed,Terrace house,1130.42,D12
2015,Dublin 13,Three bed,Terrace house,1259.39,D13
2015,"Baldoyle, Dublin 13",Three bed,Terrace house,1191.93,D13
2015,"Sutton, Dublin 13",Three bed,Terrace house,1291.25,D13
2015,Dublin 14,Three bed,Terrace house,1578.06,D14
2015,"Dundrum, Dublin 14",Three bed,Terrace house,1595.97,D14
2015,"Rathfarnham, Dublin 14",Three bed,Terrace house,1406.86,D14
2015,Dublin 15,Three bed,Terrace house,1181.16,D15
2015,"Blanchardstown, Dublin 15",Three bed,Terrace house,1079.21,D15
2015,"Castleknock, Dublin 15",Three bed,Terrace house,1289.41,D15
2015,"Clonsilla, Dublin 15",Three bed,Terrace house,1141.32,D15
2015,"Mulhuddart, Dublin 15",Three bed,Terrace house,1018.43,D15
2015,"Ongar, Dublin 15",Three bed,Terrace house,1202.18,D15
2015,"Tyrrelstown, Dublin 15",Three bed,Terrace house,1219.72,D15
2015,Dublin 16,Three bed,Terrace house,1462.71,D16
2015,"Dundrum, Dublin 16",Three bed,Terrace house,1655.51,D16
2015,"Rathfarnham, Dublin 16",Three bed,Terrace house,1437.27,D16
2015,Dublin 17,Three bed,Terrace house,1047.39,D17
2015,Dublin 18,Three bed,Terrace house,1538.52,D18
2015,Dublin 20,Three bed,Terrace house,1157.5,D20
2015,Dublin 24,Three bed,Terrace house,1101.46,D24
2015,"Citywest, Dublin 24",Three bed,Terrace house,1275.59,D24
2015,"Tallaght, Dublin 24",Three bed,Terrace house,1078.32,D24
2015,"Balbriggan, Dublin",Three bed,Apartment,1018.23,D1
2015,"Blackrock, Dublin",Three bed,Apartment,1831.01,D18
2015,"Dun Laoghaire, Dublin",Three bed,Apartment,1967.95,D18
2015,"Lucan, Dublin",Three bed,Apartment,1248.17,D20
2015,"Malahide, Dublin",Three bed,Apartment,1622.61,D17
2015,"Saggart, Dublin",Three bed,Apartment,1297.9,D24
2015,"Stillorgan, Dublin",Three bed,Apartment,1892.37,D18
2015,"Swords, Dublin",Three bed,Apartment,1256.97,D17
2015,Dublin 1,Three bed,Apartment,1766.27,D1
2015,"I.F.S.C., Dublin 1",Three bed,Apartment,2718.88,D1
2015,Dublin 2,Three bed,Apartment,2072.58,D2
2015,Dublin 3,Three bed,Apartment,1628.47,D3
2015,"Drumcondra, Dublin 3",Three bed,Apartment,1592.55,D3
2015,Dublin 4,Three bed,Apartment,2160.23,D4
2015,"Ballsbridge, Dublin 4",Three bed,Apartment,2259.96,D4
2015,"Pembroke, Dublin 4",Three bed,Apartment,2468.55,D4
2015,"Ringsend, Dublin 4",Three bed,Apartment,1999.38,D4
2015,"Sandymount, Dublin 4",Three bed,Apartment,2110.1,D4
2015,Dublin 5,Three bed,Apartment,1290.67,D5
2015,Dublin 6,Three bed,Apartment,1819.02,D6
2015,"Milltown, Dublin 6",Three bed,Apartment,1927.02,D6
2015,"Rathmines, Dublin 6",Three bed,Apartment,1690.93,D6
2015,Dublin 6W,Three bed,Apartment,1721.61,D6W
2015,Dublin 7,Three bed,Apartment,1623.5,D7
2015,"Smithfield, Dublin 7",Three bed,Apartment,1844.04,D7
2015,Dublin 8,Three bed,Apartment,1653.66,D8
2015,"Inchicore, Dublin 8",Three bed,Apartment,1434.0,D8
2015,"Islandbridge, Dublin 8",Three bed,Apartment,1872.22,D8
2015,"Kilmainham , Dublin 8",Three bed,Apartment,1475.41,D8
2015,Dublin 9,Three bed,Apartment,1457.5,D9
2015,"Drumcondra, Dublin 9",Three bed,Apartment,1604.14,D9
2015,"Santry, Dublin 9",Three bed,Apartment,1360.63,D9
2015,Dublin 11,Three bed,Apartment,1227.07,D11
2015,"Finglas, Dublin 11",Three bed,Apartment,1234.77,D11
2015,Dublin 12,Three bed,Apartment,1431.72,D12
2015,"Drimnagh, Dublin 12",Three bed,Apartment,1530.65,D12
2015,Dublin 13,Three bed,Apartment,1322.39,D13
2015,"Balgriffin, Dublin 13",Three bed,Apartment,1299.6,D13
2015,"Clongriffin, Dublin 13",Three bed,Apartment,1257.96,D13
2015,Dublin 14,Three bed,Apartment,1860.0,D14
2015,"Dundrum, Dublin 14",Three bed,Apartment,2012.5,D14
2015,Dublin 15,Three bed,Apartment,1300.14,D15
2015,"Ashtown, Dublin 15",Three bed,Apartment,1378.55,D15
2015,"Blanchardstown, Dublin 15",Three bed,Apartment,1223.02,D15
2015,"Castleknock, Dublin 15",Three bed,Apartment,1435.28,D15
2015,"Royal Canal Park, Dublin 15",Three bed,Apartment,1329.03,D15
2015,"Tyrrelstown, Dublin 15",Three bed,Apartment,1179.67,D15
2015,Dublin 16,Three bed,Apartment,1821.42,D16
2015,"Dundrum, Dublin 16",Three bed,Apartment,2154.13,D16
2015,"Rathfarnham, Dublin 16",Three bed,Apartment,1567.5,D16
2015,Dublin 17,Three bed,Apartment,1300.0,D17
2015,Dublin 18,Three bed,Apartment,1723.45,D18
2015,"Cabinteely, Dublin 18",Three bed,Apartment,1484.41,D18
2015,"Sandyford, Dublin 18",Three bed,Apartment,1694.55,D18
2015,Dublin 20,Three bed,Apartment,1371.43,D20
2015,"Chapelizod, Dublin 20",Three bed,Apartment,1458.33,D20
2015,Dublin 24,Three bed,Apartment,1281.62,D24
2015,"Citywest, Dublin 24",Three bed,Apartment,1176.73,D24
2015,"Tallaght, Dublin 24",Three bed,Apartment,1311.85,D24
2015,Dublin 1,Three bed,Other flats,1193.74,D1
2015,Dublin 6,Three bed,Other flats,1573.79,D6
2015,"Rathmines, Dublin 6",Three bed,Other flats,1576.32,D6
2015,"Blackrock, Dublin",Four plus bed,Detached house,2783.85,D18
2015,"Killiney, Dublin",Four plus bed,Detached house,2630.65,D18
2015,"Lucan, Dublin",Four plus bed,Detached house,1406.77,D20
2015,"Malahide, Dublin",Four plus bed,Detached house,2709.81,D17
2015,"Rush, Dublin",Four plus bed,Detached house,1278.33,D1
2015,"Stillorgan, Dublin",Four plus bed,Detached house,2183.29,D18
2015,"Swords, Dublin",Four plus bed,Detached house,1457.17,D17
2015,Dublin 4,Four plus bed,Detached house,3077.89,D4
2015,Dublin 6,Four plus bed,Detached house,2455.52,D6
2015,Dublin 13,Four plus bed,Detached house,2258.29,D13
2015,Dublin 14,Four plus bed,Detached house,2385.0,D14
2015,"Rathfarnham, Dublin 14",Four plus bed,Detached house,1939.17,D14
2015,Dublin 15,Four plus bed,Detached house,1577.05,D15
2015,"Castleknock, Dublin 15",Four plus bed,Detached house,1888.78,D15
2015,"Rathfarnham, Dublin 16",Four plus bed,Detached house,1801.47,D16
2015,Dublin 18,Four plus bed,Detached house,2646.65,D18
2015,"Foxrock, Dublin 18",Four plus bed,Detached house,2979.9,D18
2015,"Balbriggan, Dublin",Four plus bed,Semi detached house,1123.53,D1
2015,"Blackrock, Dublin",Four plus bed,Semi detached house,2329.6,D18
2015,"Booterstown, Dublin",Four plus bed,Semi detached house,2388.57,D4
2015,"Lucan, Dublin",Four plus bed,Semi detached house,1288.02,D20
2015,"Malahide, Dublin",Four plus bed,Semi detached house,1820.97,D17
2015,"Stillorgan, Dublin",Four plus bed,Semi detached house,1922.75,D18
2015,"Swords, Dublin",Four plus bed,Semi detached house,1349.01,D17
2015,Dublin 3,Four plus bed,Semi detached house,1847.28,D3
2015,"Clontarf, Dublin 3",Four plus bed,Semi detached house,2108.06,D3
2015,"Drumcondra, Dublin 3",Four plus bed,Semi detached house,1868.11,D3
2015,Dublin 4,Four plus bed,Semi detached house,2889.94,D4
2015,"Ballsbridge, Dublin 4",Four plus bed,Semi detached house,2978.5,D4
2015,Dublin 5,Four plus bed,Semi detached house,1503.6,D5
2015,Dublin 6,Four plus bed,Semi detached house,2512.77,D6
2015,"Ranelagh, Dublin 6",Four plus bed,Semi detached house,2700.67,D6
2015,Dublin 6W,Four plus bed,Semi detached house,2004.86,D6W
2015,"Terenure, Dublin 6W",Four plus bed,Semi detached house,2133.22,D6W
2015,Dublin 7,Four plus bed,Semi detached house,1722.27,D7
2015,Dublin 8,Four plus bed,Semi detached house,1688.94,D8
2015,Dublin 9,Four plus bed,Semi detached house,1678.28,D9
2015,"Drumcondra, Dublin 9",Four plus bed,Semi detached house,1848.13,D9
2015,"Glasnevin, Dublin 9",Four plus bed,Semi detached house,1544.77,D9
2015,"Santry, Dublin 9",Four plus bed,Semi detached house,1558.43,D9
2015,Dublin 11,Four plus bed,Semi detached house,1454.55,D11
2015,"Glasnevin, Dublin 11",Four plus bed,Semi detached house,1546.46,D11
2015,Dublin 12,Four plus bed,Semi detached house,1366.23,D12
2015,Dublin 13,Four plus bed,Semi detached house,1738.68,D13
2015,"Balgriffin, Dublin 13",Four plus bed,Semi detached house,1846.51,D13
2015,Dublin 14,Four plus bed,Semi detached house,2060.05,D14
2015,"Clonskeagh, Dublin 14",Four plus bed,Semi detached house,2300.41,D14
2015,"Rathfarnham, Dublin 14",Four plus bed,Semi detached house,1858.75,D14
2015,Dublin 15,Four plus bed,Semi detached house,1338.79,D15
2015,"Castleknock, Dublin 15",Four plus bed,Semi detached house,1493.01,D15
2015,"Clonee, Dublin 15",Four plus bed,Semi detached house,1285.56,D15
2015,"Clonsilla, Dublin 15",Four plus bed,Semi detached house,1352.76,D15
2015,Dublin 16,Four plus bed,Semi detached house,1735.98,D16
2015,"Ballinteer, Dublin 16",Four plus bed,Semi detached house,1919.47,D16
2015,"Dundrum, Dublin 16",Four plus bed,Semi detached house,2142.91,D16
2015,"Knocklyon, Dublin 16",Four plus bed,Semi detached house,1544.9,D16
2015,"Rathfarnham, Dublin 16",Four plus bed,Semi detached house,1807.23,D16
2015,Dublin 18,Four plus bed,Semi detached house,1884.1,D18
2015,"Leopardstown, Dublin 18",Four plus bed,Semi detached house,1928.68,D18
2015,Dublin 24,Four plus bed,Semi detached house,1310.25,D24
2015,"Tallaght, Dublin 24",Four plus bed,Semi detached house,1274.18,D24
2015,Dublin 3,Four plus bed,Terrace house,1824.66,D3
2015,"Drumcondra, Dublin 3",Four plus bed,Terrace house,1879.73,D3
2015,Dublin 4,Four plus bed,Terrace house,2812.01,D4
2015,"Ballsbridge, Dublin 4",Four plus bed,Terrace house,3098.17,D4
2015,Dublin 6,Four plus bed,Terrace house,2410.31,D6
2015,"Ranelagh, Dublin 6",Four plus bed,Terrace house,2515.28,D6
2015,"Rathmines, Dublin 6",Four plus bed,Terrace house,2149.69,D6
2015,Dublin 6W,Four plus bed,Terrace house,2152.37,D6W
2015,"Terenure, Dublin 6W",Four plus bed,Terrace house,2258.33,D6W
2015,Dublin 7,Four plus bed,Terrace house,1768.86,D7
2015,"Phibsboro, Dublin 7",Four plus bed,Terrace house,1632.05,D7
2015,Dublin 8,Four plus bed,Terrace house,1853.61,D8
2015,Dublin 9,Four plus bed,Terrace house,1919.78,D9
2015,"Drumcondra, Dublin 9",Four plus bed,Terrace house,1956.28,D9
2015,"Glasnevin, Dublin 9",Four plus bed,Terrace house,1725.6,D9
2015,Dublin 11,Four plus bed,Terrace house,1415.76,D11
2015,"Finglas, Dublin 11",Four plus bed,Terrace house,1307.72,D11
2015,Dublin 12,Four plus bed,Terrace house,1689.56,D12
2015,Dublin 13,Four plus bed,Terrace house,1463.06,D13
2015,Dublin 14,Four plus bed,Terrace house,2405.14,D14
2015,Dublin 15,Four plus bed,Terrace house,1348.37,D15
2015,"Tyrrelstown, Dublin 15",Four plus bed,Terrace house,1200.51,D15
2015,"I.F.S.C., Dublin 1",Four plus bed,Apartment,5619.7,D1
2015,Dublin 6,Four plus bed,Apartment,2045.23,D6
2015,Dublin 7,Four plus bed,Apartment,1333.06,D7
2015,Dublin 8,Four plus bed,Apartment,1324.66,D8
2015,Dublin 9,Four plus bed,Apartment,2541.7,D9
2016,Dublin 6,One bed,Semi detached house,934.8,D6
2016,Dublin 1,One bed,Terrace house,731.75,D1
2016,Dublin 3,One bed,Terrace house,901.61,D3
2016,Dublin 4,One bed,Terrace house,1187.36,D4
2016,Dublin 6,One bed,Terrace house,936.14,D6
2016,"Rathmines, Dublin 6",One bed,Terrace house,777.58,D6
2016,Dublin 7,One bed,Terrace house,874.2,D7
2016,Dublin 8,One bed,Terrace house,990.56,D8
2016,"Balbriggan, Dublin",One bed,Apartment,759.39,D1
2016,"Blackrock, Dublin",One bed,Apartment,1327.44,D18
2016,"Booterstown, Dublin",One bed,Apartment,1276.21,D4
2016,"Donabate, Dublin",One bed,Apartment,845.11,D13
2016,"Dun Laoghaire, Dublin",One bed,Apartment,1137.17,D18
2016,"Howth, Dublin",One bed,Apartment,1081.41,D13
2016,"Lucan, Dublin",One bed,Apartment,1002.04,D20
2016,"Malahide, Dublin",One bed,Apartment,1203.67,D17
2016,"Monkstown, Dublin",One bed,Apartment,1070.53,D18
2016,"Portmarnock, Dublin",One bed,Apartment,1063.02,D13
2016,"Stillorgan, Dublin",One bed,Apartment,1262.1,D18
2016,"Swords, Dublin",One bed,Apartment,1004.16,D17
2016,Dublin 1,One bed,Apartment,1110.26,D1
2016,"I.F.S.C., Dublin 1",One bed,Apartment,1315.06,D1
2016,"Parnell Street, Dublin 1",One bed,Apartment,1168.44,D1
2016,Dublin 2,One bed,Apartment,1307.74,D2
2016,"Grand Canal Dock, Dublin 2",One bed,Apartment,1600.5,D2
2016,"Pearse Street, Dublin 2",One bed,Apartment,1348.57,D2
2016,"Temple Bar, Dublin 2",One bed,Apartment,1275.51,D2
2016,"Townsend Street, Dublin 2",One bed,Apartment,1325.04,D2
2016,Dublin 3,One bed,Apartment,1080.27,D3
2016,"Clontarf, Dublin 3",One bed,Apartment,1114.52,D3
2016,"Drumcondra, Dublin 3",One bed,Apartment,963.2,D3
2016,"Fairview, Dublin 3",One bed,Apartment,1048.2,D3
2016,Dublin 4,One bed,Apartment,1306.71,D4
2016,"Ballsbridge, Dublin 4",One bed,Apartment,1373.73,D4
2016,"Donnybrook, Dublin 4",One bed,Apartment,1256.25,D4
2016,"Merrion, Dublin 4",One bed,Apartment,1349.49,D4
2016,"Ringsend, Dublin 4",One bed,Apartment,1309.09,D4
2016,"Sandymount, Dublin 4",One bed,Apartment,1224.8,D4
2016,Dublin 5,One bed,Apartment,1005.17,D5
2016,"Raheny, Dublin 5",One bed,Apartment,1048.31,D5
2016,Dublin 6,One bed,Apartment,1150.67,D6
2016,"Harolds Cross, Dublin 6",One bed,Apartment,1052.11,D6
2016,"Milltown, Dublin 6",One bed,Apartment,1167.87,D6
2016,"Ranelagh, Dublin 6",One bed,Apartment,1250.86,D6
2016,"Rathgar, Dublin 6",One bed,Apartment,1136.08,D6
2016,"Rathmines, Dublin 6",One bed,Apartment,1101.16,D6
2016,Dublin 6W,One bed,Apartment,1068.81,D6W
2016,"Harolds Cross, Dublin 6W",One bed,Apartment,1045.09,D6W
2016,"Terenure, Dublin 6W",One bed,Apartment,1175.16,D6W
2016,Dublin 7,One bed,Apartment,1043.52,D7
2016,"Phibsboro, Dublin 7",One bed,Apartment,997.67,D7
2016,"Smithfield, Dublin 7",One bed,Apartment,1204.62,D7
2016,Dublin 8,One bed,Apartment,1106.38,D8
2016,"Christchurch, Dublin 8",One bed,Apartment,1128.87,D8
2016,"Cork Street, Dublin 8",One bed,Apartment,1129.06,D8
2016,"Inchicore, Dublin 8",One bed,Apartment,1045.78,D8
2016,"Islandbridge, Dublin 8",One bed,Apartment,1364.81,D8
2016,"Kilmainham , Dublin 8",One bed,Apartment,1057.47,D8
2016,"Portobello, Dublin 8",One bed,Apartment,1070.49,D8
2016,"Rialto, Dublin 8",One bed,Apartment,1113.67,D8
2016,"South Circular Road, Dublin 8",One bed,Apartment,1106.88,D8
2016,Dublin 9,One bed,Apartment,1001.9,D9
2016,"Ballymun, Dublin 9",One bed,Apartment,1010.83,D9
2016,"Beaumont, Dublin 9",One bed,Apartment,1028.23,D9
2016,"Drumcondra, Dublin 9",One bed,Apartment,933.18,D9
2016,"Glasnevin, Dublin 9",One bed,Apartment,1009.55,D9
2016,"Santry, Dublin 9",One bed,Apartment,1050.16,D9
2016,Dublin 10,One bed,Apartment,981.83,D10
2016,Dublin 11,One bed,Apartment,972.46,D11
2016,"Ballymun, Dublin 11",One bed,Apartment,962.06,D11
2016,"Finglas, Dublin 11",One bed,Apartment,968.37,D11
2016,Dublin 12,One bed,Apartment,1030.82,D12
2016,"Drimnagh, Dublin 12",One bed,Apartment,1167.0,D12
2016,"Kimmage, Dublin 12",One bed,Apartment,1027.3,D12
2016,Dublin 13,One bed,Apartment,1042.89,D13
2016,"Clongriffin, Dublin 13",One bed,Apartment,1047.92,D13
2016,Dublin 14,One bed,Apartment,1225.32,D14
2016,"Clonskeagh, Dublin 14",One bed,Apartment,1244.71,D14
2016,"Dundrum, Dublin 14",One bed,Apartment,1329.29,D14
2016,"Rathfarnham, Dublin 14",One bed,Apartment,1097.29,D14
2016,Dublin 15,One bed,Apartment,1034.28,D15
2016,"Ashtown, Dublin 15",One bed,Apartment,1098.06,D15
2016,"Blanchardstown, Dublin 15",One bed,Apartment,1039.37,D15
2016,"Castleknock, Dublin 15",One bed,Apartment,1148.49,D15
2016,"Ongar, Dublin 15",One bed,Apartment,963.73,D15
2016,"Royal Canal Park, Dublin 15",One bed,Apartment,1117.11,D15
2016,Dublin 16,One bed,Apartment,1247.93,D16
2016,"Dundrum, Dublin 16",One bed,Apartment,1402.17,D16
2016,"Rathfarnham, Dublin 16",One bed,Apartment,1103.86,D16
2016,Dublin 17,One bed,Apartment,950.13,D17
2016,"Malahide Road, Dublin 17",One bed,Apartment,1017.92,D17
2016,Dublin 18,One bed,Apartment,1301.91,D18
2016,"Cabinteely, Dublin 18",One bed,Apartment,1189.86,D18
2016,"Carrickmines, Dublin 18",One bed,Apartment,1158.71,D18
2016,"Leopardstown, Dublin 18",One bed,Apartment,1534.09,D18
2016,"Sandyford, Dublin 18",One bed,Apartment,1293.22,D18
2016,"Stepaside, Dublin 18",One bed,Apartment,1169.88,D18
2016,Dublin 20,One bed,Apartment,1031.29,D20
2016,"Chapelizod, Dublin 20",One bed,Apartment,1010.52,D20
2016,Dublin 24,One bed,Apartment,1010.86,D24
2016,"Tallaght, Dublin 24",One bed,Apartment,1019.95,D24
2016,"Dun Laoghaire, Dublin",One bed,Other flats,850.0,D18
2016,"Monkstown, Dublin",One bed,Other flats,940.71,D18
2016,Dublin 1,One bed,Other flats,778.69,D1
2016,Dublin 2,One bed,Other flats,986.3,D2
2016,Dublin 3,One bed,Other flats,710.03,D3
2016,"Clontarf, Dublin 3",One bed,Other flats,720.23,D3
2016,"Drumcondra, Dublin 3",One bed,Other flats,712.14,D3
2016,"Fairview, Dublin 3",One bed,Other flats,685.93,D3
2016,Dublin 4,One bed,Other flats,898.3,D4
2016,"Ballsbridge, Dublin 4",One bed,Other flats,879.13,D4
2016,"Donnybrook, Dublin 4",One bed,Other flats,943.31,D4
2016,Dublin 6,One bed,Other flats,794.59,D6
2016,"Harolds Cross, Dublin 6",One bed,Other flats,840.05,D6
2016,"Ranelagh, Dublin 6",One bed,Other flats,816.96,D6
2016,"Rathgar, Dublin 6",One bed,Other flats,785.99,D6
2016,"Rathmines, Dublin 6",One bed,Other flats,787.19,D6
2016,Dublin 6W,One bed,Other flats,772.63,D6W
2016,"Harolds Cross, Dublin 6W",One bed,Other flats,768.46,D6W
2016,"Terenure, Dublin 6W",One bed,Other flats,790.08,D6W
2016,Dublin 7,One bed,Other flats,717.24,D7
2016,"Cabra, Dublin 7",One bed,Other flats,736.57,D7
2016,"North Circular Road, Dublin 7",One bed,Other flats,684.55,D7
2016,"Phibsboro, Dublin 7",One bed,Other flats,671.66,D7
2016,Dublin 8,One bed,Other flats,768.76,D8
2016,"Portobello, Dublin 8",One bed,Other flats,790.0,D8
2016,"Rialto, Dublin 8",One bed,Other flats,776.56,D8
2016,"South Circular Road, Dublin 8",One bed,Other flats,713.09,D8
2016,Dublin 9,One bed,Other flats,708.22,D9
2016,"Drumcondra, Dublin 9",One bed,Other flats,708.6,D9
2016,"Glasnevin, Dublin 9",One bed,Other flats,642.71,D9
2016,Dublin 11,One bed,Other flats,659.78,D11
2016,Dublin 12,One bed,Other flats,693.73,D12
2016,Dublin 4,Two bed,Detached house,1878.47,D4
2016,"Balbriggan, Dublin",Two bed,Semi detached house,967.58,D1
2016,"Blackrock, Dublin",Two bed,Semi detached house,1464.59,D18
2016,"Lucan, Dublin",Two bed,Semi detached house,1206.25,D20
2016,"Swords, Dublin",Two bed,Semi detached house,1118.32,D17
2016,Dublin 3,Two bed,Semi detached house,1276.52,D3
2016,Dublin 4,Two bed,Semi detached house,1703.3,D4
2016,"Ballsbridge, Dublin 4",Two bed,Semi detached house,1832.5,D4
2016,Dublin 5,Two bed,Semi detached house,1224.22,D5
2016,Dublin 6,Two bed,Semi detached house,1608.13,D6
2016,Dublin 7,Two bed,Semi detached house,1209.15,D7
2016,"Cabra, Dublin 7",Two bed,Semi detached house,1284.94,D7
2016,Dublin 8,Two bed,Semi detached house,1327.41,D8
2016,Dublin 9,Two bed,Semi detached house,1240.51,D9
2016,Dublin 11,Two bed,Semi detached house,1047.2,D11
2016,Dublin 12,Two bed,Semi detached house,1221.21,D12
2016,"Crumlin, Dublin 12",Two bed,Semi detached house,1221.85,D12
2016,"Drimnagh, Dublin 12",Two bed,Semi detached house,1229.84,D12
2016,Dublin 14,Two bed,Semi detached house,1529.72,D14
2016,Dublin 15,Two bed,Semi detached house,1182.86,D15
2016,Dublin 24,Two bed,Semi detached house,1145.59,D24
2016,"Balbriggan, Dublin",Two bed,Terrace house,992.31,D1
2016,"Blackrock, Dublin",Two bed,Terrace house,1392.64,D18
2016,"Dun Laoghaire, Dublin",Two bed,Terrace house,1407.03,D18
2016,"Lucan, Dublin",Two bed,Terrace house,1106.84,D20
2016,"Lusk, Dublin",Two bed,Terrace house,1003.68,D1
2016,"Monkstown, Dublin",Two bed,Terrace house,1388.97,D18
2016,"Swords, Dublin",Two bed,Terrace house,1196.2,D17
2016,Dublin 1,Two bed,Terrace house,1280.86,D1
2016,Dublin 2,Two bed,Terrace house,1707.61,D2
2016,Dublin 3,Two bed,Terrace house,1231.37,D3
2016,"Clontarf, Dublin 3",Two bed,Terrace house,1353.58,D3
2016,"Drumcondra, Dublin 3",Two bed,Terrace house,1297.05,D3
2016,"East Wall, Dublin 3",Two bed,Terrace house,1243.0,D3
2016,"North Strand, Dublin 3",Two bed,Terrace house,1127.01,D3
2016,Dublin 4,Two bed,Terrace house,1669.29,D4
2016,"Ballsbridge, Dublin 4",Two bed,Terrace house,1997.61,D4
2016,"Donnybrook, Dublin 4",Two bed,Terrace house,1665.73,D4
2016,"Ringsend, Dublin 4",Two bed,Terrace house,1558.0,D4
2016,"Sandymount, Dublin 4",Two bed,Terrace house,1642.44,D4
2016,Dublin 5,Two bed,Terrace house,1230.9,D5
2016,Dublin 6,Two bed,Terrace house,1498.15,D6
2016,"Harolds Cross, Dublin 6",Two bed,Terrace house,1320.13,D6
2016,"Milltown, Dublin 6",Two bed,Terrace house,1550.0,D6
2016,"Ranelagh, Dublin 6",Two bed,Terrace house,1637.16,D6
2016,"Rathgar, Dublin 6",Two bed,Terrace house,1481.02,D6
2016,"Rathmines, Dublin 6",Two bed,Terrace house,1410.02,D6
2016,Dublin 6W,Two bed,Terrace house,1339.78,D6W
2016,Dublin 7,Two bed,Terrace house,1250.32,D7
2016,"Cabra, Dublin 7",Two bed,Terrace house,1253.21,D7
2016,"Phibsboro, Dublin 7",Two bed,Terrace house,1242.5,D7
2016,"Stoneybatter, Dublin 7",Two bed,Terrace house,1294.13,D7
2016,Dublin 8,Two bed,Terrace house,1354.87,D8
2016,"Inchicore, Dublin 8",Two bed,Terrace house,1241.76,D8
2016,"Kilmainham , Dublin 8",Two bed,Terrace house,1409.59,D8
2016,"Portobello, Dublin 8",Two bed,Terrace house,1699.43,D8
2016,"Rialto, Dublin 8",Two bed,Terrace house,1308.08,D8
2016,Dublin 9,Two bed,Terrace house,1250.3,D9
2016,"Drumcondra, Dublin 9",Two bed,Terrace house,1279.71,D9
2016,"Glasnevin, Dublin 9",Two bed,Terrace house,1292.0,D9
2016,"Whitehall, Dublin 9",Two bed,Terrace house,1178.94,D9
2016,Dublin 10,Two bed,Terrace house,1083.09,D10
2016,"Ballyfermot, Dublin 10",Two bed,Terrace house,1033.93,D10
2016,Dublin 11,Two bed,Terrace house,1162.31,D11
2016,"Finglas, Dublin 11",Two bed,Terrace house,1146.25,D11
2016,Dublin 12,Two bed,Terrace house,1205.99,D12
2016,"Crumlin, Dublin 12",Two bed,Terrace house,1207.02,D12
2016,"Drimnagh, Dublin 12",Two bed,Terrace house,1171.13,D12
2016,"Kimmage, Dublin 12",Two bed,Terrace house,1301.41,D12
2016,Dublin 13,Two bed,Terrace house,1283.13,D13
2016,Dublin 14,Two bed,Terrace house,1456.07,D14
2016,"Rathfarnham, Dublin 14",Two bed,Terrace house,1425.53,D14
2016,Dublin 15,Two bed,Terrace house,1122.35,D15
2016,"Blanchardstown, Dublin 15",Two bed,Terrace house,1096.89,D15
2016,"Castleknock, Dublin 15",Two bed,Terrace house,1240.15,D15
2016,"Clonee, Dublin 15",Two bed,Terrace house,1091.95,D15
2016,"Clonsilla, Dublin 15",Two bed,Terrace house,1139.5,D15
2016,Dublin 16,Two bed,Terrace house,1477.1,D16
2016,"Rathfarnham, Dublin 16",Two bed,Terrace house,1447.79,D16
2016,Dublin 18,Two bed,Terrace house,1399.71,D18
2016,Dublin 20,Two bed,Terrace house,1186.45,D20
2016,Dublin 24,Two bed,Terrace house,1141.85,D24
2016,"Tallaght, Dublin 24",Two bed,Terrace house,1120.58,D24
2016,"Balbriggan, Dublin",Two bed,Apartment,931.0,D1
2016,"Blackrock, Dublin",Two bed,Apartment,1578.93,D18
2016,"Booterstown, Dublin",Two bed,Apartment,1566.36,D4
2016,"Dalkey, Dublin",Two bed,Apartment,1724.86,D18
2016,"Donabate, Dublin",Two bed,Apartment,1092.7,D13
2016,"Dun Laoghaire, Dublin",Two bed,Apartment,1552.34,D18
2016,"Howth, Dublin",Two bed,Apartment,1496.63,D13
2016,"Killiney, Dublin",Two bed,Apartment,1707.95,D18
2016,"Kinsealy, Dublin",Two bed,Apartment,1163.75,D17
2016,"Lucan, Dublin",Two bed,Apartment,1203.55,D20
2016,"Malahide, Dublin",Two bed,Apartment,1434.81,D17
2016,"Monkstown, Dublin",Two bed,Apartment,1432.33,D18
2016,"Portmarnock, Dublin",Two bed,Apartment,1281.88,D13
2016,"Rathcoole, Dublin",Two bed,Apartment,1075.55,D24
2016,"Rush, Dublin",Two bed,Apartment,980.56,D1
2016,"Saggart, Dublin",Two bed,Apartment,1202.15,D24
2016,"Shankill, Dublin",Two bed,Apartment,1279.69,D18
2016,"Skerries, Dublin",Two bed,Apartment,1055.88,D1
2016,"Stillorgan, Dublin",Two bed,Apartment,1552.07,D18
2016,"Swords, Dublin",Two bed,Apartment,1188.44,D17
2016,Dublin 1,Two bed,Apartment,1472.69,D1
2016,"I.F.S.C., Dublin 1",Two bed,Apartment,1858.75,D1
2016,"Parnell Street, Dublin 1",Two bed,Apartment,1457.9,D1
2016,"Spencer Dock, Dublin 1",Two bed,Apartment,1783.37,D1
2016,Dublin 2,Two bed,Apartment,1760.64,D2
2016,"Charlemont Street, Dublin 2",Two bed,Apartment,1594.27,D2
2016,"Grand Canal Dock, Dublin 2",Two bed,Apartment,2199.1,D2
2016,"Grand Canal Square, Dublin 2",Two bed,Apartment,2585.63,D2
2016,"Hanover Quay, Dublin 2",Two bed,Apartment,2157.46,D2
2016,"Lower Mount Street, Dublin 2",Two bed,Apartment,1565.16,D2
2016,"Pearse Street, Dublin 2",Two bed,Apartment,1527.0,D2
2016,"Temple Bar, Dublin 2",Two bed,Apartment,1537.21,D2
2016,"Townsend Street, Dublin 2",Two bed,Apartment,1682.68,D2
2016,Dublin 3,Two bed,Apartment,1380.17,D3
2016,"Clontarf, Dublin 3",Two bed,Apartment,1404.39,D3
2016,"Drumcondra, Dublin 3",Two bed,Apartment,1380.17,D3
2016,"East Wall, Dublin 3",Two bed,Apartment,1342.59,D3
2016,"Fairview, Dublin 3",Two bed,Apartment,1250.11,D3
2016,Dublin 4,Two bed,Apartment,1760.95,D4
2016,"Ballsbridge, Dublin 4",Two bed,Apartment,1919.14,D4
2016,"Donnybrook, Dublin 4",Two bed,Apartment,1789.89,D4
2016,"Merrion, Dublin 4",Two bed,Apartment,1619.79,D4
2016,"Pembroke, Dublin 4",Two bed,Apartment,1791.42,D4
2016,"Ringsend, Dublin 4",Two bed,Apartment,1540.38,D4
2016,"Sandymount, Dublin 4",Two bed,Apartment,1619.19,D4
2016,Dublin 5,Two bed,Apartment,1306.31,D5
2016,"Artane, Dublin 5",Two bed,Apartment,1211.53,D5
2016,"Killester, Dublin 5",Two bed,Apartment,1225.18,D5
2016,"Raheny, Dublin 5",Two bed,Apartment,1405.67,D5
2016,Dublin 6,Two bed,Apartment,1524.74,D6
2016,"Harolds Cross, Dublin 6",Two bed,Apartment,1377.7,D6
2016,"Milltown, Dublin 6",Two bed,Apartment,1670.88,D6
2016,"Ranelagh, Dublin 6",Two bed,Apartment,1630.82,D6
2016,"Rathgar, Dublin 6",Two bed,Apartment,1453.7,D6
2016,"Rathmines, Dublin 6",Two bed,Apartment,1421.0,D6
2016,"Terenure, Dublin 6",Two bed,Apartment,1398.18,D6
2016,Dublin 6W,Two bed,Apartment,1468.74,D6W
2016,"Terenure, Dublin 6W",Two bed,Apartment,1501.86,D6W
2016,Dublin 7,Two bed,Apartment,1321.41,D7
2016,"Cabra, Dublin 7",Two bed,Apartment,1211.13,D7
2016,"Navan Road, Dublin 7",Two bed,Apartment,1254.09,D7
2016,"Phibsboro, Dublin 7",Two bed,Apartment,1313.8,D7
2016,"Smithfield, Dublin 7",Two bed,Apartment,1453.97,D7
2016,Dublin 8,Two bed,Apartment,1306.28,D8
2016,"Christchurch, Dublin 8",Two bed,Apartment,1351.14,D8
2016,"Cork Street, Dublin 8",Two bed,Apartment,1320.7,D8
2016,"Inchicore, Dublin 8",Two bed,Apartment,1263.44,D8
2016,"Islandbridge, Dublin 8",Two bed,Apartment,1562.75,D8
2016,"Kilmainham , Dublin 8",Two bed,Apartment,1372.23,D8
2016,"Rialto, Dublin 8",Two bed,Apartment,1302.09,D8
2016,"South Circular Road, Dublin 8",Two bed,Apartment,1168.63,D8
2016,Dublin 9,Two bed,Apartment,1240.13,D9
2016,"Ballymun, Dublin 9",Two bed,Apartment,1078.29,D9
2016,"Beaumont, Dublin 9",Two bed,Apartment,1182.36,D9
2016,"Drumcondra, Dublin 9",Two bed,Apartment,1374.15,D9
2016,"Glasnevin, Dublin 9",Two bed,Apartment,1253.77,D9
2016,"Santry, Dublin 9",Two bed,Apartment,1238.19,D9
2016,"Whitehall, Dublin 9",Two bed,Apartment,1234.73,D9
2016,Dublin 10,Two bed,Apartment,1069.41,D10
2016,"Ballyfermot, Dublin 10",Two bed,Apartment,1014.06,D10
2016,"Cherry Orchard, Dublin 10",Two bed,Apartment,1076.76,D10
2016,Dublin 11,Two bed,Apartment,1185.29,D11
2016,"Ballymun, Dublin 11",Two bed,Apartment,1058.57,D11
2016,"Finglas, Dublin 11",Two bed,Apartment,1213.62,D11
2016,"Glasnevin, Dublin 11",Two bed,Apartment,1267.73,D11
2016,"Meakstown, Dublin 11",Two bed,Apartment,1050.83,D11
2016,Dublin 12,Two bed,Apartment,1265.95,D12
2016,"Crumlin, Dublin 12",Two bed,Apartment,1187.72,D12
2016,"Drimnagh, Dublin 12",Two bed,Apartment,1426.06,D12
2016,"Kimmage, Dublin 12",Two bed,Apartment,1353.85,D12
2016,Dublin 13,Two bed,Apartment,1264.17,D13
2016,"Baldoyle, Dublin 13",Two bed,Apartment,1253.4,D13
2016,"Balgriffin, Dublin 13",Two bed,Apartment,1205.87,D13
2016,"Clongriffin, Dublin 13",Two bed,Apartment,1301.31,D13
2016,"Sutton, Dublin 13",Two bed,Apartment,1509.86,D13
2016,Dublin 14,Two bed,Apartment,1498.12,D14
2016,"Churchtown, Dublin 14",Two bed,Apartment,1435.2,D14
2016,"Clonskeagh, Dublin 14",Two bed,Apartment,1510.86,D14
2016,"Dundrum, Dublin 14",Two bed,Apartment,1552.44,D14
2016,"Goatstown, Dublin 14",Two bed,Apartment,1638.05,D14
2016,"Rathfarnham, Dublin 14",Two bed,Apartment,1400.69,D14
2016,Dublin 15,Two bed,Apartment,1253.41,D15
2016,"Ashtown, Dublin 15",Two bed,Apartment,1267.28,D15
2016,"Blanchardstown, Dublin 15",Two bed,Apartment,1231.5,D15
2016,"Carpenterstown, Dublin 15",Two bed,Apartment,1226.96,D15
2016,"Castleknock, Dublin 15",Two bed,Apartment,1388.36,D15
2016,"Clonee, Dublin 15",Two bed,Apartment,1119.75,D15
2016,"Clonsilla, Dublin 15",Two bed,Apartment,1165.58,D15
2016,"Coolmine, Dublin 15",Two bed,Apartment,1160.63,D15
2016,"Mulhuddart, Dublin 15",Two bed,Apartment,1059.46,D15
2016,"Ongar, Dublin 15",Two bed,Apartment,1132.41,D15
2016,"Porterstown, Dublin 15",Two bed,Apartment,1207.15,D15
2016,"Royal Canal Park, Dublin 15",Two bed,Apartment,1247.28,D15
2016,"Tyrrelstown, Dublin 15",Two bed,Apartment,1103.12,D15
2016,Dublin 16,Two bed,Apartment,1485.43,D16
2016,"Ballinteer, Dublin 16",Two bed,Apartment,1494.18,D16
2016,"Dundrum, Dublin 16",Two bed,Apartment,1621.73,D16
2016,"Rathfarnham, Dublin 16",Two bed,Apartment,1387.92,D16
2016,Dublin 17,Two bed,Apartment,1195.42,D17
2016,"Malahide Road, Dublin 17",Two bed,Apartment,1227.54,D17
2016,Dublin 18,Two bed,Apartment,1538.37,D18
2016,"Cabinteely, Dublin 18",Two bed,Apartment,1321.72,D18
2016,"Carrickmines, Dublin 18",Two bed,Apartment,1542.74,D18
2016,"Leopardstown, Dublin 18",Two bed,Apartment,1711.51,D18
2016,"Sandyford, Dublin 18",Two bed,Apartment,1548.77,D18
2016,"Stepaside, Dublin 18",Two bed,Apartment,1391.58,D18
2016,Dublin 20,Two bed,Apartment,1229.46,D20
2016,"Chapelizod, Dublin 20",Two bed,Apartment,1203.98,D20
2016,"Palmerstown, Dublin 20",Two bed,Apartment,1346.34,D20
2016,Dublin 24,Two bed,Apartment,1191.24,D24
2016,"Ballycullen, Dublin 24",Two bed,Apartment,1237.81,D24
2016,"Citywest, Dublin 24",Two bed,Apartment,1162.86,D24
2016,"Tallaght, Dublin 24",Two bed,Apartment,1208.19,D24
2016,"Dun Laoghaire, Dublin",Two bed,Other flats,1169.03,D18
2016,Dublin 1,Two bed,Other flats,1149.31,D1
2016,Dublin 2,Two bed,Other flats,1367.98,D2
2016,Dublin 3,Two bed,Other flats,1106.19,D3
2016,"Drumcondra, Dublin 3",Two bed,Other flats,1097.97,D3
2016,Dublin 4,Two bed,Other flats,1320.99,D4
2016,"Ballsbridge, Dublin 4",Two bed,Other flats,1385.19,D4
2016,Dublin 6,Two bed,Other flats,1095.61,D6
2016,"Ranelagh, Dublin 6",Two bed,Other flats,1116.1,D6
2016,"Rathgar, Dublin 6",Two bed,Other flats,1217.41,D6
2016,"Rathmines, Dublin 6",Two bed,Other flats,1079.95,D6
2016,Dublin 6W,Two bed,Other flats,1151.69,D6W
2016,Dublin 7,Two bed,Other flats,1028.81,D7
2016,Dublin 8,Two bed,Other flats,1057.02,D8
2016,"Portobello, Dublin 8",Two bed,Other flats,909.15,D8
2016,Dublin 9,Two bed,Other flats,1145.53,D9
2016,"Drumcondra, Dublin 9",Two bed,Other flats,1139.3,D9
2016,Dublin 12,Two bed,Other flats,1188.65,D12
2016,Dublin 4,Three bed,Detached house,2443.71,D4
2016,"Ballsbridge, Dublin 4",Three bed,Detached house,2513.9,D4
2016,Dublin 6,Three bed,Detached house,2370.31,D6
2016,Dublin 13,Three bed,Detached house,1513.53,D13
2016,Dublin 15,Three bed,Detached house,1315.0,D15
2016,Dublin 18,Three bed,Detached house,1699.16,D18
2016,Dublin 24,Three bed,Detached house,1288.57,D24
2016,"Balbriggan, Dublin",Three bed,Semi detached house,1114.83,D1
2016,"Blackrock, Dublin",Three bed,Semi detached house,1876.92,D18
2016,"Dun Laoghaire, Dublin",Three bed,Semi detached house,1546.65,D18
2016,"Kinsealy, Dublin",Three bed,Semi detached house,1290.03,D17
2016,"Lucan, Dublin",Three bed,Semi detached house,1286.94,D20
2016,"Lusk, Dublin",Three bed,Semi detached house,1191.11,D1
2016,"Malahide, Dublin",Three bed,Semi detached house,1594.19,D17
2016,"Rush, Dublin",Three bed,Semi detached house,1095.45,D1
2016,"Saggart, Dublin",Three bed,Semi detached house,1211.61,D24
2016,"Shankill, Dublin",Three bed,Semi detached house,1412.5,D18
2016,"Skerries, Dublin",Three bed,Semi detached house,1279.55,D1
2016,"Stillorgan, Dublin",Three bed,Semi detached house,1775.04,D18
2016,"Swords, Dublin",Three bed,Semi detached house,1269.67,D17
2016,Dublin 3,Three bed,Semi detached house,1621.86,D3
2016,"Clontarf, Dublin 3",Three bed,Semi detached house,1825.75,D3
2016,"Drumcondra, Dublin 3",Three bed,Semi detached house,1613.24,D3
2016,Dublin 4,Three bed,Semi detached house,2417.29,D4
2016,"Ballsbridge, Dublin 4",Three bed,Semi detached house,2564.73,D4
2016,"Sandymount, Dublin 4",Three bed,Semi detached house,2273.06,D4
2016,Dublin 5,Three bed,Semi detached house,1340.77,D5
2016,"Artane, Dublin 5",Three bed,Semi detached house,1281.09,D5
2016,"Raheny, Dublin 5",Three bed,Semi detached house,1466.62,D5
2016,Dublin 6,Three bed,Semi detached house,1942.74,D6
2016,"Harolds Cross, Dublin 6",Three bed,Semi detached house,1671.7,D6
2016,"Ranelagh, Dublin 6",Three bed,Semi detached house,2096.18,D6
2016,"Rathgar, Dublin 6",Three bed,Semi detached house,2056.4,D6
2016,Dublin 6W,Three bed,Semi detached house,1626.27,D6W
2016,"Templeogue, Dublin 6W",Three bed,Semi detached house,1565.6,D6W
2016,"Terenure, Dublin 6W",Three bed,Semi detached house,1719.69,D6W
2016,Dublin 7,Three bed,Semi detached house,1431.68,D7
2016,"Cabra, Dublin 7",Three bed,Semi detached house,1425.08,D7
2016,"Navan Road, Dublin 7",Three bed,Semi detached house,1501.27,D7
2016,Dublin 8,Three bed,Semi detached house,1626.49,D8
2016,Dublin 9,Three bed,Semi detached house,1475.56,D9
2016,"Beaumont, Dublin 9",Three bed,Semi detached house,1456.36,D9
2016,"Drumcondra, Dublin 9",Three bed,Semi detached house,1616.0,D9
2016,"Glasnevin, Dublin 9",Three bed,Semi detached house,1466.44,D9
2016,"Santry, Dublin 9",Three bed,Semi detached house,1388.94,D9
2016,"Whitehall, Dublin 9",Three bed,Semi detached house,1512.5,D9
2016,Dublin 11,Three bed,Semi detached house,1294.99,D11
2016,"Finglas, Dublin 11",Three bed,Semi detached house,1196.85,D11
2016,"Glasnevin, Dublin 11",Three bed,Semi detached house,1436.32,D11
2016,Dublin 12,Three bed,Semi detached house,1361.03,D12
2016,"Crumlin, Dublin 12",Three bed,Semi detached house,1366.12,D12
2016,"Drimnagh, Dublin 12",Three bed,Semi detached house,1363.12,D12
2016,"Kimmage, Dublin 12",Three bed,Semi detached house,1494.78,D12
2016,"Walkinstown, Dublin 12",Three bed,Semi detached house,1276.14,D12
2016,Dublin 13,Three bed,Semi detached house,1330.6,D13
2016,"Donaghmede, Dublin 13",Three bed,Semi detached house,1281.0,D13
2016,Dublin 14,Three bed,Semi detached house,1778.31,D14
2016,"Churchtown, Dublin 14",Three bed,Semi detached house,1657.57,D14
2016,"Clonskeagh, Dublin 14",Three bed,Semi detached house,1967.91,D14
2016,"Dundrum, Dublin 14",Three bed,Semi detached house,1696.81,D14
2016,"Rathfarnham, Dublin 14",Three bed,Semi detached house,1676.81,D14
2016,Dublin 15,Three bed,Semi detached house,1259.66,D15
2016,"Blanchardstown, Dublin 15",Three bed,Semi detached house,1196.01,D15
2016,"Carpenterstown, Dublin 15",Three bed,Semi detached house,1325.94,D15
2016,"Castleknock, Dublin 15",Three bed,Semi detached house,1411.08,D15
2016,"Clonee, Dublin 15",Three bed,Semi detached house,1285.82,D15
2016,"Clonsilla, Dublin 15",Three bed,Semi detached house,1238.56,D15
2016,"Mulhuddart, Dublin 15",Three bed,Semi detached house,1193.89,D15
2016,"Tyrrelstown, Dublin 15",Three bed,Semi detached house,1266.33,D15
2016,Dublin 16,Three bed,Semi detached house,1521.57,D16
2016,"Ballinteer, Dublin 16",Three bed,Semi detached house,1585.0,D16
2016,"Dundrum, Dublin 16",Three bed,Semi detached house,1687.17,D16
2016,"Knocklyon, Dublin 16",Three bed,Semi detached house,1462.43,D16
2016,"Rathfarnham, Dublin 16",Three bed,Semi detached house,1618.41,D16
2016,Dublin 17,Three bed,Semi detached house,1219.63,D17
2016,Dublin 18,Three bed,Semi detached house,1664.98,D18
2016,"Cabinteely, Dublin 18",Three bed,Semi detached house,1540.2,D18
2016,"Leopardstown, Dublin 18",Three bed,Semi detached house,1657.37,D18
2016,"Sandyford, Dublin 18",Three bed,Semi detached house,1621.76,D18
2016,Dublin 20,Three bed,Semi detached house,1324.85,D20
2016,"Palmerstown, Dublin 20",Three bed,Semi detached house,1322.2,D20
2016,Dublin 24,Three bed,Semi detached house,1233.76,D24
2016,"Ballycullen, Dublin 24",Three bed,Semi detached house,1353.45,D24
2016,"Citywest, Dublin 24",Three bed,Semi detached house,1385.29,D24
2016,"Firhouse, Dublin 24",Three bed,Semi detached house,1340.59,D24
2016,"Tallaght, Dublin 24",Three bed,Semi detached house,1232.05,D24
2016,"Balbriggan, Dublin",Three bed,Terrace house,1091.19,D1
2016,"Blackrock, Dublin",Three bed,Terrace house,1837.18,D18
2016,"Lucan, Dublin",Three bed,Terrace house,1288.32,D20
2016,"Lusk, Dublin",Three bed,Terrace house,1169.84,D1
2016,"Malahide, Dublin",Three bed,Terrace house,1585.65,D17
2016,"Rush, Dublin",Three bed,Terrace house,1167.11,D1
2016,"Swords, Dublin",Three bed,Terrace house,1299.33,D17
2016,Dublin 3,Three bed,Terrace house,1530.53,D3
2016,"Clontarf, Dublin 3",Three bed,Terrace house,1762.9,D3
2016,"Drumcondra, Dublin 3",Three bed,Terrace house,1457.67,D3
2016,"East Wall, Dublin 3",Three bed,Terrace house,1425.15,D3
2016,"Marino, Dublin 3",Three bed,Terrace house,1575.39,D3
2016,Dublin 4,Three bed,Terrace house,2302.51,D4
2016,"Ballsbridge, Dublin 4",Three bed,Terrace house,2626.3,D4
2016,"Donnybrook, Dublin 4",Three bed,Terrace house,2152.15,D4
2016,"Sandymount, Dublin 4",Three bed,Terrace house,2299.55,D4
2016,Dublin 5,Three bed,Terrace house,1348.99,D5
2016,"Artane, Dublin 5",Three bed,Terrace house,1276.14,D5
2016,"Raheny, Dublin 5",Three bed,Terrace house,1421.12,D5
2016,Dublin 6,Three bed,Terrace house,2028.03,D6
2016,"Harolds Cross, Dublin 6",Three bed,Terrace house,1623.55,D6
2016,"Ranelagh, Dublin 6",Three bed,Terrace house,2265.14,D6
2016,"Rathgar, Dublin 6",Three bed,Terrace house,1974.79,D6
2016,"Rathmines, Dublin 6",Three bed,Terrace house,1823.28,D6
2016,Dublin 6W,Three bed,Terrace house,1538.67,D6W
2016,"Harolds Cross, Dublin 6W",Three bed,Terrace house,1563.1,D6W
2016,"Terenure, Dublin 6W",Three bed,Terrace house,1651.5,D6W
2016,Dublin 7,Three bed,Terrace house,1377.65,D7
2016,"Cabra, Dublin 7",Three bed,Terrace house,1278.56,D7
2016,"Navan Road, Dublin 7",Three bed,Terrace house,1258.11,D7
2016,"Phibsboro, Dublin 7",Three bed,Terrace house,1276.99,D7
2016,Dublin 8,Three bed,Terrace house,1649.02,D8
2016,"Inchicore, Dublin 8",Three bed,Terrace house,1390.03,D8
2016,"Kilmainham , Dublin 8",Three bed,Terrace house,1541.19,D8
2016,"Rialto, Dublin 8",Three bed,Terrace house,1263.68,D8
2016,Dublin 9,Three bed,Terrace house,1369.28,D9
2016,"Drumcondra, Dublin 9",Three bed,Terrace house,1434.78,D9
2016,"Glasnevin, Dublin 9",Three bed,Terrace house,1404.94,D9
2016,Dublin 10,Three bed,Terrace house,1079.41,D10
2016,"Ballyfermot, Dublin 10",Three bed,Terrace house,1065.04,D10
2016,Dublin 11,Three bed,Terrace house,1198.5,D11
2016,"Finglas, Dublin 11",Three bed,Terrace house,1194.93,D11
2016,"Glasnevin, Dublin 11",Three bed,Terrace house,1393.24,D11
2016,Dublin 12,Three bed,Terrace house,1270.35,D12
2016,"Crumlin, Dublin 12",Three bed,Terrace house,1318.08,D12
2016,"Drimnagh, Dublin 12",Three bed,Terrace house,1270.84,D12
2016,"Kimmage, Dublin 12",Three bed,Terrace house,1431.33,D12
2016,"Walkinstown, Dublin 12",Three bed,Terrace house,1187.74,D12
2016,Dublin 13,Three bed,Terrace house,1407.65,D13
2016,"Baldoyle, Dublin 13",Three bed,Terrace house,1387.57,D13
2016,"Balgriffin, Dublin 13",Three bed,Terrace house,1508.73,D13
2016,"Sutton, Dublin 13",Three bed,Terrace house,1361.43,D13
2016,Dublin 14,Three bed,Terrace house,1698.6,D14
2016,"Dundrum, Dublin 14",Three bed,Terrace house,1759.14,D14
2016,"Rathfarnham, Dublin 14",Three bed,Terrace house,1559.21,D14
2016,Dublin 15,Three bed,Terrace house,1264.13,D15
2016,"Blanchardstown, Dublin 15",Three bed,Terrace house,1171.36,D15
2016,"Castleknock, Dublin 15",Three bed,Terrace house,1408.25,D15
2016,"Clonsilla, Dublin 15",Three bed,Terrace house,1263.29,D15
2016,"Mulhuddart, Dublin 15",Three bed,Terrace house,1031.14,D15
2016,"Ongar, Dublin 15",Three bed,Terrace house,1273.91,D15
2016,"Tyrrelstown, Dublin 15",Three bed,Terrace house,1300.2,D15
2016,Dublin 16,Three bed,Terrace house,1464.32,D16
2016,"Dundrum, Dublin 16",Three bed,Terrace house,1792.65,D16
2016,"Rathfarnham, Dublin 16",Three bed,Terrace house,1533.07,D16
2016,Dublin 17,Three bed,Terrace house,1121.28,D17
2016,Dublin 18,Three bed,Terrace house,1662.76,D18
2016,Dublin 20,Three bed,Terrace house,1324.39,D20
2016,Dublin 24,Three bed,Terrace house,1199.26,D24
2016,"Citywest, Dublin 24",Three bed,Terrace house,1318.08,D24
2016,"Tallaght, Dublin 24",Three bed,Terrace house,1166.15,D24
2016,"Balbriggan, Dublin",Three bed,Apartment,1197.89,D1
2016,"Blackrock, Dublin",Three bed,Apartment,2033.33,D18
2016,"Dun Laoghaire, Dublin",Three bed,Apartment,2038.3,D18
2016,"Lucan, Dublin",Three bed,Apartment,1312.21,D20
2016,"Malahide, Dublin",Three bed,Apartment,1747.01,D17
2016,"Saggart, Dublin",Three bed,Apartment,1368.84,D24
2016,"Stillorgan, Dublin",Three bed,Apartment,2002.41,D18
2016,"Swords, Dublin",Three bed,Apartment,1372.01,D17
2016,Dublin 1,Three bed,Apartment,1878.95,D1
2016,"I.F.S.C., Dublin 1",Three bed,Apartment,2697.11,D1
2016,Dublin 2,Three bed,Apartment,2257.22,D2
2016,Dublin 3,Three bed,Apartment,1790.78,D3
2016,"Drumcondra, Dublin 3",Three bed,Apartment,1753.62,D3
2016,Dublin 4,Three bed,Apartment,2330.14,D4
2016,"Ballsbridge, Dublin 4",Three bed,Apartment,2388.09,D4
2016,"Ringsend, Dublin 4",Three bed,Apartment,2310.33,D4
2016,"Sandymount, Dublin 4",Three bed,Apartment,2372.04,D4
2016,Dublin 5,Three bed,Apartment,1593.2,D5
2016,Dublin 6,Three bed,Apartment,1999.57,D6
2016,"Milltown, Dublin 6",Three bed,Apartment,2133.78,D6
2016,"Rathmines, Dublin 6",Three bed,Apartment,1831.36,D6
2016,Dublin 6W,Three bed,Apartment,1785.66,D6W
2016,Dublin 7,Three bed,Apartment,1653.98,D7
2016,"Smithfield, Dublin 7",Three bed,Apartment,1883.74,D7
2016,Dublin 8,Three bed,Apartment,1776.46,D8
2016,"Inchicore, Dublin 8",Three bed,Apartment,1560.87,D8
2016,"Islandbridge, Dublin 8",Three bed,Apartment,2054.19,D8
2016,"Kilmainham , Dublin 8",Three bed,Apartment,1626.74,D8
2016,Dublin 9,Three bed,Apartment,1579.6,D9
2016,"Drumcondra, Dublin 9",Three bed,Apartment,1739.13,D9
2016,"Santry, Dublin 9",Three bed,Apartment,1487.73,D9
2016,Dublin 11,Three bed,Apartment,1344.15,D11
2016,"Finglas, Dublin 11",Three bed,Apartment,1356.27,D11
2016,Dublin 12,Three bed,Apartment,1590.71,D12
2016,"Drimnagh, Dublin 12",Three bed,Apartment,1750.06,D12
2016,Dublin 13,Three bed,Apartment,1357.04,D13
2016,"Balgriffin, Dublin 13",Three bed,Apartment,1353.88,D13
2016,"Clongriffin, Dublin 13",Three bed,Apartment,1343.03,D13
2016,Dublin 14,Three bed,Apartment,1937.42,D14
2016,Dublin 15,Three bed,Apartment,1390.64,D15
2016,"Ashtown, Dublin 15",Three bed,Apartment,1493.95,D15
2016,"Blanchardstown, Dublin 15",Three bed,Apartment,1331.35,D15
2016,"Castleknock, Dublin 15",Three bed,Apartment,1502.12,D15
2016,"Tyrrelstown, Dublin 15",Three bed,Apartment,1205.43,D15
2016,Dublin 16,Three bed,Apartment,1942.76,D16
2016,"Dundrum, Dublin 16",Three bed,Apartment,2217.03,D16
2016,Dublin 17,Three bed,Apartment,1337.5,D17
2016,Dublin 18,Three bed,Apartment,1892.96,D18
2016,"Cabinteely, Dublin 18",Three bed,Apartment,1616.21,D18
2016,"Leopardstown, Dublin 18",Three bed,Apartment,2222.94,D18
2016,"Sandyford, Dublin 18",Three bed,Apartment,1848.01,D18
2016,Dublin 20,Three bed,Apartment,1462.8,D20
2016,"Chapelizod, Dublin 20",Three bed,Apartment,1540.63,D20
2016,Dublin 24,Three bed,Apartment,1417.98,D24
2016,"Citywest, Dublin 24",Three bed,Apartment,1385.57,D24
2016,"Tallaght, Dublin 24",Three bed,Apartment,1451.55,D24
2016,Dublin 6,Three bed,Other flats,1684.68,D6
2016,"Rathmines, Dublin 6",Three bed,Other flats,1701.43,D6
2016,"Blackrock, Dublin",Four plus bed,Detached house,3081.1,D18
2016,"Lucan, Dublin",Four plus bed,Detached house,1512.48,D20
2016,"Malahide, Dublin",Four plus bed,Detached house,2844.7,D17
2016,"Rush, Dublin",Four plus bed,Detached house,1246.17,D1
2016,"Swords, Dublin",Four plus bed,Detached house,1722.57,D17
2016,Dublin 4,Four plus bed,Detached house,3424.37,D4
2016,Dublin 6,Four plus bed,Detached house,2605.32,D6
2016,Dublin 6W,Four plus bed,Detached house,2215.63,D6W
2016,Dublin 13,Four plus bed,Detached house,2104.04,D13
2016,Dublin 14,Four plus bed,Detached house,2534.16,D14
2016,Dublin 15,Four plus bed,Detached house,1767.31,D15
2016,"Castleknock, Dublin 15",Four plus bed,Detached house,2084.76,D15
2016,Dublin 16,Four plus bed,Detached house,1963.55,D16
2016,"Rathfarnham, Dublin 16",Four plus bed,Detached house,2102.94,D16
2016,Dublin 18,Four plus bed,Detached house,2636.66,D18
2016,"Foxrock, Dublin 18",Four plus bed,Detached house,2963.41,D18
2016,"Balbriggan, Dublin",Four plus bed,Semi detached house,1289.45,D1
2016,"Blackrock, Dublin",Four plus bed,Semi detached house,2582.15,D18
2016,"Lucan, Dublin",Four plus bed,Semi detached house,1407.06,D20
2016,"Malahide, Dublin",Four plus bed,Semi detached house,1911.61,D17
2016,"Skerries, Dublin",Four plus bed,Semi detached house,1410.45,D1
2016,"Stillorgan, Dublin",Four plus bed,Semi detached house,2171.34,D18
2016,"Swords, Dublin",Four plus bed,Semi detached house,1482.32,D17
2016,Dublin 3,Four plus bed,Semi detached house,2130.81,D3
2016,"Clontarf, Dublin 3",Four plus bed,Semi detached house,2292.36,D3
2016,"Drumcondra, Dublin 3",Four plus bed,Semi detached house,2108.81,D3
2016,Dublin 4,Four plus bed,Semi detached house,2953.05,D4
2016,"Ballsbridge, Dublin 4",Four plus bed,Semi detached house,2766.43,D4
2016,Dublin 5,Four plus bed,Semi detached house,1625.51,D5
2016,"Raheny, Dublin 5",Four plus bed,Semi detached house,1751.96,D5
2016,Dublin 6,Four plus bed,Semi detached house,2720.7,D6
2016,"Ranelagh, Dublin 6",Four plus bed,Semi detached house,2962.49,D6
2016,"Rathmines, Dublin 6",Four plus bed,Semi detached house,2735.83,D6
2016,Dublin 6W,Four plus bed,Semi detached house,2077.82,D6W
2016,"Templeogue, Dublin 6W",Four plus bed,Semi detached house,1779.17,D6W
2016,"Terenure, Dublin 6W",Four plus bed,Semi detached house,2362.29,D6W
2016,Dublin 7,Four plus bed,Semi detached house,1758.91,D7
2016,Dublin 8,Four plus bed,Semi detached house,1940.0,D8
2016,Dublin 9,Four plus bed,Semi detached house,1869.68,D9
2016,"Beaumont, Dublin 9",Four plus bed,Semi detached house,1671.82,D9
2016,"Drumcondra, Dublin 9",Four plus bed,Semi detached house,1999.67,D9
2016,"Glasnevin, Dublin 9",Four plus bed,Semi detached house,1832.41,D9
2016,"Santry, Dublin 9",Four plus bed,Semi detached house,1968.89,D9
2016,Dublin 11,Four plus bed,Semi detached house,1657.66,D11
2016,Dublin 12,Four plus bed,Semi detached house,1584.38,D12
2016,Dublin 13,Four plus bed,Semi detached house,1939.14,D13
2016,"Balgriffin, Dublin 13",Four plus bed,Semi detached house,2033.85,D13
2016,Dublin 14,Four plus bed,Semi detached house,2319.97,D14
2016,"Clonskeagh, Dublin 14",Four plus bed,Semi detached house,2591.62,D14
2016,"Dundrum, Dublin 14",Four plus bed,Semi detached house,2201.67,D14
2016,"Rathfarnham, Dublin 14",Four plus bed,Semi detached house,2080.06,D14
2016,Dublin 15,Four plus bed,Semi detached house,1472.04,D15
2016,"Castleknock, Dublin 15",Four plus bed,Semi detached house,1663.44,D15
2016,"Clonee, Dublin 15",Four plus bed,Semi detached house,1428.23,D15
2016,"Clonsilla, Dublin 15",Four plus bed,Semi detached house,1442.75,D15
2016,Dublin 16,Four plus bed,Semi detached house,1949.31,D16
2016,"Dundrum, Dublin 16",Four plus bed,Semi detached house,2311.81,D16
2016,"Knocklyon, Dublin 16",Four plus bed,Semi detached house,1574.38,D16
2016,"Rathfarnham, Dublin 16",Four plus bed,Semi detached house,2045.4,D16
2016,Dublin 18,Four plus bed,Semi detached house,2074.29,D18
2016,"Foxrock, Dublin 18",Four plus bed,Semi detached house,2345.25,D18
2016,"Leopardstown, Dublin 18",Four plus bed,Semi detached house,2101.5,D18
2016,Dublin 24,Four plus bed,Semi detached house,1409.34,D24
2016,"Tallaght, Dublin 24",Four plus bed,Semi detached house,1383.86,D24
2016,Dublin 1,Four plus bed,Terrace house,2511.11,D1
2016,Dublin 3,Four plus bed,Terrace house,1933.21,D3
2016,"Drumcondra, Dublin 3",Four plus bed,Terrace house,2003.27,D3
2016,Dublin 4,Four plus bed,Terrace house,3017.19,D4
2016,"Ballsbridge, Dublin 4",Four plus bed,Terrace house,3264.55,D4
2016,Dublin 6,Four plus bed,Terrace house,2661.78,D6
2016,"Harolds Cross, Dublin 6",Four plus bed,Terrace house,2219.71,D6
2016,"Ranelagh, Dublin 6",Four plus bed,Terrace house,2988.23,D6
2016,"Rathmines, Dublin 6",Four plus bed,Terrace house,2515.19,D6
2016,Dublin 6W,Four plus bed,Terrace house,2271.67,D6W
2016,"Terenure, Dublin 6W",Four plus bed,Terrace house,2436.81,D6W
2016,Dublin 7,Four plus bed,Terrace house,1855.61,D7
2016,Dublin 8,Four plus bed,Terrace house,1923.69,D8
2016,Dublin 9,Four plus bed,Terrace house,2014.38,D9
2016,"Drumcondra, Dublin 9",Four plus bed,Terrace house,2062.69,D9
2016,"Glasnevin, Dublin 9",Four plus bed,Terrace house,1928.81,D9
2016,Dublin 11,Four plus bed,Terrace house,1592.22,D11
2016,Dublin 12,Four plus bed,Terrace house,1775.72,D12
2016,Dublin 13,Four plus bed,Terrace house,1650.02,D13
2016,"Balgriffin, Dublin 13",Four plus bed,Terrace house,1702.71,D13
2016,Dublin 14,Four plus bed,Terrace house,2282.63,D14
2016,Dublin 15,Four plus bed,Terrace house,1449.47,D15
2016,"Tyrrelstown, Dublin 15",Four plus bed,Terrace house,1337.49,D15
2016,Dublin 18,Four plus bed,Terrace house,1879.98,D18
2016,Dublin 24,Four plus bed,Terrace house,1578.03,D24
2016,"I.F.S.C., Dublin 1",Four plus bed,Apartment,5495.58,D1
2016,Dublin 7,Four plus bed,Apartment,1906.25,D7
2016,Dublin 8,Four plus bed,Apartment,1434.66,D8
2016,Dublin 9,Four plus bed,Apartment,2518.07,D9
2017,Dublin 1,One bed,Terrace house,770.48,D1
2017,Dublin 3,One bed,Terrace house,981.61,D3
2017,Dublin 4,One bed,Terrace house,1447.36,D4
2017,Dublin 6,One bed,Terrace house,952.57,D6
2017,"Rathmines, Dublin 6",One bed,Terrace house,883.83,D6
2017,Dublin 7,One bed,Terrace house,854.8,D7
2017,Dublin 8,One bed,Terrace house,1078.49,D8
2017,"Balbriggan, Dublin",One bed,Apartment,910.03,D1
2017,"Blackrock, Dublin",One bed,Apartment,1388.55,D18
2017,"Booterstown, Dublin",One bed,Apartment,1406.07,D4
2017,"Donabate, Dublin",One bed,Apartment,949.87,D13
2017,"Dun Laoghaire, Dublin",One bed,Apartment,1291.04,D18
2017,"Lucan, Dublin",One bed,Apartment,1078.96,D20
2017,"Malahide, Dublin",One bed,Apartment,1326.47,D17
2017,"Monkstown, Dublin",One bed,Apartment,1188.34,D18
2017,"Portmarnock, Dublin",One bed,Apartment,1169.34,D13
2017,"Stillorgan, Dublin",One bed,Apartment,1356.63,D18
2017,"Swords, Dublin",One bed,Apartment,1091.55,D17
2017,Dublin 1,One bed,Apartment,1184.92,D1
2017,"I.F.S.C., Dublin 1",One bed,Apartment,1399.02,D1
2017,"Parnell Street, Dublin 1",One bed,Apartment,1245.39,D1
2017,Dublin 2,One bed,Apartment,1396.28,D2
2017,"Grand Canal Dock, Dublin 2",One bed,Apartment,1651.7,D2
2017,"Townsend Street, Dublin 2",One bed,Apartment,1438.96,D2
2017,Dublin 3,One bed,Apartment,1147.79,D3
2017,"Clontarf, Dublin 3",One bed,Apartment,1236.1,D3
2017,"Drumcondra, Dublin 3",One bed,Apartment,1073.62,D3
2017,"Fairview, Dublin 3",One bed,Apartment,1143.42,D3
2017,Dublin 4,One bed,Apartment,1386.7,D4
2017,"Ballsbridge, Dublin 4",One bed,Apartment,1503.9,D4
2017,"Donnybrook, Dublin 4",One bed,Apartment,1375.95,D4
2017,"Merrion, Dublin 4",One bed,Apartment,1412.03,D4
2017,"Ringsend, Dublin 4",One bed,Apartment,1413.42,D4
2017,"Sandymount, Dublin 4",One bed,Apartment,1347.47,D4
2017,Dublin 5,One bed,Apartment,1051.86,D5
2017,"Raheny, Dublin 5",One bed,Apartment,1140.23,D5
2017,Dublin 6,One bed,Apartment,1180.35,D6
2017,"Harolds Cross, Dublin 6",One bed,Apartment,1151.66,D6
2017,"Milltown, Dublin 6",One bed,Apartment,1247.45,D6
2017,"Ranelagh, Dublin 6",One bed,Apartment,1343.44,D6
2017,"Rathgar, Dublin 6",One bed,Apartment,1174.21,D6
2017,"Rathmines, Dublin 6",One bed,Apartment,1195.13,D6
2017,Dublin 6W,One bed,Apartment,1171.0,D6W
2017,"Harolds Cross, Dublin 6W",One bed,Apartment,1106.0,D6W
2017,"Terenure, Dublin 6W",One bed,Apartment,1266.43,D6W
2017,Dublin 7,One bed,Apartment,1085.65,D7
2017,"Cabra, Dublin 7",One bed,Apartment,987.16,D7
2017,"Phibsboro, Dublin 7",One bed,Apartment,1061.66,D7
2017,"Smithfield, Dublin 7",One bed,Apartment,1266.43,D7
2017,Dublin 8,One bed,Apartment,1176.58,D8
2017,"Christchurch, Dublin 8",One bed,Apartment,1285.09,D8
2017,"Cork Street, Dublin 8",One bed,Apartment,1198.55,D8
2017,"Inchicore, Dublin 8",One bed,Apartment,1148.62,D8
2017,"Islandbridge, Dublin 8",One bed,Apartment,1504.54,D8
2017,"Kilmainham , Dublin 8",One bed,Apartment,1154.72,D8
2017,"Portobello, Dublin 8",One bed,Apartment,1192.33,D8
2017,"Rialto, Dublin 8",One bed,Apartment,1188.26,D8
2017,"South Circular Road, Dublin 8",One bed,Apartment,1158.58,D8
2017,Dublin 9,One bed,Apartment,1084.89,D9
2017,"Ballymun, Dublin 9",One bed,Apartment,1127.98,D9
2017,"Beaumont, Dublin 9",One bed,Apartment,1126.97,D9
2017,"Drumcondra, Dublin 9",One bed,Apartment,1018.4,D9
2017,"Glasnevin, Dublin 9",One bed,Apartment,1120.02,D9
2017,"Santry, Dublin 9",One bed,Apartment,1141.0,D9
2017,Dublin 10,One bed,Apartment,1037.28,D10
2017,Dublin 11,One bed,Apartment,1047.69,D11
2017,"Ballymun, Dublin 11",One bed,Apartment,1059.06,D11
2017,"Finglas, Dublin 11",One bed,Apartment,1094.38,D11
2017,"Glasnevin, Dublin 11",One bed,Apartment,1074.85,D11
2017,Dublin 12,One bed,Apartment,1112.84,D12
2017,"Drimnagh, Dublin 12",One bed,Apartment,1253.73,D12
2017,"Kimmage, Dublin 12",One bed,Apartment,1126.81,D12
2017,Dublin 13,One bed,Apartment,1094.82,D13
2017,"Baldoyle, Dublin 13",One bed,Apartment,1143.97,D13
2017,"Clongriffin, Dublin 13",One bed,Apartment,1119.4,D13
2017,Dublin 14,One bed,Apartment,1298.29,D14
2017,"Clonskeagh, Dublin 14",One bed,Apartment,1315.3,D14
2017,"Dundrum, Dublin 14",One bed,Apartment,1398.76,D14
2017,"Rathfarnham, Dublin 14",One bed,Apartment,1182.54,D14
2017,Dublin 15,One bed,Apartment,1089.85,D15
2017,"Ashtown, Dublin 15",One bed,Apartment,1186.23,D15
2017,"Blanchardstown, Dublin 15",One bed,Apartment,1065.32,D15
2017,"Castleknock, Dublin 15",One bed,Apartment,1230.75,D15
2017,"Ongar, Dublin 15",One bed,Apartment,1049.23,D15
2017,"Royal Canal Park, Dublin 15",One bed,Apartment,1188.56,D15
2017,Dublin 16,One bed,Apartment,1267.19,D16
2017,"Dundrum, Dublin 16",One bed,Apartment,1491.6,D16
2017,"Rathfarnham, Dublin 16",One bed,Apartment,1260.2,D16
2017,Dublin 17,One bed,Apartment,995.41,D17
2017,"Malahide Road, Dublin 17",One bed,Apartment,1079.06,D17
2017,Dublin 18,One bed,Apartment,1399.79,D18
2017,"Cabinteely, Dublin 18",One bed,Apartment,1344.46,D18
2017,"Carrickmines, Dublin 18",One bed,Apartment,1365.44,D18
2017,"Leopardstown, Dublin 18",One bed,Apartment,1630.17,D18
2017,"Sandyford, Dublin 18",One bed,Apartment,1397.32,D18
2017,"Stepaside, Dublin 18",One bed,Apartment,1283.46,D18
2017,Dublin 20,One bed,Apartment,1074.78,D20
2017,"Chapelizod, Dublin 20",One bed,Apartment,1072.04,D20
2017,Dublin 24,One bed,Apartment,1082.8,D24
2017,"Tallaght, Dublin 24",One bed,Apartment,1130.19,D24
2017,"Dun Laoghaire, Dublin",One bed,Other flats,951.72,D18
2017,"Monkstown, Dublin",One bed,Other flats,1056.28,D18
2017,Dublin 1,One bed,Other flats,811.14,D1
2017,Dublin 2,One bed,Other flats,1151.04,D2
2017,Dublin 3,One bed,Other flats,750.56,D3
2017,"Clontarf, Dublin 3",One bed,Other flats,793.41,D3
2017,"Drumcondra, Dublin 3",One bed,Other flats,800.44,D3
2017,"Fairview, Dublin 3",One bed,Other flats,794.57,D3
2017,Dublin 4,One bed,Other flats,933.75,D4
2017,"Ballsbridge, Dublin 4",One bed,Other flats,932.32,D4
2017,"Donnybrook, Dublin 4",One bed,Other flats,1007.31,D4
2017,Dublin 6,One bed,Other flats,867.99,D6
2017,"Harolds Cross, Dublin 6",One bed,Other flats,875.59,D6
2017,"Ranelagh, Dublin 6",One bed,Other flats,924.77,D6
2017,"Rathgar, Dublin 6",One bed,Other flats,863.83,D6
2017,"Rathmines, Dublin 6",One bed,Other flats,863.26,D6
2017,Dublin 6W,One bed,Other flats,827.74,D6W
2017,"Harolds Cross, Dublin 6W",One bed,Other flats,835.46,D6W
2017,"Terenure, Dublin 6W",One bed,Other flats,863.79,D6W
2017,Dublin 7,One bed,Other flats,775.46,D7
2017,"Cabra, Dublin 7",One bed,Other flats,817.56,D7
2017,"North Circular Road, Dublin 7",One bed,Other flats,730.42,D7
2017,"Phibsboro, Dublin 7",One bed,Other flats,715.44,D7
2017,Dublin 8,One bed,Other flats,840.73,D8
2017,"Portobello, Dublin 8",One bed,Other flats,853.12,D8
2017,"Rialto, Dublin 8",One bed,Other flats,898.63,D8
2017,"South Circular Road, Dublin 8",One bed,Other flats,773.96,D8
2017,Dublin 9,One bed,Other flats,787.33,D9
2017,"Drumcondra, Dublin 9",One bed,Other flats,770.64,D9
2017,"Glasnevin, Dublin 9",One bed,Other flats,761.88,D9
2017,Dublin 11,One bed,Other flats,800.51,D11
2017,Dublin 12,One bed,Other flats,775.59,D12
2017,"Balbriggan, Dublin",Two bed,Semi detached house,1074.54,D1
2017,"Blackrock, Dublin",Two bed,Semi detached house,1672.39,D18
2017,"Lucan, Dublin",Two bed,Semi detached house,1166.88,D20
2017,"Monkstown, Dublin",Two bed,Semi detached house,1516.18,D18
2017,Dublin 3,Two bed,Semi detached house,1364.09,D3
2017,Dublin 4,Two bed,Semi detached house,1765.29,D4
2017,"Ballsbridge, Dublin 4",Two bed,Semi detached house,1983.59,D4
2017,Dublin 5,Two bed,Semi detached house,1300.94,D5
2017,Dublin 6,Two bed,Semi detached house,1713.78,D6
2017,Dublin 6W,Two bed,Semi detached house,1407.76,D6W
2017,Dublin 7,Two bed,Semi detached house,1199.61,D7
2017,"Cabra, Dublin 7",Two bed,Semi detached house,1399.0,D7
2017,Dublin 8,Two bed,Semi detached house,1504.23,D8
2017,Dublin 9,Two bed,Semi detached house,1315.34,D9
2017,Dublin 10,Two bed,Semi detached house,1101.77,D10
2017,"Ballyfermot, Dublin 10",Two bed,Semi detached house,1101.77,D10
2017,Dublin 12,Two bed,Semi detached house,1261.9,D12
2017,"Crumlin, Dublin 12",Two bed,Semi detached house,1295.29,D12
2017,Dublin 14,Two bed,Semi detached house,1638.02,D14
2017,Dublin 15,Two bed,Semi detached house,1176.49,D15
2017,Dublin 24,Two bed,Semi detached house,1316.58,D24
2017,"Tallaght, Dublin 24",Two bed,Semi detached house,1239.19,D24
2017,"Balbriggan, Dublin",Two bed,Terrace house,1115.0,D1
2017,"Blackrock, Dublin",Two bed,Terrace house,1538.34,D18
2017,"Lucan, Dublin",Two bed,Terrace house,1208.18,D20
2017,"Lusk, Dublin",Two bed,Terrace house,1099.43,D1
2017,"Monkstown, Dublin",Two bed,Terrace house,1490.78,D18
2017,"Rush, Dublin",Two bed,Terrace house,1063.65,D1
2017,"Swords, Dublin",Two bed,Terrace house,1296.12,D17
2017,Dublin 1,Two bed,Terrace house,1286.92,D1
2017,Dublin 2,Two bed,Terrace house,1747.29,D2
2017,Dublin 3,Two bed,Terrace house,1290.94,D3
2017,"Clontarf, Dublin 3",Two bed,Terrace house,1518.47,D3
2017,"Drumcondra, Dublin 3",Two bed,Terrace house,1377.48,D3
2017,"East Wall, Dublin 3",Two bed,Terrace house,1307.87,D3
2017,Dublin 4,Two bed,Terrace house,1750.75,D4
2017,"Ballsbridge, Dublin 4",Two bed,Terrace house,1985.2,D4
2017,"Donnybrook, Dublin 4",Two bed,Terrace house,1798.65,D4
2017,"Ringsend, Dublin 4",Two bed,Terrace house,1671.98,D4
2017,"Sandymount, Dublin 4",Two bed,Terrace house,1825.56,D4
2017,Dublin 5,Two bed,Terrace house,1292.12,D5
2017,Dublin 6,Two bed,Terrace house,1580.36,D6
2017,"Harolds Cross, Dublin 6",Two bed,Terrace house,1479.2,D6
2017,"Milltown, Dublin 6",Two bed,Terrace house,1673.04,D6
2017,"Ranelagh, Dublin 6",Two bed,Terrace house,1809.36,D6
2017,"Rathgar, Dublin 6",Two bed,Terrace house,1587.3,D6
2017,"Rathmines, Dublin 6",Two bed,Terrace house,1566.63,D6
2017,Dublin 6W,Two bed,Terrace house,1434.4,D6W
2017,"Harolds Cross, Dublin 6W",Two bed,Terrace house,1491.85,D6W
2017,Dublin 7,Two bed,Terrace house,1316.95,D7
2017,"Cabra, Dublin 7",Two bed,Terrace house,1358.87,D7
2017,"Phibsboro, Dublin 7",Two bed,Terrace house,1410.73,D7
2017,"Stoneybatter, Dublin 7",Two bed,Terrace house,1416.43,D7
2017,Dublin 8,Two bed,Terrace house,1447.26,D8
2017,"Inchicore, Dublin 8",Two bed,Terrace house,1389.95,D8
2017,"Kilmainham , Dublin 8",Two bed,Terrace house,1474.73,D8
2017,"Portobello, Dublin 8",Two bed,Terrace house,1816.09,D8
2017,"Rialto, Dublin 8",Two bed,Terrace house,1410.29,D8
2017,Dublin 9,Two bed,Terrace house,1288.69,D9
2017,"Drumcondra, Dublin 9",Two bed,Terrace house,1337.63,D9
2017,"Glasnevin, Dublin 9",Two bed,Terrace house,1338.02,D9
2017,"Whitehall, Dublin 9",Two bed,Terrace house,1251.86,D9
2017,Dublin 10,Two bed,Terrace house,1165.72,D10
2017,"Ballyfermot, Dublin 10",Two bed,Terrace house,1203.84,D10
2017,Dublin 11,Two bed,Terrace house,1211.11,D11
2017,"Finglas, Dublin 11",Two bed,Terrace house,1244.8,D11
2017,Dublin 12,Two bed,Terrace house,1249.59,D12
2017,"Crumlin, Dublin 12",Two bed,Terrace house,1261.72,D12
2017,"Drimnagh, Dublin 12",Two bed,Terrace house,1278.53,D12
2017,"Kimmage, Dublin 12",Two bed,Terrace house,1427.93,D12
2017,Dublin 13,Two bed,Terrace house,1360.42,D13
2017,Dublin 14,Two bed,Terrace house,1579.8,D14
2017,"Rathfarnham, Dublin 14",Two bed,Terrace house,1567.63,D14
2017,Dublin 15,Two bed,Terrace house,1152.19,D15
2017,"Castleknock, Dublin 15",Two bed,Terrace house,1247.13,D15
2017,"Clonee, Dublin 15",Two bed,Terrace house,1352.73,D15
2017,"Clonsilla, Dublin 15",Two bed,Terrace house,1242.39,D15
2017,Dublin 16,Two bed,Terrace house,1557.31,D16
2017,"Rathfarnham, Dublin 16",Two bed,Terrace house,1591.55,D16
2017,Dublin 18,Two bed,Terrace house,1606.75,D18
2017,Dublin 24,Two bed,Terrace house,1167.78,D24
2017,"Balbriggan, Dublin",Two bed,Apartment,1049.86,D1
2017,"Blackrock, Dublin",Two bed,Apartment,1653.87,D18
2017,"Booterstown, Dublin",Two bed,Apartment,1663.13,D4
2017,"Dalkey, Dublin",Two bed,Apartment,1908.34,D18
2017,"Donabate, Dublin",Two bed,Apartment,1195.5,D13
2017,"Dun Laoghaire, Dublin",Two bed,Apartment,1745.74,D18
2017,"Howth, Dublin",Two bed,Apartment,1624.34,D13
2017,"Killiney, Dublin",Two bed,Apartment,1812.66,D18
2017,"Kinsealy, Dublin",Two bed,Apartment,1255.29,D17
2017,"Lucan, Dublin",Two bed,Apartment,1323.65,D20
2017,"Malahide, Dublin",Two bed,Apartment,1496.76,D17
2017,"Monkstown, Dublin",Two bed,Apartment,1560.28,D18
2017,"Portmarnock, Dublin",Two bed,Apartment,1391.44,D13
2017,"Rathcoole, Dublin",Two bed,Apartment,1173.32,D24
2017,"Rush, Dublin",Two bed,Apartment,1048.14,D1
2017,"Saggart, Dublin",Two bed,Apartment,1307.75,D24
2017,"Shankill, Dublin",Two bed,Apartment,1408.32,D18
2017,"Skerries, Dublin",Two bed,Apartment,1179.95,D1
2017,"Stillorgan, Dublin",Two bed,Apartment,1685.7,D18
2017,"Swords, Dublin",Two bed,Apartment,1306.45,D17
2017,Dublin 1,Two bed,Apartment,1562.76,D1
2017,"I.F.S.C., Dublin 1",Two bed,Apartment,1990.46,D1
2017,"Parnell Street, Dublin 1",Two bed,Apartment,1543.47,D1
2017,"Spencer Dock, Dublin 1",Two bed,Apartment,1932.33,D1
2017,Dublin 2,Two bed,Apartment,1899.63,D2
2017,"Grand Canal Dock, Dublin 2",Two bed,Apartment,2418.01,D2
2017,"Grand Canal Square, Dublin 2",Two bed,Apartment,2847.65,D2
2017,"Hanover Quay, Dublin 2",Two bed,Apartment,2117.06,D2
2017,"Lower Mount Street, Dublin 2",Two bed,Apartment,1629.16,D2
2017,"Pearse Street, Dublin 2",Two bed,Apartment,1658.03,D2
2017,"Temple Bar, Dublin 2",Two bed,Apartment,1709.52,D2
2017,"Townsend Street, Dublin 2",Two bed,Apartment,1819.44,D2
2017,Dublin 3,Two bed,Apartment,1462.5,D3
2017,"Clontarf, Dublin 3",Two bed,Apartment,1542.6,D3
2017,"Drumcondra, Dublin 3",Two bed,Apartment,1500.02,D3
2017,"East Wall, Dublin 3",Two bed,Apartment,1432.37,D3
2017,"Fairview, Dublin 3",Two bed,Apartment,1372.72,D3
2017,Dublin 4,Two bed,Apartment,1883.91,D4
2017,"Ballsbridge, Dublin 4",Two bed,Apartment,2143.81,D4
2017,"Donnybrook, Dublin 4",Two bed,Apartment,1879.69,D4
2017,"Irishtown, Dublin 4",Two bed,Apartment,1736.31,D4
2017,"Merrion, Dublin 4",Two bed,Apartment,1764.24,D4
2017,"Pembroke, Dublin 4",Two bed,Apartment,1852.15,D4
2017,"Ringsend, Dublin 4",Two bed,Apartment,1715.82,D4
2017,"Sandymount, Dublin 4",Two bed,Apartment,1692.72,D4
2017,Dublin 5,Two bed,Apartment,1389.16,D5
2017,"Artane, Dublin 5",Two bed,Apartment,1335.38,D5
2017,"Killester, Dublin 5",Two bed,Apartment,1281.29,D5
2017,"Raheny, Dublin 5",Two bed,Apartment,1555.15,D5
2017,Dublin 6,Two bed,Apartment,1603.04,D6
2017,"Milltown, Dublin 6",Two bed,Apartment,1809.96,D6
2017,"Ranelagh, Dublin 6",Two bed,Apartment,1729.73,D6
2017,"Rathgar, Dublin 6",Two bed,Apartment,1632.03,D6
2017,"Rathmines, Dublin 6",Two bed,Apartment,1533.47,D6
2017,Dublin 6W,Two bed,Apartment,1563.48,D6W
2017,"Terenure, Dublin 6W",Two bed,Apartment,1615.38,D6W
2017,Dublin 7,Two bed,Apartment,1385.58,D7
2017,"Cabra, Dublin 7",Two bed,Apartment,1323.33,D7
2017,"Navan Road, Dublin 7",Two bed,Apartment,1320.68,D7
2017,"Phibsboro, Dublin 7",Two bed,Apartment,1338.87,D7
2017,"Smithfield, Dublin 7",Two bed,Apartment,1538.95,D7
2017,Dublin 8,Two bed,Apartment,1345.77,D8
2017,"Christchurch, Dublin 8",Two bed,Apartment,1524.38,D8
2017,"Cork Street, Dublin 8",Two bed,Apartment,1436.11,D8
2017,"Inchicore, Dublin 8",Two bed,Apartment,1374.68,D8
2017,"Islandbridge, Dublin 8",Two bed,Apartment,1690.98,D8
2017,"Kilmainham , Dublin 8",Two bed,Apartment,1489.54,D8
2017,"Rialto, Dublin 8",Two bed,Apartment,1418.12,D8
2017,"South Circular Road, Dublin 8",Two bed,Apartment,1253.53,D8
2017,Dublin 9,Two bed,Apartment,1287.68,D9
2017,"Ballymun, Dublin 9",Two bed,Apartment,1160.2,D9
2017,"Beaumont, Dublin 9",Two bed,Apartment,1361.46,D9
2017,"Drumcondra, Dublin 9",Two bed,Apartment,1423.18,D9
2017,"Glasnevin, Dublin 9",Two bed,Apartment,1345.57,D9
2017,"Santry, Dublin 9",Two bed,Apartment,1343.39,D9
2017,"Whitehall, Dublin 9",Two bed,Apartment,1579.75,D9
2017,Dublin 10,Two bed,Apartment,1110.92,D10
2017,"Cherry Orchard, Dublin 10",Two bed,Apartment,1183.62,D10
2017,Dublin 11,Two bed,Apartment,1243.41,D11
2017,"Ballymun, Dublin 11",Two bed,Apartment,1112.94,D11
2017,"Finglas, Dublin 11",Two bed,Apartment,1299.41,D11
2017,"Glasnevin, Dublin 11",Two bed,Apartment,1322.73,D11
2017,Dublin 12,Two bed,Apartment,1334.88,D12
2017,"Crumlin, Dublin 12",Two bed,Apartment,1253.41,D12
2017,"Drimnagh, Dublin 12",Two bed,Apartment,1481.33,D12
2017,"Kimmage, Dublin 12",Two bed,Apartment,1442.89,D12
2017,Dublin 13,Two bed,Apartment,1354.42,D13
2017,"Baldoyle, Dublin 13",Two bed,Apartment,1388.97,D13
2017,"Balgriffin, Dublin 13",Two bed,Apartment,1305.54,D13
2017,"Clongriffin, Dublin 13",Two bed,Apartment,1424.51,D13
2017,"Donaghmede, Dublin 13",Two bed,Apartment,1351.25,D13
2017,"Sutton, Dublin 13",Two bed,Apartment,1539.15,D13
2017,Dublin 14,Two bed,Apartment,1593.98,D14
2017,"Churchtown, Dublin 14",Two bed,Apartment,1498.09,D14
2017,"Clonskeagh, Dublin 14",Two bed,Apartment,1624.03,D14
2017,"Dundrum, Dublin 14",Two bed,Apartment,1634.86,D14
2017,"Goatstown, Dublin 14",Two bed,Apartment,1799.58,D14
2017,"Rathfarnham, Dublin 14",Two bed,Apartment,1496.8,D14
2017,Dublin 15,Two bed,Apartment,1325.56,D15
2017,"Ashtown, Dublin 15",Two bed,Apartment,1380.6,D15
2017,"Blanchardstown, Dublin 15",Two bed,Apartment,1325.88,D15
2017,"Carpenterstown, Dublin 15",Two bed,Apartment,1352.9,D15
2017,"Castleknock, Dublin 15",Two bed,Apartment,1513.41,D15
2017,"Clonee, Dublin 15",Two bed,Apartment,1142.44,D15
2017,"Clonsilla, Dublin 15",Two bed,Apartment,1254.68,D15
2017,"Coolmine, Dublin 15",Two bed,Apartment,1255.9,D15
2017,"Mulhuddart, Dublin 15",Two bed,Apartment,1094.67,D15
2017,"Ongar, Dublin 15",Two bed,Apartment,1215.71,D15
2017,"Porterstown, Dublin 15",Two bed,Apartment,1259.72,D15
2017,"Royal Canal Park, Dublin 15",Two bed,Apartment,1320.16,D15
2017,"Tyrrelstown, Dublin 15",Two bed,Apartment,1169.53,D15
2017,Dublin 16,Two bed,Apartment,1532.03,D16
2017,"Ballinteer, Dublin 16",Two bed,Apartment,1570.95,D16
2017,"Dundrum, Dublin 16",Two bed,Apartment,1739.62,D16
2017,"Rathfarnham, Dublin 16",Two bed,Apartment,1490.19,D16
2017,Dublin 17,Two bed,Apartment,1246.64,D17
2017,"Malahide Road, Dublin 17",Two bed,Apartment,1437.18,D17
2017,"Northern Cross, Dublin 17",Two bed,Apartment,1329.43,D17
2017,Dublin 18,Two bed,Apartment,1622.18,D18
2017,"Cabinteely, Dublin 18",Two bed,Apartment,1449.76,D18
2017,"Carrickmines, Dublin 18",Two bed,Apartment,1672.64,D18
2017,"Leopardstown, Dublin 18",Two bed,Apartment,1842.44,D18
2017,"Sandyford, Dublin 18",Two bed,Apartment,1673.15,D18
2017,"Stepaside, Dublin 18",Two bed,Apartment,1481.3,D18
2017,Dublin 20,Two bed,Apartment,1275.41,D20
2017,"Chapelizod, Dublin 20",Two bed,Apartment,1303.21,D20
2017,"Palmerstown, Dublin 20",Two bed,Apartment,1473.17,D20
2017,Dublin 24,Two bed,Apartment,1246.3,D24
2017,"Ballycullen, Dublin 24",Two bed,Apartment,1350.99,D24
2017,"Citywest, Dublin 24",Two bed,Apartment,1268.28,D24
2017,"Tallaght, Dublin 24",Two bed,Apartment,1332.3,D24
2017,"Dun Laoghaire, Dublin",Two bed,Other flats,1312.03,D18
2017,Dublin 1,Two bed,Other flats,1209.27,D1
2017,Dublin 2,Two bed,Other flats,1519.29,D2
2017,Dublin 3,Two bed,Other flats,1220.2,D3
2017,"Drumcondra, Dublin 3",Two bed,Other flats,1145.61,D3
2017,Dublin 4,Two bed,Other flats,1392.13,D4
2017,"Ballsbridge, Dublin 4",Two bed,Other flats,1655.21,D4
2017,Dublin 6,Two bed,Other flats,1212.69,D6
2017,"Ranelagh, Dublin 6",Two bed,Other flats,1316.64,D6
2017,"Rathgar, Dublin 6",Two bed,Other flats,1340.72,D6
2017,"Rathmines, Dublin 6",Two bed,Other flats,1240.66,D6
2017,Dublin 7,Two bed,Other flats,1118.4,D7
2017,Dublin 8,Two bed,Other flats,1141.21,D8
2017,"Portobello, Dublin 8",Two bed,Other flats,928.54,D8
2017,Dublin 9,Two bed,Other flats,1175.63,D9
2017,"Drumcondra, Dublin 9",Two bed,Other flats,1154.43,D9
2017,Dublin 12,Two bed,Other flats,1163.13,D12
2017,Dublin 4,Three bed,Detached house,2757.5,D4
2017,Dublin 13,Three bed,Detached house,1544.21,D13
2017,Dublin 15,Three bed,Detached house,1421.47,D15
2017,Dublin 18,Three bed,Detached house,1958.3,D18
2017,Dublin 24,Three bed,Detached house,1322.76,D24
2017,"Tallaght, Dublin 24",Three bed,Detached house,1221.13,D24
2017,"Balbriggan, Dublin",Three bed,Semi detached house,1210.33,D1
2017,"Blackrock, Dublin",Three bed,Semi detached house,2018.69,D18
2017,"Donabate, Dublin",Three bed,Semi detached house,1351.81,D13
2017,"Dun Laoghaire, Dublin",Three bed,Semi detached house,1634.24,D18
2017,"Lucan, Dublin",Three bed,Semi detached house,1373.85,D20
2017,"Lusk, Dublin",Three bed,Semi detached house,1281.42,D1
2017,"Malahide, Dublin",Three bed,Semi detached house,1850.63,D17
2017,"Rush, Dublin",Three bed,Semi detached house,1202.48,D1
2017,"Saggart, Dublin",Three bed,Semi detached house,1214.09,D24
2017,"Shankill, Dublin",Three bed,Semi detached house,1562.88,D18
2017,"Skerries, Dublin",Three bed,Semi detached house,1365.94,D1
2017,"Stillorgan, Dublin",Three bed,Semi detached house,1844.93,D18
2017,"Swords, Dublin",Three bed,Semi detached house,1374.31,D17
2017,Dublin 3,Three bed,Semi detached house,1710.25,D3
2017,"Clontarf, Dublin 3",Three bed,Semi detached house,1973.62,D3
2017,"Drumcondra, Dublin 3",Three bed,Semi detached house,1799.25,D3
2017,Dublin 4,Three bed,Semi detached house,2547.64,D4
2017,"Ballsbridge, Dublin 4",Three bed,Semi detached house,3142.0,D4
2017,Dublin 5,Three bed,Semi detached house,1420.74,D5
2017,"Artane, Dublin 5",Three bed,Semi detached house,1464.82,D5
2017,"Raheny, Dublin 5",Three bed,Semi detached house,1561.68,D5
2017,Dublin 6,Three bed,Semi detached house,2132.37,D6
2017,"Ranelagh, Dublin 6",Three bed,Semi detached house,2396.14,D6
2017,"Rathgar, Dublin 6",Three bed,Semi detached house,2377.71,D6
2017,Dublin 6W,Three bed,Semi detached house,1712.17,D6W
2017,"Templeogue, Dublin 6W",Three bed,Semi detached house,1764.65,D6W
2017,"Terenure, Dublin 6W",Three bed,Semi detached house,1817.26,D6W
2017,Dublin 7,Three bed,Semi detached house,1514.8,D7
2017,"Cabra, Dublin 7",Three bed,Semi detached house,1573.3,D7
2017,"Navan Road, Dublin 7",Three bed,Semi detached house,1541.79,D7
2017,Dublin 8,Three bed,Semi detached house,1846.93,D8
2017,Dublin 9,Three bed,Semi detached house,1576.78,D9
2017,"Beaumont, Dublin 9",Three bed,Semi detached house,1638.57,D9
2017,"Drumcondra, Dublin 9",Three bed,Semi detached house,1775.43,D9
2017,"Glasnevin, Dublin 9",Three bed,Semi detached house,1565.85,D9
2017,"Santry, Dublin 9",Three bed,Semi detached house,1498.85,D9
2017,"Whitehall, Dublin 9",Three bed,Semi detached house,1471.88,D9
2017,Dublin 11,Three bed,Semi detached house,1360.94,D11
2017,"Finglas, Dublin 11",Three bed,Semi detached house,1354.76,D11
2017,"Glasnevin, Dublin 11",Three bed,Semi detached house,1457.99,D11
2017,Dublin 12,Three bed,Semi detached house,1387.92,D12
2017,"Crumlin, Dublin 12",Three bed,Semi detached house,1486.67,D12
2017,"Drimnagh, Dublin 12",Three bed,Semi detached house,1405.41,D12
2017,"Kimmage, Dublin 12",Three bed,Semi detached house,1474.41,D12
2017,"Walkinstown, Dublin 12",Three bed,Semi detached house,1319.14,D12
2017,Dublin 13,Three bed,Semi detached house,1384.64,D13
2017,"Donaghmede, Dublin 13",Three bed,Semi detached house,1346.76,D13
2017,Dublin 14,Three bed,Semi detached house,1900.04,D14
2017,"Churchtown, Dublin 14",Three bed,Semi detached house,1692.29,D14
2017,"Clonskeagh, Dublin 14",Three bed,Semi detached house,2142.79,D14
2017,"Dundrum, Dublin 14",Three bed,Semi detached house,1873.93,D14
2017,"Rathfarnham, Dublin 14",Three bed,Semi detached house,1740.24,D14
2017,Dublin 15,Three bed,Semi detached house,1308.65,D15
2017,"Blanchardstown, Dublin 15",Three bed,Semi detached house,1319.03,D15
2017,"Carpenterstown, Dublin 15",Three bed,Semi detached house,1420.32,D15
2017,"Castleknock, Dublin 15",Three bed,Semi detached house,1561.67,D15
2017,"Clonee, Dublin 15",Three bed,Semi detached house,1360.04,D15
2017,"Clonsilla, Dublin 15",Three bed,Semi detached house,1370.93,D15
2017,"Mulhuddart, Dublin 15",Three bed,Semi detached house,1265.85,D15
2017,"Tyrrelstown, Dublin 15",Three bed,Semi detached house,1409.25,D15
2017,Dublin 16,Three bed,Semi detached house,1571.82,D16
2017,"Ballinteer, Dublin 16",Three bed,Semi detached house,1686.99,D16
2017,"Dundrum, Dublin 16",Three bed,Semi detached house,1855.71,D16
2017,"Knocklyon, Dublin 16",Three bed,Semi detached house,1523.19,D16
2017,"Rathfarnham, Dublin 16",Three bed,Semi detached house,1718.7,D16
2017,Dublin 17,Three bed,Semi detached house,1360.1,D17
2017,Dublin 18,Three bed,Semi detached house,1739.86,D18
2017,"Cabinteely, Dublin 18",Three bed,Semi detached house,1714.77,D18
2017,"Leopardstown, Dublin 18",Three bed,Semi detached house,1766.76,D18
2017,"Sandyford, Dublin 18",Three bed,Semi detached house,1764.16,D18
2017,Dublin 20,Three bed,Semi detached house,1326.2,D20
2017,"Palmerstown, Dublin 20",Three bed,Semi detached house,1408.11,D20
2017,Dublin 24,Three bed,Semi detached house,1281.41,D24
2017,"Ballycullen, Dublin 24",Three bed,Semi detached house,1511.57,D24
2017,"Citywest, Dublin 24",Three bed,Semi detached house,1447.94,D24
2017,"Firhouse, Dublin 24",Three bed,Semi detached house,1427.52,D24
2017,"Tallaght, Dublin 24",Three bed,Semi detached house,1348.52,D24
2017,"Balbriggan, Dublin",Three bed,Terrace house,1232.98,D1
2017,"Blackrock, Dublin",Three bed,Terrace house,2028.84,D18
2017,"Dun Laoghaire, Dublin",Three bed,Terrace house,1648.4,D18
2017,"Lucan, Dublin",Three bed,Terrace house,1426.9,D20
2017,"Lusk, Dublin",Three bed,Terrace house,1257.88,D1
2017,"Malahide, Dublin",Three bed,Terrace house,1793.14,D17
2017,"Rush, Dublin",Three bed,Terrace house,1142.17,D1
2017,"Swords, Dublin",Three bed,Terrace house,1406.85,D17
2017,Dublin 2,Three bed,Terrace house,2040.15,D2
2017,Dublin 3,Three bed,Terrace house,1623.8,D3
2017,"Clontarf, Dublin 3",Three bed,Terrace house,1897.31,D3
2017,"Drumcondra, Dublin 3",Three bed,Terrace house,1584.43,D3
2017,"East Wall, Dublin 3",Three bed,Terrace house,1569.16,D3
2017,"Marino, Dublin 3",Three bed,Terrace house,1775.38,D3
2017,Dublin 4,Three bed,Terrace house,2406.93,D4
2017,"Ballsbridge, Dublin 4",Three bed,Terrace house,2879.99,D4
2017,"Donnybrook, Dublin 4",Three bed,Terrace house,2309.82,D4
2017,"Sandymount, Dublin 4",Three bed,Terrace house,2354.0,D4
2017,Dublin 5,Three bed,Terrace house,1386.39,D5
2017,"Artane, Dublin 5",Three bed,Terrace house,1456.35,D5
2017,"Raheny, Dublin 5",Three bed,Terrace house,1446.12,D5
2017,Dublin 6,Three bed,Terrace house,2102.81,D6
2017,"Harolds Cross, Dublin 6",Three bed,Terrace house,1863.15,D6
2017,"Ranelagh, Dublin 6",Three bed,Terrace house,2469.23,D6
2017,"Rathgar, Dublin 6",Three bed,Terrace house,2167.78,D6
2017,"Rathmines, Dublin 6",Three bed,Terrace house,2137.25,D6
2017,Dublin 6W,Three bed,Terrace house,1680.68,D6W
2017,"Harolds Cross, Dublin 6W",Three bed,Terrace house,1774.27,D6W
2017,"Terenure, Dublin 6W",Three bed,Terrace house,1774.63,D6W
2017,Dublin 7,Three bed,Terrace house,1465.52,D7
2017,"Cabra, Dublin 7",Three bed,Terrace house,1392.79,D7
2017,"Navan Road, Dublin 7",Three bed,Terrace house,1519.12,D7
2017,"Phibsboro, Dublin 7",Three bed,Terrace house,1544.82,D7
2017,Dublin 8,Three bed,Terrace house,1783.22,D8
2017,"Inchicore, Dublin 8",Three bed,Terrace house,1584.84,D8
2017,"Kilmainham , Dublin 8",Three bed,Terrace house,1638.97,D8
2017,Dublin 9,Three bed,Terrace house,1410.63,D9
2017,"Drumcondra, Dublin 9",Three bed,Terrace house,1530.1,D9
2017,"Glasnevin, Dublin 9",Three bed,Terrace house,1491.47,D9
2017,"Santry, Dublin 9",Three bed,Terrace house,1403.44,D9
2017,Dublin 10,Three bed,Terrace house,1056.08,D10
2017,"Ballyfermot, Dublin 10",Three bed,Terrace house,1164.82,D10
2017,Dublin 11,Three bed,Terrace house,1224.84,D11
2017,"Finglas, Dublin 11",Three bed,Terrace house,1248.1,D11
2017,"Glasnevin, Dublin 11",Three bed,Terrace house,1354.77,D11
2017,Dublin 12,Three bed,Terrace house,1316.98,D12
2017,"Crumlin, Dublin 12",Three bed,Terrace house,1418.88,D12
2017,"Drimnagh, Dublin 12",Three bed,Terrace house,1367.87,D12
2017,"Kimmage, Dublin 12",Three bed,Terrace house,1504.41,D12
2017,"Walkinstown, Dublin 12",Three bed,Terrace house,1375.47,D12
2017,Dublin 13,Three bed,Terrace house,1511.89,D13
2017,"Baldoyle, Dublin 13",Three bed,Terrace house,1566.56,D13
2017,"Balgriffin, Dublin 13",Three bed,Terrace house,1605.1,D13
2017,"Sutton, Dublin 13",Three bed,Terrace house,1526.94,D13
2017,Dublin 14,Three bed,Terrace house,1836.45,D14
2017,"Dundrum, Dublin 14",Three bed,Terrace house,2004.13,D14
2017,"Rathfarnham, Dublin 14",Three bed,Terrace house,1701.74,D14
2017,Dublin 15,Three bed,Terrace house,1309.95,D15
2017,"Blanchardstown, Dublin 15",Three bed,Terrace house,1301.0,D15
2017,"Castleknock, Dublin 15",Three bed,Terrace house,1580.82,D15
2017,"Clonsilla, Dublin 15",Three bed,Terrace house,1420.33,D15
2017,"Mulhuddart, Dublin 15",Three bed,Terrace house,1221.06,D15
2017,"Ongar, Dublin 15",Three bed,Terrace house,1387.16,D15
2017,"Tyrrelstown, Dublin 15",Three bed,Terrace house,1345.47,D15
2017,Dublin 16,Three bed,Terrace house,1526.01,D16
2017,"Dundrum, Dublin 16",Three bed,Terrace house,1970.83,D16
2017,"Rathfarnham, Dublin 16",Three bed,Terrace house,1654.32,D16
2017,Dublin 17,Three bed,Terrace house,1201.0,D17
2017,Dublin 18,Three bed,Terrace house,1767.9,D18
2017,Dublin 20,Three bed,Terrace house,1406.57,D20
2017,Dublin 24,Three bed,Terrace house,1239.77,D24
2017,"Citywest, Dublin 24",Three bed,Terrace house,1374.91,D24
2017,"Tallaght, Dublin 24",Three bed,Terrace house,1263.67,D24
2017,"Balbriggan, Dublin",Three bed,Apartment,1230.01,D1
2017,"Blackrock, Dublin",Three bed,Apartment,2262.27,D18
2017,"Dun Laoghaire, Dublin",Three bed,Apartment,2555.55,D18
2017,"Lucan, Dublin",Three bed,Apartment,1449.69,D20
2017,"Malahide, Dublin",Three bed,Apartment,1933.75,D17
2017,"Saggart, Dublin",Three bed,Apartment,1286.63,D24
2017,"Stillorgan, Dublin",Three bed,Apartment,2080.76,D18
2017,"Swords, Dublin",Three bed,Apartment,1493.49,D17
2017,Dublin 1,Three bed,Apartment,1995.51,D1
2017,"I.F.S.C., Dublin 1",Three bed,Apartment,2925.43,D1
2017,Dublin 2,Three bed,Apartment,2313.21,D2
2017,Dublin 3,Three bed,Apartment,1887.45,D3
2017,"Drumcondra, Dublin 3",Three bed,Apartment,1896.52,D3
2017,Dublin 4,Three bed,Apartment,2514.95,D4
2017,"Ballsbridge, Dublin 4",Three bed,Apartment,2804.26,D4
2017,"Sandymount, Dublin 4",Three bed,Apartment,2371.82,D4
2017,Dublin 5,Three bed,Apartment,1707.23,D5
2017,Dublin 6,Three bed,Apartment,2096.3,D6
2017,"Milltown, Dublin 6",Three bed,Apartment,2217.13,D6
2017,"Rathmines, Dublin 6",Three bed,Apartment,1841.79,D6
2017,Dublin 6W,Three bed,Apartment,1885.01,D6W
2017,"Terenure, Dublin 6W",Three bed,Apartment,2025.45,D6W
2017,Dublin 7,Three bed,Apartment,1792.32,D7
2017,"Smithfield, Dublin 7",Three bed,Apartment,2114.15,D7
2017,Dublin 8,Three bed,Apartment,1872.44,D8
2017,"Inchicore, Dublin 8",Three bed,Apartment,1636.49,D8
2017,"Islandbridge, Dublin 8",Three bed,Apartment,2253.17,D8
2017,"Kilmainham , Dublin 8",Three bed,Apartment,1837.39,D8
2017,Dublin 9,Three bed,Apartment,1640.79,D9
2017,"Drumcondra, Dublin 9",Three bed,Apartment,1909.8,D9
2017,"Santry, Dublin 9",Three bed,Apartment,1577.29,D9
2017,Dublin 11,Three bed,Apartment,1398.75,D11
2017,"Finglas, Dublin 11",Three bed,Apartment,1496.97,D11
2017,Dublin 12,Three bed,Apartment,1692.55,D12
2017,"Drimnagh, Dublin 12",Three bed,Apartment,1756.36,D12
2017,Dublin 13,Three bed,Apartment,1424.52,D13
2017,"Balgriffin, Dublin 13",Three bed,Apartment,1423.36,D13
2017,"Clongriffin, Dublin 13",Three bed,Apartment,1530.24,D13
2017,Dublin 14,Three bed,Apartment,2049.75,D14
2017,Dublin 15,Three bed,Apartment,1478.17,D15
2017,"Ashtown, Dublin 15",Three bed,Apartment,1683.02,D15
2017,"Blanchardstown, Dublin 15",Three bed,Apartment,1447.36,D15
2017,"Castleknock, Dublin 15",Three bed,Apartment,1675.44,D15
2017,Dublin 16,Three bed,Apartment,1915.37,D16
2017,"Dundrum, Dublin 16",Three bed,Apartment,2258.11,D16
2017,Dublin 18,Three bed,Apartment,2004.57,D18
2017,"Cabinteely, Dublin 18",Three bed,Apartment,1695.66,D18
2017,"Leopardstown, Dublin 18",Three bed,Apartment,2351.42,D18
2017,"Sandyford, Dublin 18",Three bed,Apartment,2022.66,D18
2017,Dublin 20,Three bed,Apartment,1681.59,D20
2017,"Chapelizod, Dublin 20",Three bed,Apartment,1673.13,D20
2017,Dublin 24,Three bed,Apartment,1456.7,D24
2017,"Citywest, Dublin 24",Three bed,Apartment,1522.43,D24
2017,"Tallaght, Dublin 24",Three bed,Apartment,1571.71,D24
2017,Dublin 6,Three bed,Other flats,1760.12,D6
2017,"Rathmines, Dublin 6",Three bed,Other flats,1703.57,D6
2017,"Blackrock, Dublin",Four plus bed,Detached house,3187.81,D18
2017,"Lucan, Dublin",Four plus bed,Detached house,1641.52,D20
2017,"Malahide, Dublin",Four plus bed,Detached house,3233.68,D17
2017,Dublin 4,Four plus bed,Detached house,3694.27,D4
2017,"Ballsbridge, Dublin 4",Four plus bed,Detached house,3735.94,D4
2017,Dublin 6,Four plus bed,Detached house,2638.33,D6
2017,Dublin 6W,Four plus bed,Detached house,2450.5,D6W
2017,Dublin 13,Four plus bed,Detached house,2465.43,D13
2017,Dublin 14,Four plus bed,Detached house,2667.01,D14
2017,Dublin 15,Four plus bed,Detached house,1875.77,D15
2017,"Castleknock, Dublin 15",Four plus bed,Detached house,2231.09,D15
2017,Dublin 16,Four plus bed,Detached house,1885.07,D16
2017,"Rathfarnham, Dublin 16",Four plus bed,Detached house,2322.7,D16
2017,Dublin 18,Four plus bed,Detached house,2679.33,D18
2017,"Foxrock, Dublin 18",Four plus bed,Detached house,3176.38,D18
2017,"Balbriggan, Dublin",Four plus bed,Semi detached house,1431.3,D1
2017,"Blackrock, Dublin",Four plus bed,Semi detached house,2704.56,D18
2017,"Booterstown, Dublin",Four plus bed,Semi detached house,2704.68,D4
2017,"Lucan, Dublin",Four plus bed,Semi detached house,1558.85,D20
2017,"Malahide, Dublin",Four plus bed,Semi detached house,2025.25,D17
2017,"Shankill, Dublin",Four plus bed,Semi detached house,1744.09,D18
2017,"Stillorgan, Dublin",Four plus bed,Semi detached house,2411.5,D18
2017,"Swords, Dublin",Four plus bed,Semi detached house,1605.57,D17
2017,Dublin 3,Four plus bed,Semi detached house,2309.24,D3
2017,"Clontarf, Dublin 3",Four plus bed,Semi detached house,2281.26,D3
2017,"Drumcondra, Dublin 3",Four plus bed,Semi detached house,2153.59,D3
2017,Dublin 4,Four plus bed,Semi detached house,3174.06,D4
2017,"Ballsbridge, Dublin 4",Four plus bed,Semi detached house,3482.53,D4
2017,"Sandymount, Dublin 4",Four plus bed,Semi detached house,2972.77,D4
2017,Dublin 5,Four plus bed,Semi detached house,1635.39,D5
2017,Dublin 6,Four plus bed,Semi detached house,2868.84,D6
2017,"Ranelagh, Dublin 6",Four plus bed,Semi detached house,3156.41,D6
2017,"Rathmines, Dublin 6",Four plus bed,Semi detached house,2803.88,D6
2017,Dublin 6W,Four plus bed,Semi detached house,2012.59,D6W
2017,"Templeogue, Dublin 6W",Four plus bed,Semi detached house,2052.15,D6W
2017,"Terenure, Dublin 6W",Four plus bed,Semi detached house,2417.87,D6W
2017,Dublin 7,Four plus bed,Semi detached house,1923.37,D7
2017,Dublin 9,Four plus bed,Semi detached house,1932.14,D9
2017,"Drumcondra, Dublin 9",Four plus bed,Semi detached house,2095.98,D9
2017,"Glasnevin, Dublin 9",Four plus bed,Semi detached house,2176.58,D9
2017,"Santry, Dublin 9",Four plus bed,Semi detached house,1940.28,D9
2017,Dublin 11,Four plus bed,Semi detached house,2026.86,D11
2017,Dublin 12,Four plus bed,Semi detached house,1926.17,D12
2017,Dublin 13,Four plus bed,Semi detached house,1977.2,D13
2017,"Balgriffin, Dublin 13",Four plus bed,Semi detached house,2162.31,D13
2017,Dublin 14,Four plus bed,Semi detached house,2453.5,D14
2017,"Clonskeagh, Dublin 14",Four plus bed,Semi detached house,2838.77,D14
2017,"Dundrum, Dublin 14",Four plus bed,Semi detached house,2358.0,D14
2017,"Goatstown, Dublin 14",Four plus bed,Semi detached house,2313.06,D14
2017,"Rathfarnham, Dublin 14",Four plus bed,Semi detached house,2152.86,D14
2017,Dublin 15,Four plus bed,Semi detached house,1543.55,D15
2017,"Castleknock, Dublin 15",Four plus bed,Semi detached house,1807.56,D15
2017,"Clonee, Dublin 15",Four plus bed,Semi detached house,1612.19,D15
2017,"Clonsilla, Dublin 15",Four plus bed,Semi detached house,1527.72,D15
2017,Dublin 16,Four plus bed,Semi detached house,2057.67,D16
2017,"Dundrum, Dublin 16",Four plus bed,Semi detached house,2386.55,D16
2017,"Knocklyon, Dublin 16",Four plus bed,Semi detached house,1842.37,D16
2017,"Rathfarnham, Dublin 16",Four plus bed,Semi detached house,2136.19,D16
2017,Dublin 18,Four plus bed,Semi detached house,2096.31,D18
2017,"Foxrock, Dublin 18",Four plus bed,Semi detached house,2392.47,D18
2017,"Leopardstown, Dublin 18",Four plus bed,Semi detached house,2261.68,D18
2017,"Sandyford, Dublin 18",Four plus bed,Semi detached house,2152.43,D18
2017,Dublin 24,Four plus bed,Semi detached house,1500.27,D24
2017,"Tallaght, Dublin 24",Four plus bed,Semi detached house,1503.94,D24
2017,Dublin 1,Four plus bed,Terrace house,2512.02,D1
2017,Dublin 3,Four plus bed,Terrace house,1869.25,D3
2017,"Drumcondra, Dublin 3",Four plus bed,Terrace house,2104.13,D3
2017,Dublin 4,Four plus bed,Terrace house,3067.4,D4
2017,"Ballsbridge, Dublin 4",Four plus bed,Terrace house,3532.39,D4
2017,Dublin 6,Four plus bed,Terrace house,2735.71,D6
2017,"Ranelagh, Dublin 6",Four plus bed,Terrace house,2983.12,D6
2017,"Rathmines, Dublin 6",Four plus bed,Terrace house,2669.59,D6
2017,Dublin 6W,Four plus bed,Terrace house,2291.0,D6W
2017,"Terenure, Dublin 6W",Four plus bed,Terrace house,2524.52,D6W
2017,Dublin 7,Four plus bed,Terrace house,1892.47,D7
2017,Dublin 8,Four plus bed,Terrace house,2148.03,D8
2017,Dublin 9,Four plus bed,Terrace house,2052.3,D9
2017,"Drumcondra, Dublin 9",Four plus bed,Terrace house,2059.63,D9
2017,"Glasnevin, Dublin 9",Four plus bed,Terrace house,2020.24,D9
2017,Dublin 11,Four plus bed,Terrace house,1521.62,D11
2017,Dublin 12,Four plus bed,Terrace house,1508.5,D12
2017,Dublin 13,Four plus bed,Terrace house,1759.3,D13
2017,"Balgriffin, Dublin 13",Four plus bed,Terrace house,1844.77,D13
2017,Dublin 14,Four plus bed,Terrace house,2358.91,D14
2017,Dublin 15,Four plus bed,Terrace house,1495.07,D15
2017,"Tyrrelstown, Dublin 15",Four plus bed,Terrace house,1506.61,D15
2017,Dublin 24,Four plus bed,Terrace house,1509.91,D24
2017,"I.F.S.C., Dublin 1",Four plus bed,Apartment,5538.88,D1
2018,Dublin 1,One bed,Terrace house,968.53,D1
2018,Dublin 3,One bed,Terrace house,1083.51,D3
2018,Dublin 4,One bed,Terrace house,1493.09,D4
2018,Dublin 6,One bed,Terrace house,1038.17,D6
2018,"Rathmines, Dublin 6",One bed,Terrace house,958.7,D6
2018,Dublin 7,One bed,Terrace house,945.04,D7
2018,Dublin 8,One bed,Terrace house,1212.39,D8
2018,"Balbriggan, Dublin",One bed,Apartment,967.54,D1
2018,"Blackrock, Dublin",One bed,Apartment,1424.06,D18
2018,"Booterstown, Dublin",One bed,Apartment,1497.96,D4
2018,"Donabate, Dublin",One bed,Apartment,1017.67,D13
2018,"Dun Laoghaire, Dublin",One bed,Apartment,1494.14,D18
2018,"Lucan, Dublin",One bed,Apartment,1106.16,D20
2018,"Malahide, Dublin",One bed,Apartment,1376.87,D17
2018,"Monkstown, Dublin",One bed,Apartment,1241.8,D18
2018,"Portmarnock, Dublin",One bed,Apartment,1279.43,D13
2018,"Stillorgan, Dublin",One bed,Apartment,1449.04,D18
2018,"Swords, Dublin",One bed,Apartment,1158.51,D17
2018,Dublin 1,One bed,Apartment,1346.47,D1
2018,"I.F.S.C., Dublin 1",One bed,Apartment,1497.19,D1
2018,"Parnell Street, Dublin 1",One bed,Apartment,1435.99,D1
2018,Dublin 2,One bed,Apartment,1508.2,D2
2018,"Temple Bar, Dublin 2",One bed,Apartment,1514.7,D2
2018,"Townsend Street, Dublin 2",One bed,Apartment,1569.03,D2
2018,Dublin 3,One bed,Apartment,1308.9,D3
2018,"Clontarf, Dublin 3",One bed,Apartment,1347.83,D3
2018,"Drumcondra, Dublin 3",One bed,Apartment,1159.63,D3
2018,"East Wall, Dublin 3",One bed,Apartment,1293.15,D3
2018,"Fairview, Dublin 3",One bed,Apartment,1265.01,D3
2018,Dublin 4,One bed,Apartment,1502.86,D4
2018,"Ballsbridge, Dublin 4",One bed,Apartment,1590.53,D4
2018,"Donnybrook, Dublin 4",One bed,Apartment,1501.95,D4
2018,"Merrion, Dublin 4",One bed,Apartment,1449.52,D4
2018,"Ringsend, Dublin 4",One bed,Apartment,1481.42,D4
2018,"Sandymount, Dublin 4",One bed,Apartment,1421.98,D4
2018,Dublin 5,One bed,Apartment,1029.3,D5
2018,"Raheny, Dublin 5",One bed,Apartment,1186.83,D5
2018,Dublin 6,One bed,Apartment,1369.55,D6
2018,"Harolds Cross, Dublin 6",One bed,Apartment,1203.89,D6
2018,"Milltown, Dublin 6",One bed,Apartment,1568.54,D6
2018,"Ranelagh, Dublin 6",One bed,Apartment,1416.54,D6
2018,"Rathgar, Dublin 6",One bed,Apartment,1296.74,D6
2018,"Rathmines, Dublin 6",One bed,Apartment,1304.33,D6
2018,Dublin 6W,One bed,Apartment,1315.6,D6W
2018,"Harolds Cross, Dublin 6W",One bed,Apartment,1220.72,D6W
2018,"Terenure, Dublin 6W",One bed,Apartment,1362.63,D6W
2018,Dublin 7,One bed,Apartment,1184.95,D7
2018,"Cabra, Dublin 7",One bed,Apartment,1082.54,D7
2018,"Phibsboro, Dublin 7",One bed,Apartment,1127.92,D7
2018,"Smithfield, Dublin 7",One bed,Apartment,1363.6,D7
2018,Dublin 8,One bed,Apartment,1319.07,D8
2018,"Christchurch, Dublin 8",One bed,Apartment,1429.39,D8
2018,"Cork Street, Dublin 8",One bed,Apartment,1318.05,D8
2018,"Inchicore, Dublin 8",One bed,Apartment,1235.06,D8
2018,"Islandbridge, Dublin 8",One bed,Apartment,1537.08,D8
2018,"Kilmainham , Dublin 8",One bed,Apartment,1308.1,D8
2018,"Portobello, Dublin 8",One bed,Apartment,1281.31,D8
2018,"Rialto, Dublin 8",One bed,Apartment,1258.07,D8
2018,"South Circular Road, Dublin 8",One bed,Apartment,1203.44,D8
2018,Dublin 9,One bed,Apartment,1171.76,D9
2018,"Ballymun, Dublin 9",One bed,Apartment,1234.35,D9
2018,"Beaumont, Dublin 9",One bed,Apartment,1193.91,D9
2018,"Drumcondra, Dublin 9",One bed,Apartment,1154.57,D9
2018,"Glasnevin, Dublin 9",One bed,Apartment,1148.13,D9
2018,"Santry, Dublin 9",One bed,Apartment,1221.91,D9
2018,Dublin 10,One bed,Apartment,1127.34,D10
2018,Dublin 11,One bed,Apartment,1156.23,D11
2018,"Finglas, Dublin 11",One bed,Apartment,1235.75,D11
2018,"Glasnevin, Dublin 11",One bed,Apartment,1197.52,D11
2018,Dublin 12,One bed,Apartment,1167.73,D12
2018,"Drimnagh, Dublin 12",One bed,Apartment,1247.66,D12
2018,"Kimmage, Dublin 12",One bed,Apartment,1237.93,D12
2018,Dublin 13,One bed,Apartment,1212.98,D13
2018,"Baldoyle, Dublin 13",One bed,Apartment,1238.32,D13
2018,"Clongriffin, Dublin 13",One bed,Apartment,1191.41,D13
2018,Dublin 14,One bed,Apartment,1436.51,D14
2018,"Clonskeagh, Dublin 14",One bed,Apartment,1362.19,D14
2018,"Dundrum, Dublin 14",One bed,Apartment,1506.83,D14
2018,"Rathfarnham, Dublin 14",One bed,Apartment,1436.92,D14
2018,Dublin 15,One bed,Apartment,1181.03,D15
2018,"Ashtown, Dublin 15",One bed,Apartment,1268.36,D15
2018,"Blanchardstown, Dublin 15",One bed,Apartment,1122.81,D15
2018,"Castleknock, Dublin 15",One bed,Apartment,1354.92,D15
2018,"Ongar, Dublin 15",One bed,Apartment,1138.67,D15
2018,"Royal Canal Park, Dublin 15",One bed,Apartment,1239.73,D15
2018,Dublin 16,One bed,Apartment,1362.68,D16
2018,"Dundrum, Dublin 16",One bed,Apartment,1528.96,D16
2018,"Rathfarnham, Dublin 16",One bed,Apartment,1368.82,D16
2018,Dublin 17,One bed,Apartment,1168.02,D17
2018,"Malahide Road, Dublin 17",One bed,Apartment,1200.09,D17
2018,Dublin 18,One bed,Apartment,1421.09,D18
2018,"Carrickmines, Dublin 18",One bed,Apartment,1380.11,D18
2018,"Leopardstown, Dublin 18",One bed,Apartment,1698.7,D18
2018,"Sandyford, Dublin 18",One bed,Apartment,1480.57,D18
2018,"Stepaside, Dublin 18",One bed,Apartment,1316.09,D18
2018,Dublin 20,One bed,Apartment,1220.93,D20
2018,"Chapelizod, Dublin 20",One bed,Apartment,1193.56,D20
2018,Dublin 24,One bed,Apartment,1136.63,D24
2018,"Tallaght, Dublin 24",One bed,Apartment,1193.76,D24
2018,"Dun Laoghaire, Dublin",One bed,Other flats,973.86,D18
2018,"Monkstown, Dublin",One bed,Other flats,1088.22,D18
2018,Dublin 1,One bed,Other flats,912.46,D1
2018,Dublin 2,One bed,Other flats,1292.43,D2
2018,Dublin 3,One bed,Other flats,953.62,D3
2018,"Clontarf, Dublin 3",One bed,Other flats,956.42,D3
2018,"Drumcondra, Dublin 3",One bed,Other flats,924.24,D3
2018,"Fairview, Dublin 3",One bed,Other flats,857.87,D3
2018,"North Strand, Dublin 3",One bed,Other flats,1044.33,D3
2018,Dublin 4,One bed,Other flats,1053.14,D4
2018,"Ballsbridge, Dublin 4",One bed,Other flats,1057.92,D4
2018,"Donnybrook, Dublin 4",One bed,Other flats,1026.12,D4
2018,Dublin 6,One bed,Other flats,980.53,D6
2018,"Harolds Cross, Dublin 6",One bed,Other flats,961.31,D6
2018,"Ranelagh, Dublin 6",One bed,Other flats,1014.56,D6
2018,"Rathgar, Dublin 6",One bed,Other flats,983.87,D6
2018,"Rathmines, Dublin 6",One bed,Other flats,946.97,D6
2018,Dublin 6W,One bed,Other flats,920.46,D6W
2018,"Harolds Cross, Dublin 6W",One bed,Other flats,963.24,D6W
2018,"Terenure, Dublin 6W",One bed,Other flats,968.6,D6W
2018,Dublin 7,One bed,Other flats,899.12,D7
2018,"Cabra, Dublin 7",One bed,Other flats,901.04,D7
2018,"North Circular Road, Dublin 7",One bed,Other flats,884.95,D7
2018,"Phibsboro, Dublin 7",One bed,Other flats,780.2,D7
2018,Dublin 8,One bed,Other flats,969.01,D8
2018,"Portobello, Dublin 8",One bed,Other flats,962.62,D8
2018,"Rialto, Dublin 8",One bed,Other flats,932.18,D8
2018,"South Circular Road, Dublin 8",One bed,Other flats,850.98,D8
2018,Dublin 9,One bed,Other flats,978.75,D9
2018,"Drumcondra, Dublin 9",One bed,Other flats,990.81,D9
2018,"Glasnevin, Dublin 9",One bed,Other flats,960.26,D9
2018,Dublin 11,One bed,Other flats,981.01,D11
2018,Dublin 12,One bed,Other flats,937.54,D12
2018,"Balbriggan, Dublin",Two bed,Semi detached house,1161.4,D1
2018,"Blackrock, Dublin",Two bed,Semi detached house,1698.07,D18
2018,"Lucan, Dublin",Two bed,Semi detached house,1318.85,D20
2018,Dublin 3,Two bed,Semi detached house,1610.3,D3
2018,Dublin 4,Two bed,Semi detached house,2160.96,D4
2018,"Ballsbridge, Dublin 4",Two bed,Semi detached house,2161.44,D4
2018,Dublin 5,Two bed,Semi detached house,1591.98,D5
2018,Dublin 6,Two bed,Semi detached house,1884.76,D6
2018,Dublin 7,Two bed,Semi detached house,1448.54,D7
2018,Dublin 8,Two bed,Semi detached house,1552.14,D8
2018,Dublin 9,Two bed,Semi detached house,1593.1,D9
2018,Dublin 12,Two bed,Semi detached house,1414.59,D12
2018,"Crumlin, Dublin 12",Two bed,Semi detached house,1327.66,D12
2018,Dublin 14,Two bed,Semi detached house,1801.53,D14
2018,Dublin 15,Two bed,Semi detached house,1306.36,D15
2018,Dublin 24,Two bed,Semi detached house,1529.55,D24
2018,"Balbriggan, Dublin",Two bed,Terrace house,1207.43,D1
2018,"Blackrock, Dublin",Two bed,Terrace house,1693.07,D18
2018,"Dun Laoghaire, Dublin",Two bed,Terrace house,1439.36,D18
2018,"Lucan, Dublin",Two bed,Terrace house,1293.93,D20
2018,"Monkstown, Dublin",Two bed,Terrace house,1645.58,D18
2018,"Swords, Dublin",Two bed,Terrace house,1377.01,D17
2018,Dublin 1,Two bed,Terrace house,1529.42,D1
2018,Dublin 2,Two bed,Terrace house,1863.83,D2
2018,Dublin 3,Two bed,Terrace house,1472.17,D3
2018,"Clontarf, Dublin 3",Two bed,Terrace house,1668.69,D3
2018,"Drumcondra, Dublin 3",Two bed,Terrace house,1597.06,D3
2018,"East Wall, Dublin 3",Two bed,Terrace house,1442.59,D3
2018,"North Strand, Dublin 3",Two bed,Terrace house,1342.56,D3
2018,Dublin 4,Two bed,Terrace house,1976.41,D4
2018,"Ballsbridge, Dublin 4",Two bed,Terrace house,2179.86,D4
2018,"Donnybrook, Dublin 4",Two bed,Terrace house,1899.58,D4
2018,"Ringsend, Dublin 4",Two bed,Terrace house,1841.68,D4
2018,"Sandymount, Dublin 4",Two bed,Terrace house,2033.7,D4
2018,Dublin 5,Two bed,Terrace house,1476.15,D5
2018,Dublin 6,Two bed,Terrace house,1706.18,D6
2018,"Harolds Cross, Dublin 6",Two bed,Terrace house,1573.77,D6
2018,"Milltown, Dublin 6",Two bed,Terrace house,1747.48,D6
2018,"Ranelagh, Dublin 6",Two bed,Terrace house,1975.57,D6
2018,"Rathgar, Dublin 6",Two bed,Terrace house,1699.88,D6
2018,"Rathmines, Dublin 6",Two bed,Terrace house,1734.26,D6
2018,Dublin 6W,Two bed,Terrace house,1526.78,D6W
2018,"Harolds Cross, Dublin 6W",Two bed,Terrace house,1427.78,D6W
2018,Dublin 7,Two bed,Terrace house,1411.47,D7
2018,"Cabra, Dublin 7",Two bed,Terrace house,1435.97,D7
2018,"Phibsboro, Dublin 7",Two bed,Terrace house,1466.53,D7
2018,"Stoneybatter, Dublin 7",Two bed,Terrace house,1504.01,D7
2018,Dublin 8,Two bed,Terrace house,1593.22,D8
2018,"Inchicore, Dublin 8",Two bed,Terrace house,1501.04,D8
2018,"Kilmainham , Dublin 8",Two bed,Terrace house,1557.8,D8
2018,"Portobello, Dublin 8",Two bed,Terrace house,1965.57,D8
2018,Dublin 9,Two bed,Terrace house,1438.26,D9
2018,"Drumcondra, Dublin 9",Two bed,Terrace house,1556.17,D9
2018,"Whitehall, Dublin 9",Two bed,Terrace house,1384.07,D9
2018,Dublin 10,Two bed,Terrace house,1337.24,D10
2018,"Ballyfermot, Dublin 10",Two bed,Terrace house,1345.99,D10
2018,Dublin 11,Two bed,Terrace house,1362.82,D11
2018,"Finglas, Dublin 11",Two bed,Terrace house,1363.0,D11
2018,Dublin 12,Two bed,Terrace house,1283.1,D12
2018,"Crumlin, Dublin 12",Two bed,Terrace house,1361.28,D12
2018,"Drimnagh, Dublin 12",Two bed,Terrace house,1386.12,D12
2018,"Kimmage, Dublin 12",Two bed,Terrace house,1499.9,D12
2018,Dublin 13,Two bed,Terrace house,1536.18,D13
2018,Dublin 14,Two bed,Terrace house,1705.14,D14
2018,Dublin 15,Two bed,Terrace house,1269.89,D15
2018,"Castleknock, Dublin 15",Two bed,Terrace house,1344.8,D15
2018,"Clonee, Dublin 15",Two bed,Terrace house,1473.29,D15
2018,"Clonsilla, Dublin 15",Two bed,Terrace house,1241.63,D15
2018,Dublin 16,Two bed,Terrace house,1724.39,D16
2018,"Rathfarnham, Dublin 16",Two bed,Terrace house,1621.95,D16
2018,Dublin 18,Two bed,Terrace house,1729.12,D18
2018,Dublin 24,Two bed,Terrace house,1237.14,D24
2018,"Balbriggan, Dublin",Two bed,Apartment,1140.23,D1
2018,"Blackrock, Dublin",Two bed,Apartment,1755.23,D18
2018,"Booterstown, Dublin",Two bed,Apartment,1816.16,D4
2018,"Dalkey, Dublin",Two bed,Apartment,1869.16,D18
2018,"Donabate, Dublin",Two bed,Apartment,1289.17,D13
2018,"Dun Laoghaire, Dublin",Two bed,Apartment,1929.95,D18
2018,"Howth, Dublin",Two bed,Apartment,1691.3,D13
2018,"Killiney, Dublin",Two bed,Apartment,1953.26,D18
2018,"Kinsealy, Dublin",Two bed,Apartment,1376.4,D17
2018,"Lucan, Dublin",Two bed,Apartment,1446.17,D20
2018,"Malahide, Dublin",Two bed,Apartment,1613.33,D17
2018,"Monkstown, Dublin",Two bed,Apartment,1620.08,D18
2018,"Portmarnock, Dublin",Two bed,Apartment,1497.8,D13
2018,"Rathcoole, Dublin",Two bed,Apartment,1302.97,D24
2018,"Rush, Dublin",Two bed,Apartment,1129.59,D1
2018,"Saggart, Dublin",Two bed,Apartment,1413.48,D24
2018,"Shankill, Dublin",Two bed,Apartment,1473.84,D18
2018,"Skerries, Dublin",Two bed,Apartment,1263.93,D1
2018,"Stillorgan, Dublin",Two bed,Apartment,1779.21,D18
2018,"Swords, Dublin",Two bed,Apartment,1392.92,D17
2018,Dublin 1,Two bed,Apartment,1727.46,D1
2018,"I.F.S.C., Dublin 1",Two bed,Apartment,2180.07,D1
2018,"Parnell Street, Dublin 1",Two bed,Apartment,1735.67,D1
2018,"Spencer Dock, Dublin 1",Two bed,Apartment,2023.59,D1
2018,Dublin 2,Two bed,Apartment,2178.52,D2
2018,"Grand Canal Dock, Dublin 2",Two bed,Apartment,2431.22,D2
2018,"Grand Canal Square, Dublin 2",Two bed,Apartment,2898.25,D2
2018,"Temple Bar, Dublin 2",Two bed,Apartment,1869.82,D2
2018,"Townsend Street, Dublin 2",Two bed,Apartment,1884.77,D2
2018,Dublin 3,Two bed,Apartment,1609.44,D3
2018,"Clontarf, Dublin 3",Two bed,Apartment,1676.09,D3
2018,"Drumcondra, Dublin 3",Two bed,Apartment,1608.58,D3
2018,"East Wall, Dublin 3",Two bed,Apartment,1709.51,D3
2018,"Fairview, Dublin 3",Two bed,Apartment,1520.63,D3
2018,Dublin 4,Two bed,Apartment,2053.75,D4
2018,"Ballsbridge, Dublin 4",Two bed,Apartment,2307.76,D4
2018,"Donnybrook, Dublin 4",Two bed,Apartment,1903.11,D4
2018,"Merrion, Dublin 4",Two bed,Apartment,1939.02,D4
2018,"Pembroke, Dublin 4",Two bed,Apartment,2198.53,D4
2018,"Ringsend, Dublin 4",Two bed,Apartment,1836.22,D4
2018,"Sandymount, Dublin 4",Two bed,Apartment,1817.47,D4
2018,Dublin 5,Two bed,Apartment,1467.28,D5
2018,"Artane, Dublin 5",Two bed,Apartment,1459.19,D5
2018,"Killester, Dublin 5",Two bed,Apartment,1358.6,D5
2018,"Raheny, Dublin 5",Two bed,Apartment,1601.84,D5
2018,Dublin 6,Two bed,Apartment,1763.17,D6
2018,"Dartry, Dublin 6",Two bed,Apartment,1752.41,D6
2018,"Milltown, Dublin 6",Two bed,Apartment,1975.7,D6
2018,"Ranelagh, Dublin 6",Two bed,Apartment,1820.32,D6
2018,"Rathgar, Dublin 6",Two bed,Apartment,1988.16,D6
2018,"Rathmines, Dublin 6",Two bed,Apartment,1616.88,D6
2018,"Terenure, Dublin 6",Two bed,Apartment,1592.53,D6
2018,Dublin 6W,Two bed,Apartment,1727.09,D6W
2018,"Terenure, Dublin 6W",Two bed,Apartment,1714.94,D6W
2018,Dublin 7,Two bed,Apartment,1510.1,D7
2018,"Navan Road, Dublin 7",Two bed,Apartment,1445.74,D7
2018,"Phibsboro, Dublin 7",Two bed,Apartment,1358.04,D7
2018,"Smithfield, Dublin 7",Two bed,Apartment,1696.47,D7
2018,Dublin 8,Two bed,Apartment,1487.78,D8
2018,"Christchurch, Dublin 8",Two bed,Apartment,1664.6,D8
2018,"Cork Street, Dublin 8",Two bed,Apartment,1536.07,D8
2018,"Inchicore, Dublin 8",Two bed,Apartment,1441.55,D8
2018,"Islandbridge, Dublin 8",Two bed,Apartment,1817.61,D8
2018,"Kilmainham , Dublin 8",Two bed,Apartment,1625.94,D8
2018,"Portobello, Dublin 8",Two bed,Apartment,1692.59,D8
2018,"Rialto, Dublin 8",Two bed,Apartment,1508.65,D8
2018,"South Circular Road, Dublin 8",Two bed,Apartment,1499.22,D8
2018,Dublin 9,Two bed,Apartment,1429.35,D9
2018,"Ballymun, Dublin 9",Two bed,Apartment,1313.16,D9
2018,"Beaumont, Dublin 9",Two bed,Apartment,1501.9,D9
2018,"Drumcondra, Dublin 9",Two bed,Apartment,1509.86,D9
2018,"Glasnevin, Dublin 9",Two bed,Apartment,1442.16,D9
2018,"Santry, Dublin 9",Two bed,Apartment,1460.2,D9
2018,"Whitehall, Dublin 9",Two bed,Apartment,1625.29,D9
2018,Dublin 10,Two bed,Apartment,1328.88,D10
2018,"Cherry Orchard, Dublin 10",Two bed,Apartment,1336.71,D10
2018,Dublin 11,Two bed,Apartment,1291.51,D11
2018,"Ballymun, Dublin 11",Two bed,Apartment,1284.97,D11
2018,"Finglas, Dublin 11",Two bed,Apartment,1402.92,D11
2018,"Glasnevin, Dublin 11",Two bed,Apartment,1432.03,D11
2018,Dublin 12,Two bed,Apartment,1403.01,D12
2018,"Crumlin, Dublin 12",Two bed,Apartment,1366.88,D12
2018,"Drimnagh, Dublin 12",Two bed,Apartment,1554.35,D12
2018,"Kimmage, Dublin 12",Two bed,Apartment,1561.99,D12
2018,Dublin 13,Two bed,Apartment,1489.21,D13
2018,"Baldoyle, Dublin 13",Two bed,Apartment,1549.44,D13
2018,"Balgriffin, Dublin 13",Two bed,Apartment,1390.65,D13
2018,"Clongriffin, Dublin 13",Two bed,Apartment,1529.4,D13
2018,"Donaghmede, Dublin 13",Two bed,Apartment,1445.51,D13
2018,"Sutton, Dublin 13",Two bed,Apartment,1705.31,D13
2018,Dublin 14,Two bed,Apartment,1719.54,D14
2018,"Churchtown, Dublin 14",Two bed,Apartment,1623.66,D14
2018,"Clonskeagh, Dublin 14",Two bed,Apartment,1740.76,D14
2018,"Dundrum, Dublin 14",Two bed,Apartment,1770.43,D14
2018,"Goatstown, Dublin 14",Two bed,Apartment,1881.68,D14
2018,"Rathfarnham, Dublin 14",Two bed,Apartment,1585.51,D14
2018,Dublin 15,Two bed,Apartment,1490.05,D15
2018,"Ashtown, Dublin 15",Two bed,Apartment,1524.56,D15
2018,"Blanchardstown, Dublin 15",Two bed,Apartment,1422.83,D15
2018,"Carpenterstown, Dublin 15",Two bed,Apartment,1514.24,D15
2018,"Castleknock, Dublin 15",Two bed,Apartment,1610.84,D15
2018,"Clonee, Dublin 15",Two bed,Apartment,1266.56,D15
2018,"Clonsilla, Dublin 15",Two bed,Apartment,1422.66,D15
2018,"Ongar, Dublin 15",Two bed,Apartment,1334.47,D15
2018,"Porterstown, Dublin 15",Two bed,Apartment,1491.81,D15
2018,"Royal Canal Park, Dublin 15",Two bed,Apartment,1388.7,D15
2018,"Tyrrelstown, Dublin 15",Two bed,Apartment,1198.0,D15
2018,Dublin 16,Two bed,Apartment,1668.13,D16
2018,"Ballinteer, Dublin 16",Two bed,Apartment,1666.53,D16
2018,"Dundrum, Dublin 16",Two bed,Apartment,1788.37,D16
2018,"Knocklyon, Dublin 16",Two bed,Apartment,1640.18,D16
2018,"Rathfarnham, Dublin 16",Two bed,Apartment,1586.39,D16
2018,Dublin 17,Two bed,Apartment,1315.85,D17
2018,"Malahide Road, Dublin 17",Two bed,Apartment,1630.6,D17
2018,"Northern Cross, Dublin 17",Two bed,Apartment,1397.8,D17
2018,Dublin 18,Two bed,Apartment,1682.94,D18
2018,"Cabinteely, Dublin 18",Two bed,Apartment,1499.27,D18
2018,"Carrickmines, Dublin 18",Two bed,Apartment,1708.72,D18
2018,"Leopardstown, Dublin 18",Two bed,Apartment,1936.93,D18
2018,"Sandyford, Dublin 18",Two bed,Apartment,1754.39,D18
2018,"Stepaside, Dublin 18",Two bed,Apartment,1577.78,D18
2018,Dublin 20,Two bed,Apartment,1334.28,D20
2018,"Chapelizod, Dublin 20",Two bed,Apartment,1431.33,D20
2018,"Palmerstown, Dublin 20",Two bed,Apartment,1550.61,D20
2018,Dublin 24,Two bed,Apartment,1311.27,D24
2018,"Ballycullen, Dublin 24",Two bed,Apartment,1456.41,D24
2018,"Citywest, Dublin 24",Two bed,Apartment,1379.43,D24
2018,"Tallaght, Dublin 24",Two bed,Apartment,1426.45,D24
2018,"Dun Laoghaire, Dublin",Two bed,Other flats,1352.7,D18
2018,Dublin 1,Two bed,Other flats,1311.24,D1
2018,Dublin 2,Two bed,Other flats,1654.15,D2
2018,Dublin 3,Two bed,Other flats,1124.94,D3
2018,"Drumcondra, Dublin 3",Two bed,Other flats,1175.73,D3
2018,Dublin 4,Two bed,Other flats,1592.56,D4
2018,"Ballsbridge, Dublin 4",Two bed,Other flats,1778.85,D4
2018,Dublin 6,Two bed,Other flats,1371.06,D6
2018,"Ranelagh, Dublin 6",Two bed,Other flats,1374.83,D6
2018,"Rathgar, Dublin 6",Two bed,Other flats,1445.53,D6
2018,"Rathmines, Dublin 6",Two bed,Other flats,1355.38,D6
2018,Dublin 7,Two bed,Other flats,1235.65,D7
2018,Dublin 8,Two bed,Other flats,1275.63,D8
2018,Dublin 9,Two bed,Other flats,1190.6,D9
2018,Dublin 15,Two bed,Other flats,1250.47,D15
2018,Dublin 4,Three bed,Detached house,3024.11,D4
2018,Dublin 15,Three bed,Detached house,1429.9,D15
2018,Dublin 18,Three bed,Detached house,2031.79,D18
2018,Dublin 24,Three bed,Detached house,1344.59,D24
2018,"Balbriggan, Dublin",Three bed,Semi detached house,1323.73,D1
2018,"Blackrock, Dublin",Three bed,Semi detached house,2164.08,D18
2018,"Dun Laoghaire, Dublin",Three bed,Semi detached house,2114.0,D18
2018,"Lucan, Dublin",Three bed,Semi detached house,1520.22,D20
2018,"Lusk, Dublin",Three bed,Semi detached house,1394.86,D1
2018,"Malahide, Dublin",Three bed,Semi detached house,1973.21,D17
2018,"Rush, Dublin",Three bed,Semi detached house,1410.04,D1
2018,"Shankill, Dublin",Three bed,Semi detached house,1694.44,D18
2018,"Skerries, Dublin",Three bed,Semi detached house,1471.77,D1
2018,"Stillorgan, Dublin",Three bed,Semi detached house,1931.48,D18
2018,"Swords, Dublin",Three bed,Semi detached house,1479.21,D17
2018,Dublin 3,Three bed,Semi detached house,1719.55,D3
2018,"Clontarf, Dublin 3",Three bed,Semi detached house,2064.77,D3
2018,"Drumcondra, Dublin 3",Three bed,Semi detached house,1896.15,D3
2018,Dublin 4,Three bed,Semi detached house,2990.52,D4
2018,"Ballsbridge, Dublin 4",Three bed,Semi detached house,3132.27,D4
2018,"Sandymount, Dublin 4",Three bed,Semi detached house,2877.52,D4
2018,Dublin 5,Three bed,Semi detached house,1564.79,D5
2018,"Artane, Dublin 5",Three bed,Semi detached house,1677.13,D5
2018,"Raheny, Dublin 5",Three bed,Semi detached house,1694.33,D5
2018,Dublin 6,Three bed,Semi detached house,2403.19,D6
2018,"Harolds Cross, Dublin 6",Three bed,Semi detached house,1982.74,D6
2018,"Ranelagh, Dublin 6",Three bed,Semi detached house,2726.86,D6
2018,"Rathgar, Dublin 6",Three bed,Semi detached house,2374.67,D6
2018,Dublin 6W,Three bed,Semi detached house,2007.8,D6W
2018,"Templeogue, Dublin 6W",Three bed,Semi detached house,1841.14,D6W
2018,"Terenure, Dublin 6W",Three bed,Semi detached house,2045.68,D6W
2018,Dublin 7,Three bed,Semi detached house,1665.09,D7
2018,"Cabra, Dublin 7",Three bed,Semi detached house,1576.67,D7
2018,"Navan Road, Dublin 7",Three bed,Semi detached house,1864.42,D7
2018,Dublin 8,Three bed,Semi detached house,2047.0,D8
2018,Dublin 9,Three bed,Semi detached house,1775.1,D9
2018,"Beaumont, Dublin 9",Three bed,Semi detached house,1828.34,D9
2018,"Drumcondra, Dublin 9",Three bed,Semi detached house,1888.67,D9
2018,"Glasnevin, Dublin 9",Three bed,Semi detached house,1709.81,D9
2018,"Santry, Dublin 9",Three bed,Semi detached house,1702.01,D9
2018,"Whitehall, Dublin 9",Three bed,Semi detached house,1553.67,D9
2018,Dublin 10,Three bed,Semi detached house,1322.39,D10
2018,"Ballyfermot, Dublin 10",Three bed,Semi detached house,1238.57,D10
2018,Dublin 11,Three bed,Semi detached house,1455.12,D11
2018,"Finglas, Dublin 11",Three bed,Semi detached house,1494.5,D11
2018,"Glasnevin, Dublin 11",Three bed,Semi detached house,1595.3,D11
2018,Dublin 12,Three bed,Semi detached house,1549.41,D12
2018,"Crumlin, Dublin 12",Three bed,Semi detached house,1569.17,D12
2018,"Drimnagh, Dublin 12",Three bed,Semi detached house,1469.44,D12
2018,"Walkinstown, Dublin 12",Three bed,Semi detached house,1469.54,D12
2018,Dublin 13,Three bed,Semi detached house,1405.23,D13
2018,"Donaghmede, Dublin 13",Three bed,Semi detached house,1323.4,D13
2018,Dublin 14,Three bed,Semi detached house,2041.78,D14
2018,"Churchtown, Dublin 14",Three bed,Semi detached house,2170.23,D14
2018,"Clonskeagh, Dublin 14",Three bed,Semi detached house,2265.31,D14
2018,"Dundrum, Dublin 14",Three bed,Semi detached house,2017.42,D14
2018,"Rathfarnham, Dublin 14",Three bed,Semi detached house,1997.24,D14
2018,Dublin 15,Three bed,Semi detached house,1354.33,D15
2018,"Blanchardstown, Dublin 15",Three bed,Semi detached house,1376.97,D15
2018,"Carpenterstown, Dublin 15",Three bed,Semi detached house,1420.67,D15
2018,"Castleknock, Dublin 15",Three bed,Semi detached house,1636.21,D15
2018,"Clonee, Dublin 15",Three bed,Semi detached house,1428.05,D15
2018,"Clonsilla, Dublin 15",Three bed,Semi detached house,1645.04,D15
2018,"Mulhuddart, Dublin 15",Three bed,Semi detached house,1310.47,D15
2018,"Tyrrelstown, Dublin 15",Three bed,Semi detached house,1407.61,D15
2018,Dublin 16,Three bed,Semi detached house,1658.57,D16
2018,"Ballinteer, Dublin 16",Three bed,Semi detached house,1843.91,D16
2018,"Dundrum, Dublin 16",Three bed,Semi detached house,1990.84,D16
2018,"Knocklyon, Dublin 16",Three bed,Semi detached house,1649.66,D16
2018,"Rathfarnham, Dublin 16",Three bed,Semi detached house,1889.53,D16
2018,Dublin 17,Three bed,Semi detached house,1506.86,D17
2018,Dublin 18,Three bed,Semi detached house,1776.61,D18
2018,"Cabinteely, Dublin 18",Three bed,Semi detached house,1865.73,D18
2018,"Leopardstown, Dublin 18",Three bed,Semi detached house,1940.14,D18
2018,"Sandyford, Dublin 18",Three bed,Semi detached house,1798.97,D18
2018,Dublin 20,Three bed,Semi detached house,1571.23,D20
2018,"Palmerstown, Dublin 20",Three bed,Semi detached house,1610.56,D20
2018,Dublin 24,Three bed,Semi detached house,1381.41,D24
2018,"Ballycullen, Dublin 24",Three bed,Semi detached house,1617.65,D24
2018,"Firhouse, Dublin 24",Three bed,Semi detached house,1557.81,D24
2018,"Tallaght, Dublin 24",Three bed,Semi detached house,1493.16,D24
2018,"Balbriggan, Dublin",Three bed,Terrace house,1327.37,D1
2018,"Blackrock, Dublin",Three bed,Terrace house,2187.74,D18
2018,"Lucan, Dublin",Three bed,Terrace house,1696.18,D20
2018,"Lusk, Dublin",Three bed,Terrace house,1404.18,D1
2018,"Malahide, Dublin",Three bed,Terrace house,1956.0,D17
2018,"Rush, Dublin",Three bed,Terrace house,1167.84,D1
2018,"Swords, Dublin",Three bed,Terrace house,1530.3,D17
2018,Dublin 2,Three bed,Terrace house,2488.41,D2
2018,Dublin 3,Three bed,Terrace house,1833.72,D3
2018,"Clontarf, Dublin 3",Three bed,Terrace house,2069.87,D3
2018,"Drumcondra, Dublin 3",Three bed,Terrace house,1867.92,D3
2018,"Fairview, Dublin 3",Three bed,Terrace house,1887.56,D3
2018,"Marino, Dublin 3",Three bed,Terrace house,1880.0,D3
2018,Dublin 4,Three bed,Terrace house,2642.08,D4
2018,"Ballsbridge, Dublin 4",Three bed,Terrace house,3384.16,D4
2018,"Donnybrook, Dublin 4",Three bed,Terrace house,2592.87,D4
2018,"Sandymount, Dublin 4",Three bed,Terrace house,2473.1,D4
2018,Dublin 5,Three bed,Terrace house,1494.98,D5
2018,"Artane, Dublin 5",Three bed,Terrace house,1681.48,D5
2018,"Raheny, Dublin 5",Three bed,Terrace house,1644.14,D5
2018,Dublin 6,Three bed,Terrace house,2503.56,D6
2018,"Harolds Cross, Dublin 6",Three bed,Terrace house,2024.28,D6
2018,"Ranelagh, Dublin 6",Three bed,Terrace house,2795.23,D6
2018,"Rathgar, Dublin 6",Three bed,Terrace house,2379.07,D6
2018,"Rathmines, Dublin 6",Three bed,Terrace house,2443.46,D6
2018,Dublin 6W,Three bed,Terrace house,1922.37,D6W
2018,"Harolds Cross, Dublin 6W",Three bed,Terrace house,1928.96,D6W
2018,"Terenure, Dublin 6W",Three bed,Terrace house,1974.44,D6W
2018,Dublin 7,Three bed,Terrace house,1598.93,D7
2018,"Cabra, Dublin 7",Three bed,Terrace house,1506.06,D7
2018,"Navan Road, Dublin 7",Three bed,Terrace house,1706.7,D7
2018,"Phibsboro, Dublin 7",Three bed,Terrace house,1643.46,D7
2018,Dublin 8,Three bed,Terrace house,1918.82,D8
2018,"Inchicore, Dublin 8",Three bed,Terrace house,1572.35,D8
2018,"Kilmainham , Dublin 8",Three bed,Terrace house,1717.1,D8
2018,Dublin 9,Three bed,Terrace house,1638.3,D9
2018,"Drumcondra, Dublin 9",Three bed,Terrace house,1870.08,D9
2018,"Glasnevin, Dublin 9",Three bed,Terrace house,1585.59,D9
2018,Dublin 10,Three bed,Terrace house,1349.17,D10
2018,"Ballyfermot, Dublin 10",Three bed,Terrace house,1369.16,D10
2018,Dublin 11,Three bed,Terrace house,1305.09,D11
2018,"Finglas, Dublin 11",Three bed,Terrace house,1374.06,D11
2018,Dublin 12,Three bed,Terrace house,1437.3,D12
2018,"Crumlin, Dublin 12",Three bed,Terrace house,1529.45,D12
2018,"Drimnagh, Dublin 12",Three bed,Terrace house,1471.04,D12
2018,"Kimmage, Dublin 12",Three bed,Terrace house,1648.03,D12
2018,"Walkinstown, Dublin 12",Three bed,Terrace house,1520.4,D12
2018,Dublin 13,Three bed,Terrace house,1639.55,D13
2018,"Baldoyle, Dublin 13",Three bed,Terrace house,1639.94,D13
2018,"Balgriffin, Dublin 13",Three bed,Terrace house,1804.85,D13
2018,"Sutton, Dublin 13",Three bed,Terrace house,1792.57,D13
2018,Dublin 14,Three bed,Terrace house,1919.14,D14
2018,"Churchtown, Dublin 14",Three bed,Terrace house,1930.83,D14
2018,"Dundrum, Dublin 14",Three bed,Terrace house,2013.65,D14
2018,"Rathfarnham, Dublin 14",Three bed,Terrace house,1766.39,D14
2018,Dublin 15,Three bed,Terrace house,1334.68,D15
2018,"Blanchardstown, Dublin 15",Three bed,Terrace house,1489.66,D15
2018,"Castleknock, Dublin 15",Three bed,Terrace house,1676.59,D15
2018,"Clonsilla, Dublin 15",Three bed,Terrace house,1666.89,D15
2018,"Mulhuddart, Dublin 15",Three bed,Terrace house,1190.18,D15
2018,"Ongar, Dublin 15",Three bed,Terrace house,1574.23,D15
2018,"Tyrrelstown, Dublin 15",Three bed,Terrace house,1428.07,D15
2018,Dublin 16,Three bed,Terrace house,1867.12,D16
2018,"Dundrum, Dublin 16",Three bed,Terrace house,1984.37,D16
2018,"Rathfarnham, Dublin 16",Three bed,Terrace house,1776.66,D16
2018,Dublin 17,Three bed,Terrace house,1451.74,D17
2018,Dublin 18,Three bed,Terrace house,1923.52,D18
2018,Dublin 20,Three bed,Terrace house,1496.09,D20
2018,Dublin 24,Three bed,Terrace house,1267.22,D24
2018,"Citywest, Dublin 24",Three bed,Terrace house,1519.52,D24
2018,"Tallaght, Dublin 24",Three bed,Terrace house,1390.7,D24
2018,"Balbriggan, Dublin",Three bed,Apartment,1288.07,D1
2018,"Blackrock, Dublin",Three bed,Apartment,2451.79,D18
2018,"Dun Laoghaire, Dublin",Three bed,Apartment,2598.76,D18
2018,"Lucan, Dublin",Three bed,Apartment,1594.01,D20
2018,"Malahide, Dublin",Three bed,Apartment,2082.68,D17
2018,"Saggart, Dublin",Three bed,Apartment,1468.57,D24
2018,"Stillorgan, Dublin",Three bed,Apartment,2161.82,D18
2018,"Swords, Dublin",Three bed,Apartment,1505.95,D17
2018,Dublin 1,Three bed,Apartment,2330.44,D1
2018,Dublin 2,Three bed,Apartment,2795.92,D2
2018,Dublin 3,Three bed,Apartment,2044.48,D3
2018,"Clontarf, Dublin 3",Three bed,Apartment,2237.61,D3
2018,"Drumcondra, Dublin 3",Three bed,Apartment,1882.05,D3
2018,Dublin 4,Three bed,Apartment,2873.64,D4
2018,"Ballsbridge, Dublin 4",Three bed,Apartment,3166.94,D4
2018,"Ringsend, Dublin 4",Three bed,Apartment,2484.63,D4
2018,Dublin 6,Three bed,Apartment,2309.66,D6
2018,"Milltown, Dublin 6",Three bed,Apartment,2368.44,D6
2018,"Rathmines, Dublin 6",Three bed,Apartment,2152.53,D6
2018,Dublin 6W,Three bed,Apartment,2043.82,D6W
2018,"Terenure, Dublin 6W",Three bed,Apartment,2168.93,D6W
2018,Dublin 7,Three bed,Apartment,2031.4,D7
2018,"Smithfield, Dublin 7",Three bed,Apartment,2214.0,D7
2018,Dublin 8,Three bed,Apartment,2101.3,D8
2018,"Inchicore, Dublin 8",Three bed,Apartment,1754.5,D8
2018,"Islandbridge, Dublin 8",Three bed,Apartment,2237.45,D8
2018,"Kilmainham , Dublin 8",Three bed,Apartment,2123.63,D8
2018,Dublin 9,Three bed,Apartment,1757.89,D9
2018,"Drumcondra, Dublin 9",Three bed,Apartment,1945.8,D9
2018,"Santry, Dublin 9",Three bed,Apartment,1656.3,D9
2018,Dublin 11,Three bed,Apartment,1466.47,D11
2018,"Finglas, Dublin 11",Three bed,Apartment,1632.87,D11
2018,Dublin 12,Three bed,Apartment,1795.4,D12
2018,Dublin 13,Three bed,Apartment,1798.52,D13
2018,"Clongriffin, Dublin 13",Three bed,Apartment,1588.48,D13
2018,Dublin 14,Three bed,Apartment,2197.16,D14
2018,Dublin 15,Three bed,Apartment,1584.22,D15
2018,"Ashtown, Dublin 15",Three bed,Apartment,1765.7,D15
2018,"Blanchardstown, Dublin 15",Three bed,Apartment,1545.8,D15
2018,"Castleknock, Dublin 15",Three bed,Apartment,1818.19,D15
2018,"Clonsilla, Dublin 15",Three bed,Apartment,1893.34,D15
2018,Dublin 16,Three bed,Apartment,2051.59,D16
2018,"Dundrum, Dublin 16",Three bed,Apartment,2444.75,D16
2018,"Malahide Road, Dublin 17",Three bed,Apartment,2192.19,D17
2018,Dublin 18,Three bed,Apartment,1992.41,D18
2018,"Cabinteely, Dublin 18",Three bed,Apartment,1852.0,D18
2018,"Leopardstown, Dublin 18",Three bed,Apartment,2445.7,D18
2018,"Sandyford, Dublin 18",Three bed,Apartment,2106.47,D18
2018,Dublin 20,Three bed,Apartment,1641.38,D20
2018,Dublin 24,Three bed,Apartment,1591.84,D24
2018,"Citywest, Dublin 24",Three bed,Apartment,1631.22,D24
2018,"Tallaght, Dublin 24",Three bed,Apartment,1671.96,D24
2018,Dublin 6,Three bed,Other flats,1806.8,D6
2018,"Blackrock, Dublin",Four plus bed,Detached house,3366.06,D18
2018,"Killiney, Dublin",Four plus bed,Detached house,3290.52,D18
2018,"Malahide, Dublin",Four plus bed,Detached house,3441.54,D17
2018,"Swords, Dublin",Four plus bed,Detached house,2112.81,D17
2018,Dublin 3,Four plus bed,Detached house,2592.0,D3
2018,Dublin 4,Four plus bed,Detached house,3690.97,D4
2018,"Ballsbridge, Dublin 4",Four plus bed,Detached house,3747.74,D4
2018,Dublin 6W,Four plus bed,Detached house,2951.23,D6W
2018,Dublin 13,Four plus bed,Detached house,2621.07,D13
2018,Dublin 14,Four plus bed,Detached house,3054.64,D14
2018,Dublin 15,Four plus bed,Detached house,1912.9,D15
2018,Dublin 16,Four plus bed,Detached house,2292.03,D16
2018,"Rathfarnham, Dublin 16",Four plus bed,Detached house,2656.6,D16
2018,Dublin 18,Four plus bed,Detached house,2750.71,D18
2018,"Foxrock, Dublin 18",Four plus bed,Detached house,3391.99,D18
2018,"Blackrock, Dublin",Four plus bed,Semi detached house,2728.71,D18
2018,"Booterstown, Dublin",Four plus bed,Semi detached house,3058.19,D4
2018,"Lucan, Dublin",Four plus bed,Semi detached house,1889.26,D20
2018,"Malahide, Dublin",Four plus bed,Semi detached house,2315.04,D17
2018,"Shankill, Dublin",Four plus bed,Semi detached house,1820.8,D18
2018,"Stillorgan, Dublin",Four plus bed,Semi detached house,2640.35,D18
2018,"Swords, Dublin",Four plus bed,Semi detached house,1742.87,D17
2018,Dublin 3,Four plus bed,Semi detached house,2165.69,D3
2018,"Clontarf, Dublin 3",Four plus bed,Semi detached house,2153.8,D3
2018,"Drumcondra, Dublin 3",Four plus bed,Semi detached house,2318.07,D3
2018,Dublin 4,Four plus bed,Semi detached house,3588.61,D4
2018,"Ballsbridge, Dublin 4",Four plus bed,Semi detached house,3818.71,D4
2018,"Donnybrook, Dublin 4",Four plus bed,Semi detached house,4146.24,D4
2018,"Sandymount, Dublin 4",Four plus bed,Semi detached house,3102.19,D4
2018,Dublin 5,Four plus bed,Semi detached house,2041.81,D5
2018,Dublin 6,Four plus bed,Semi detached house,3136.55,D6
2018,"Ranelagh, Dublin 6",Four plus bed,Semi detached house,3536.62,D6
2018,Dublin 6W,Four plus bed,Semi detached house,2349.05,D6W
2018,"Templeogue, Dublin 6W",Four plus bed,Semi detached house,2192.05,D6W
2018,"Terenure, Dublin 6W",Four plus bed,Semi detached house,2422.4,D6W
2018,Dublin 7,Four plus bed,Semi detached house,2016.15,D7
2018,Dublin 8,Four plus bed,Semi detached house,2001.83,D8
2018,Dublin 9,Four plus bed,Semi detached house,2063.01,D9
2018,"Drumcondra, Dublin 9",Four plus bed,Semi detached house,2400.13,D9
2018,"Glasnevin, Dublin 9",Four plus bed,Semi detached house,2346.49,D9
2018,"Santry, Dublin 9",Four plus bed,Semi detached house,2086.84,D9
2018,Dublin 11,Four plus bed,Semi detached house,2008.29,D11
2018,Dublin 12,Four plus bed,Semi detached house,2036.94,D12
2018,Dublin 13,Four plus bed,Semi detached house,2127.54,D13
2018,"Balgriffin, Dublin 13",Four plus bed,Semi detached house,2295.3,D13
2018,Dublin 14,Four plus bed,Semi detached house,2431.08,D14
2018,"Clonskeagh, Dublin 14",Four plus bed,Semi detached house,2997.72,D14
2018,"Rathfarnham, Dublin 14",Four plus bed,Semi detached house,2275.11,D14
2018,Dublin 15,Four plus bed,Semi detached house,1742.4,D15
2018,"Castleknock, Dublin 15",Four plus bed,Semi detached house,1979.41,D15
2018,"Clonee, Dublin 15",Four plus bed,Semi detached house,1773.36,D15
2018,"Clonsilla, Dublin 15",Four plus bed,Semi detached house,1743.19,D15
2018,"Tyrrelstown, Dublin 15",Four plus bed,Semi detached house,1523.77,D15
2018,Dublin 16,Four plus bed,Semi detached house,2171.94,D16
2018,"Dundrum, Dublin 16",Four plus bed,Semi detached house,2545.07,D16
2018,"Knocklyon, Dublin 16",Four plus bed,Semi detached house,1848.29,D16
2018,"Rathfarnham, Dublin 16",Four plus bed,Semi detached house,2266.12,D16
2018,Dublin 18,Four plus bed,Semi detached house,2391.26,D18
2018,"Foxrock, Dublin 18",Four plus bed,Semi detached house,2355.63,D18
2018,"Leopardstown, Dublin 18",Four plus bed,Semi detached house,2336.46,D18
2018,Dublin 24,Four plus bed,Semi detached house,1640.36,D24
2018,"Tallaght, Dublin 24",Four plus bed,Semi detached house,1513.29,D24
2018,"Lucan, Dublin",Four plus bed,Terrace house,2134.5,D20
2018,Dublin 1,Four plus bed,Terrace house,2992.46,D1
2018,Dublin 3,Four plus bed,Terrace house,2332.97,D3
2018,"Drumcondra, Dublin 3",Four plus bed,Terrace house,2280.75,D3
2018,Dublin 4,Four plus bed,Terrace house,3377.44,D4
2018,"Ballsbridge, Dublin 4",Four plus bed,Terrace house,4037.34,D4
2018,Dublin 6,Four plus bed,Terrace house,3162.81,D6
2018,"Ranelagh, Dublin 6",Four plus bed,Terrace house,3120.09,D6
2018,"Rathmines, Dublin 6",Four plus bed,Terrace house,3254.34,D6
2018,Dublin 6W,Four plus bed,Terrace house,2505.67,D6W
2018,Dublin 7,Four plus bed,Terrace house,2083.36,D7
2018,Dublin 8,Four plus bed,Terrace house,2400.55,D8
2018,Dublin 9,Four plus bed,Terrace house,2395.14,D9
2018,"Drumcondra, Dublin 9",Four plus bed,Terrace house,2299.76,D9
2018,Dublin 11,Four plus bed,Terrace house,2099.76,D11
2018,Dublin 12,Four plus bed,Terrace house,1628.87,D12
2018,Dublin 13,Four plus bed,Terrace house,1957.27,D13
2018,"Balgriffin, Dublin 13",Four plus bed,Terrace house,1995.8,D13
2018,Dublin 14,Four plus bed,Terrace house,2532.82,D14
2018,Dublin 15,Four plus bed,Terrace house,1531.53,D15
2018,"Tyrrelstown, Dublin 15",Four plus bed,Terrace house,1514.96,D15
2018,Dublin 1,Four plus bed,Apartment,5419.91,D1
2018,"I.F.S.C., Dublin 1",Four plus bed,Apartment,6385.74,D1
2018,Dublin 15,Four plus bed,Apartment,1740.57,D15
2019,Dublin 1,One bed,Terrace house,972.88,D1
2019,Dublin 3,One bed,Terrace house,1148.85,D3
2019,Dublin 4,One bed,Terrace house,1568.41,D4
2019,Dublin 6,One bed,Terrace house,1140.54,D6
2019,Dublin 7,One bed,Terrace house,1076.52,D7
2019,Dublin 8,One bed,Terrace house,1285.14,D8
2019,"Balbriggan, Dublin",One bed,Apartment,968.43,D1
2019,"Blackrock, Dublin",One bed,Apartment,1503.19,D18
2019,"Booterstown, Dublin",One bed,Apartment,1506.79,D4
2019,"Donabate, Dublin",One bed,Apartment,1072.78,D13
2019,"Dun Laoghaire, Dublin",One bed,Apartment,1548.73,D18
2019,"Lucan, Dublin",One bed,Apartment,1174.52,D20
2019,"Malahide, Dublin",One bed,Apartment,1483.43,D17
2019,"Monkstown, Dublin",One bed,Apartment,1285.67,D18
2019,"Portmarnock, Dublin",One bed,Apartment,1337.55,D13
2019,"Stillorgan, Dublin",One bed,Apartment,1528.59,D18
2019,"Swords, Dublin",One bed,Apartment,1203.42,D17
2019,Dublin 1,One bed,Apartment,1471.84,D1
2019,"I.F.S.C., Dublin 1",One bed,Apartment,1582.7,D1
2019,"Parnell Street, Dublin 1",One bed,Apartment,1410.6,D1
2019,Dublin 2,One bed,Apartment,1717.28,D2
2019,"Pearse Street, Dublin 2",One bed,Apartment,1638.12,D2
2019,"Townsend Street, Dublin 2",One bed,Apartment,1659.59,D2
2019,Dublin 3,One bed,Apartment,1418.74,D3
2019,"Clontarf, Dublin 3",One bed,Apartment,1443.07,D3
2019,"Drumcondra, Dublin 3",One bed,Apartment,1215.71,D3
2019,"East Wall, Dublin 3",One bed,Apartment,1423.24,D3
2019,"Fairview, Dublin 3",One bed,Apartment,1324.98,D3
2019,Dublin 4,One bed,Apartment,1651.91,D4
2019,"Ballsbridge, Dublin 4",One bed,Apartment,1691.47,D4
2019,"Donnybrook, Dublin 4",One bed,Apartment,1541.91,D4
2019,"Merrion, Dublin 4",One bed,Apartment,1512.22,D4
2019,"Pembroke, Dublin 4",One bed,Apartment,1712.53,D4
2019,"Ringsend, Dublin 4",One bed,Apartment,1561.66,D4
2019,"Sandymount, Dublin 4",One bed,Apartment,1555.02,D4
2019,Dublin 5,One bed,Apartment,1155.48,D5
2019,"Raheny, Dublin 5",One bed,Apartment,1241.04,D5
2019,Dublin 6,One bed,Apartment,1456.75,D6
2019,"Harolds Cross, Dublin 6",One bed,Apartment,1255.79,D6
2019,"Milltown, Dublin 6",One bed,Apartment,1653.86,D6
2019,"Ranelagh, Dublin 6",One bed,Apartment,1477.66,D6
2019,"Rathgar, Dublin 6",One bed,Apartment,1374.18,D6
2019,"Rathmines, Dublin 6",One bed,Apartment,1370.22,D6
2019,"Terenure, Dublin 6",One bed,Apartment,1247.67,D6
2019,Dublin 6W,One bed,Apartment,1326.71,D6W
2019,"Harolds Cross, Dublin 6W",One bed,Apartment,1264.5,D6W
2019,"Terenure, Dublin 6W",One bed,Apartment,1399.62,D6W
2019,Dublin 7,One bed,Apartment,1307.57,D7
2019,"Cabra, Dublin 7",One bed,Apartment,1188.16,D7
2019,"Navan Road, Dublin 7",One bed,Apartment,1382.45,D7
2019,"Phibsboro, Dublin 7",One bed,Apartment,1243.86,D7
2019,"Smithfield, Dublin 7",One bed,Apartment,1451.14,D7
2019,Dublin 8,One bed,Apartment,1432.81,D8
2019,"Christchurch, Dublin 8",One bed,Apartment,1471.96,D8
2019,"Cork Street, Dublin 8",One bed,Apartment,1391.91,D8
2019,"Inchicore, Dublin 8",One bed,Apartment,1273.0,D8
2019,"Islandbridge, Dublin 8",One bed,Apartment,1599.83,D8
2019,"Kilmainham , Dublin 8",One bed,Apartment,1362.22,D8
2019,"Portobello, Dublin 8",One bed,Apartment,1346.47,D8
2019,"Rialto, Dublin 8",One bed,Apartment,1302.18,D8
2019,"South Circular Road, Dublin 8",One bed,Apartment,1263.67,D8
2019,Dublin 9,One bed,Apartment,1260.59,D9
2019,"Ballymun, Dublin 9",One bed,Apartment,1353.63,D9
2019,"Beaumont, Dublin 9",One bed,Apartment,1266.74,D9
2019,"Drumcondra, Dublin 9",One bed,Apartment,1229.49,D9
2019,"Glasnevin, Dublin 9",One bed,Apartment,1168.43,D9
2019,"Santry, Dublin 9",One bed,Apartment,1312.31,D9
2019,Dublin 11,One bed,Apartment,1237.35,D11
2019,"Finglas, Dublin 11",One bed,Apartment,1236.67,D11
2019,"Glasnevin, Dublin 11",One bed,Apartment,1208.43,D11
2019,Dublin 12,One bed,Apartment,1301.37,D12
2019,"Drimnagh, Dublin 12",One bed,Apartment,1259.46,D12
2019,"Kimmage, Dublin 12",One bed,Apartment,1286.47,D12
2019,Dublin 13,One bed,Apartment,1275.22,D13
2019,"Baldoyle, Dublin 13",One bed,Apartment,1352.38,D13
2019,"Clongriffin, Dublin 13",One bed,Apartment,1260.86,D13
2019,Dublin 14,One bed,Apartment,1536.33,D14
2019,"Churchtown, Dublin 14",One bed,Apartment,1599.63,D14
2019,"Clonskeagh, Dublin 14",One bed,Apartment,1437.29,D14
2019,"Dundrum, Dublin 14",One bed,Apartment,1525.07,D14
2019,"Rathfarnham, Dublin 14",One bed,Apartment,1400.34,D14
2019,Dublin 15,One bed,Apartment,1297.57,D15
2019,"Ashtown, Dublin 15",One bed,Apartment,1401.1,D15
2019,"Blanchardstown, Dublin 15",One bed,Apartment,1227.31,D15
2019,"Castleknock, Dublin 15",One bed,Apartment,1402.65,D15
2019,"Ongar, Dublin 15",One bed,Apartment,1125.43,D15
2019,"Royal Canal Park, Dublin 15",One bed,Apartment,1269.25,D15
2019,Dublin 16,One bed,Apartment,1440.31,D16
2019,"Dundrum, Dublin 16",One bed,Apartment,1565.49,D16
2019,"Rathfarnham, Dublin 16",One bed,Apartment,1323.63,D16
2019,Dublin 17,One bed,Apartment,1194.01,D17
2019,"Malahide Road, Dublin 17",One bed,Apartment,1214.35,D17
2019,Dublin 18,One bed,Apartment,1482.45,D18
2019,"Carrickmines, Dublin 18",One bed,Apartment,1348.61,D18
2019,"Leopardstown, Dublin 18",One bed,Apartment,1734.22,D18
2019,"Sandyford, Dublin 18",One bed,Apartment,1490.68,D18
2019,"Stepaside, Dublin 18",One bed,Apartment,1409.0,D18
2019,Dublin 20,One bed,Apartment,1272.59,D20
2019,"Chapelizod, Dublin 20",One bed,Apartment,1283.71,D20
2019,Dublin 24,One bed,Apartment,1161.42,D24
2019,"Tallaght, Dublin 24",One bed,Apartment,1222.52,D24
2019,"Dun Laoghaire, Dublin",One bed,Other flats,1028.28,D18
2019,"Monkstown, Dublin",One bed,Other flats,1049.39,D18
2019,Dublin 1,One bed,Other flats,1066.07,D1
2019,Dublin 2,One bed,Other flats,1355.01,D2
2019,Dublin 3,One bed,Other flats,1080.73,D3
2019,"Clontarf, Dublin 3",One bed,Other flats,1022.25,D3
2019,"Drumcondra, Dublin 3",One bed,Other flats,948.96,D3
2019,"Fairview, Dublin 3",One bed,Other flats,947.17,D3
2019,"North Strand, Dublin 3",One bed,Other flats,1181.64,D3
2019,Dublin 4,One bed,Other flats,1210.55,D4
2019,"Ballsbridge, Dublin 4",One bed,Other flats,1176.7,D4
2019,"Donnybrook, Dublin 4",One bed,Other flats,1133.95,D4
2019,Dublin 6,One bed,Other flats,1059.27,D6
2019,"Harolds Cross, Dublin 6",One bed,Other flats,1024.9,D6
2019,"Ranelagh, Dublin 6",One bed,Other flats,1094.22,D6
2019,"Rathgar, Dublin 6",One bed,Other flats,1048.7,D6
2019,"Rathmines, Dublin 6",One bed,Other flats,1035.59,D6
2019,Dublin 6W,One bed,Other flats,1003.71,D6W
2019,"Harolds Cross, Dublin 6W",One bed,Other flats,1021.55,D6W
2019,"Terenure, Dublin 6W",One bed,Other flats,1068.8,D6W
2019,Dublin 7,One bed,Other flats,1005.94,D7
2019,"Cabra, Dublin 7",One bed,Other flats,973.65,D7
2019,"North Circular Road, Dublin 7",One bed,Other flats,979.12,D7
2019,"Phibsboro, Dublin 7",One bed,Other flats,882.23,D7
2019,Dublin 8,One bed,Other flats,1011.45,D8
2019,"Kilmainham , Dublin 8",One bed,Other flats,968.68,D8
2019,"Portobello, Dublin 8",One bed,Other flats,1056.97,D8
2019,"Rialto, Dublin 8",One bed,Other flats,987.51,D8
2019,"South Circular Road, Dublin 8",One bed,Other flats,960.41,D8
2019,Dublin 9,One bed,Other flats,1015.3,D9
2019,"Drumcondra, Dublin 9",One bed,Other flats,1047.8,D9
2019,"Glasnevin, Dublin 9",One bed,Other flats,852.73,D9
2019,Dublin 11,One bed,Other flats,916.39,D11
2019,Dublin 12,One bed,Other flats,1070.95,D12
2019,"Kimmage, Dublin 12",One bed,Other flats,1100.84,D12
2019,"Balbriggan, Dublin",Two bed,Semi detached house,1328.96,D1
2019,"Lucan, Dublin",Two bed,Semi detached house,1492.3,D20
2019,Dublin 3,Two bed,Semi detached house,1769.25,D3
2019,Dublin 4,Two bed,Semi detached house,2192.18,D4
2019,Dublin 5,Two bed,Semi detached house,1730.58,D5
2019,Dublin 6,Two bed,Semi detached house,1963.14,D6
2019,Dublin 7,Two bed,Semi detached house,1555.34,D7
2019,Dublin 8,Two bed,Semi detached house,1688.75,D8
2019,Dublin 9,Two bed,Semi detached house,1405.11,D9
2019,Dublin 11,Two bed,Semi detached house,1403.16,D11
2019,Dublin 12,Two bed,Semi detached house,1528.97,D12
2019,"Drimnagh, Dublin 12",Two bed,Semi detached house,1503.44,D12
2019,Dublin 14,Two bed,Semi detached house,1906.28,D14
2019,Dublin 15,Two bed,Semi detached house,1466.01,D15
2019,Dublin 24,Two bed,Semi detached house,1432.94,D24
2019,"Balbriggan, Dublin",Two bed,Terrace house,1250.18,D1
2019,"Blackrock, Dublin",Two bed,Terrace house,1753.85,D18
2019,"Dun Laoghaire, Dublin",Two bed,Terrace house,1705.52,D18
2019,"Lucan, Dublin",Two bed,Terrace house,1350.0,D20
2019,"Lusk, Dublin",Two bed,Terrace house,1315.22,D1
2019,"Swords, Dublin",Two bed,Terrace house,1444.13,D17
2019,Dublin 1,Two bed,Terrace house,1610.44,D1
2019,Dublin 2,Two bed,Terrace house,2091.03,D2
2019,Dublin 3,Two bed,Terrace house,1624.98,D3
2019,"Clontarf, Dublin 3",Two bed,Terrace house,1796.81,D3
2019,"Drumcondra, Dublin 3",Two bed,Terrace house,1682.94,D3
2019,"East Wall, Dublin 3",Two bed,Terrace house,1603.06,D3
2019,Dublin 4,Two bed,Terrace house,2122.71,D4
2019,"Ballsbridge, Dublin 4",Two bed,Terrace house,2395.44,D4
2019,"Donnybrook, Dublin 4",Two bed,Terrace house,2004.17,D4
2019,"Ringsend, Dublin 4",Two bed,Terrace house,1916.28,D4
2019,"Sandymount, Dublin 4",Two bed,Terrace house,2170.14,D4
2019,Dublin 5,Two bed,Terrace house,1554.02,D5
2019,Dublin 6,Two bed,Terrace house,1891.18,D6
2019,"Harolds Cross, Dublin 6",Two bed,Terrace house,1698.2,D6
2019,"Milltown, Dublin 6",Two bed,Terrace house,1828.19,D6
2019,"Ranelagh, Dublin 6",Two bed,Terrace house,2143.34,D6
2019,"Rathgar, Dublin 6",Two bed,Terrace house,1823.9,D6
2019,"Rathmines, Dublin 6",Two bed,Terrace house,1939.49,D6
2019,Dublin 6W,Two bed,Terrace house,1610.61,D6W
2019,Dublin 7,Two bed,Terrace house,1600.39,D7
2019,"Cabra, Dublin 7",Two bed,Terrace house,1518.1,D7
2019,"Stoneybatter, Dublin 7",Two bed,Terrace house,1589.66,D7
2019,Dublin 8,Two bed,Terrace house,1650.17,D8
2019,"Inchicore, Dublin 8",Two bed,Terrace house,1531.12,D8
2019,"Kilmainham , Dublin 8",Two bed,Terrace house,1740.27,D8
2019,"Rialto, Dublin 8",Two bed,Terrace house,1536.83,D8
2019,Dublin 9,Two bed,Terrace house,1623.91,D9
2019,"Drumcondra, Dublin 9",Two bed,Terrace house,1711.56,D9
2019,"Glasnevin, Dublin 9",Two bed,Terrace house,1509.33,D9
2019,"Whitehall, Dublin 9",Two bed,Terrace house,1481.87,D9
2019,Dublin 10,Two bed,Terrace house,1479.43,D10
2019,"Ballyfermot, Dublin 10",Two bed,Terrace house,1458.99,D10
2019,Dublin 11,Two bed,Terrace house,1405.7,D11
2019,"Finglas, Dublin 11",Two bed,Terrace house,1368.31,D11
2019,Dublin 12,Two bed,Terrace house,1397.53,D12
2019,"Crumlin, Dublin 12",Two bed,Terrace house,1498.56,D12
2019,"Drimnagh, Dublin 12",Two bed,Terrace house,1469.93,D12
2019,"Kimmage, Dublin 12",Two bed,Terrace house,1605.78,D12
2019,Dublin 13,Two bed,Terrace house,1697.77,D13
2019,Dublin 14,Two bed,Terrace house,1713.55,D14
2019,Dublin 15,Two bed,Terrace house,1296.11,D15
2019,"Castleknock, Dublin 15",Two bed,Terrace house,1391.5,D15
2019,"Clonee, Dublin 15",Two bed,Terrace house,1436.86,D15
2019,"Clonsilla, Dublin 15",Two bed,Terrace house,1267.49,D15
2019,Dublin 16,Two bed,Terrace house,1739.7,D16
2019,"Rathfarnham, Dublin 16",Two bed,Terrace house,1631.16,D16
2019,Dublin 18,Two bed,Terrace house,1834.95,D18
2019,Dublin 24,Two bed,Terrace house,1358.09,D24
2019,"Balbriggan, Dublin",Two bed,Apartment,1263.13,D1
2019,"Blackrock, Dublin",Two bed,Apartment,1840.82,D18
2019,"Booterstown, Dublin",Two bed,Apartment,1960.84,D4
2019,"Dalkey, Dublin",Two bed,Apartment,1854.63,D18
2019,"Donabate, Dublin",Two bed,Apartment,1383.37,D13
2019,"Dun Laoghaire, Dublin",Two bed,Apartment,1988.51,D18
2019,"Howth, Dublin",Two bed,Apartment,1839.93,D13
2019,"Killiney, Dublin",Two bed,Apartment,2148.83,D18
2019,"Kinsealy, Dublin",Two bed,Apartment,1443.61,D17
2019,"Lucan, Dublin",Two bed,Apartment,1517.35,D20
2019,"Malahide, Dublin",Two bed,Apartment,1718.33,D17
2019,"Monkstown, Dublin",Two bed,Apartment,1724.8,D18
2019,"Portmarnock, Dublin",Two bed,Apartment,1559.24,D13
2019,"Rathcoole, Dublin",Two bed,Apartment,1384.83,D24
2019,"Rush, Dublin",Two bed,Apartment,1262.01,D1
2019,"Saggart, Dublin",Two bed,Apartment,1522.47,D24
2019,"Shankill, Dublin",Two bed,Apartment,1539.94,D18
2019,"Skerries, Dublin",Two bed,Apartment,1295.54,D1
2019,"Stillorgan, Dublin",Two bed,Apartment,1821.29,D18
2019,"Swords, Dublin",Two bed,Apartment,1467.0,D17
2019,Dublin 1,Two bed,Apartment,1856.0,D1
2019,"I.F.S.C., Dublin 1",Two bed,Apartment,1988.31,D1
2019,"Parnell Street, Dublin 1",Two bed,Apartment,1897.07,D1
2019,"Spencer Dock, Dublin 1",Two bed,Apartment,2109.42,D1
2019,"Summerhill, Dublin 1",Two bed,Apartment,1793.22,D1
2019,Dublin 2,Two bed,Apartment,2441.83,D2
2019,"Charlemont Street, Dublin 2",Two bed,Apartment,1918.74,D2
2019,"Grand Canal Dock, Dublin 2",Two bed,Apartment,2433.58,D2
2019,"Grand Canal Square, Dublin 2",Two bed,Apartment,2941.44,D2
2019,"Pearse Street, Dublin 2",Two bed,Apartment,1929.4,D2
2019,"Townsend Street, Dublin 2",Two bed,Apartment,1986.29,D2
2019,Dublin 3,Two bed,Apartment,1719.92,D3
2019,"Clontarf, Dublin 3",Two bed,Apartment,1743.32,D3
2019,"Drumcondra, Dublin 3",Two bed,Apartment,1654.16,D3
2019,"East Wall, Dublin 3",Two bed,Apartment,1869.62,D3
2019,"Fairview, Dublin 3",Two bed,Apartment,1677.82,D3
2019,Dublin 4,Two bed,Apartment,2184.91,D4
2019,"Ballsbridge, Dublin 4",Two bed,Apartment,2542.78,D4
2019,"Donnybrook, Dublin 4",Two bed,Apartment,2014.87,D4
2019,"Merrion, Dublin 4",Two bed,Apartment,2011.21,D4
2019,"Pembroke, Dublin 4",Two bed,Apartment,2383.9,D4
2019,"Ringsend, Dublin 4",Two bed,Apartment,1879.69,D4
2019,"Sandymount, Dublin 4",Two bed,Apartment,1960.3,D4
2019,Dublin 5,Two bed,Apartment,1616.27,D5
2019,"Artane, Dublin 5",Two bed,Apartment,1564.17,D5
2019,"Killester, Dublin 5",Two bed,Apartment,1375.39,D5
2019,"Raheny, Dublin 5",Two bed,Apartment,1656.09,D5
2019,Dublin 6,Two bed,Apartment,1957.9,D6
2019,"Milltown, Dublin 6",Two bed,Apartment,2019.16,D6
2019,"Ranelagh, Dublin 6",Two bed,Apartment,1944.71,D6
2019,"Rathgar, Dublin 6",Two bed,Apartment,2119.3,D6
2019,"Rathmines, Dublin 6",Two bed,Apartment,1734.85,D6
2019,"Terenure, Dublin 6",Two bed,Apartment,1780.77,D6
2019,Dublin 6W,Two bed,Apartment,1836.43,D6W
2019,"Terenure, Dublin 6W",Two bed,Apartment,1839.43,D6W
2019,Dublin 7,Two bed,Apartment,1676.1,D7
2019,"Cabra, Dublin 7",Two bed,Apartment,1689.73,D7
2019,"Navan Road, Dublin 7",Two bed,Apartment,1578.0,D7
2019,"Phibsboro, Dublin 7",Two bed,Apartment,1472.97,D7
2019,"Smithfield, Dublin 7",Two bed,Apartment,1812.83,D7
2019,Dublin 8,Two bed,Apartment,1671.93,D8
2019,"Christchurch, Dublin 8",Two bed,Apartment,1763.71,D8
2019,"Cork Street, Dublin 8",Two bed,Apartment,1665.97,D8
2019,"Inchicore, Dublin 8",Two bed,Apartment,1484.34,D8
2019,"Islandbridge, Dublin 8",Two bed,Apartment,1893.13,D8
2019,"Kilmainham , Dublin 8",Two bed,Apartment,1678.52,D8
2019,"Rialto, Dublin 8",Two bed,Apartment,1546.77,D8
2019,"South Circular Road, Dublin 8",Two bed,Apartment,1678.47,D8
2019,Dublin 9,Two bed,Apartment,1545.6,D9
2019,"Ballymun, Dublin 9",Two bed,Apartment,1416.96,D9
2019,"Beaumont, Dublin 9",Two bed,Apartment,1511.74,D9
2019,"Drumcondra, Dublin 9",Two bed,Apartment,1672.52,D9
2019,"Glasnevin, Dublin 9",Two bed,Apartment,1520.18,D9
2019,"Santry, Dublin 9",Two bed,Apartment,1565.94,D9
2019,Dublin 10,Two bed,Apartment,1387.52,D10
2019,"Cherry Orchard, Dublin 10",Two bed,Apartment,1413.38,D10
2019,Dublin 11,Two bed,Apartment,1398.11,D11
2019,"Ballymun, Dublin 11",Two bed,Apartment,1430.48,D11
2019,"Finglas, Dublin 11",Two bed,Apartment,1435.07,D11
2019,"Glasnevin, Dublin 11",Two bed,Apartment,1489.46,D11
2019,Dublin 12,Two bed,Apartment,1544.88,D12
2019,"Crumlin, Dublin 12",Two bed,Apartment,1505.19,D12
2019,"Drimnagh, Dublin 12",Two bed,Apartment,1588.95,D12
2019,"Kimmage, Dublin 12",Two bed,Apartment,1643.98,D12
2019,Dublin 13,Two bed,Apartment,1609.08,D13
2019,"Baldoyle, Dublin 13",Two bed,Apartment,1586.17,D13
2019,"Balgriffin, Dublin 13",Two bed,Apartment,1471.25,D13
2019,"Clongriffin, Dublin 13",Two bed,Apartment,1559.07,D13
2019,"Donaghmede, Dublin 13",Two bed,Apartment,1342.03,D13
2019,"Sutton, Dublin 13",Two bed,Apartment,1768.63,D13
2019,Dublin 14,Two bed,Apartment,1852.43,D14
2019,"Churchtown, Dublin 14",Two bed,Apartment,2195.5,D14
2019,"Clonskeagh, Dublin 14",Two bed,Apartment,1825.25,D14
2019,"Dundrum, Dublin 14",Two bed,Apartment,1845.02,D14
2019,"Goatstown, Dublin 14",Two bed,Apartment,1973.1,D14
2019,"Rathfarnham, Dublin 14",Two bed,Apartment,1692.67,D14
2019,Dublin 15,Two bed,Apartment,1567.64,D15
2019,"Ashtown, Dublin 15",Two bed,Apartment,1645.07,D15
2019,"Blanchardstown, Dublin 15",Two bed,Apartment,1502.54,D15
2019,"Castleknock, Dublin 15",Two bed,Apartment,1677.43,D15
2019,"Clonee, Dublin 15",Two bed,Apartment,1363.3,D15
2019,"Clonsilla, Dublin 15",Two bed,Apartment,1464.88,D15
2019,"Ongar, Dublin 15",Two bed,Apartment,1391.14,D15
2019,"Porterstown, Dublin 15",Two bed,Apartment,1567.64,D15
2019,"Royal Canal Park, Dublin 15",Two bed,Apartment,1472.19,D15
2019,"Tyrrelstown, Dublin 15",Two bed,Apartment,1284.27,D15
2019,Dublin 16,Two bed,Apartment,1780.55,D16
2019,"Ballinteer, Dublin 16",Two bed,Apartment,1743.81,D16
2019,"Dundrum, Dublin 16",Two bed,Apartment,1859.94,D16
2019,"Knocklyon, Dublin 16",Two bed,Apartment,1680.46,D16
2019,"Rathfarnham, Dublin 16",Two bed,Apartment,1681.27,D16
2019,Dublin 17,Two bed,Apartment,1432.81,D17
2019,"Malahide Road, Dublin 17",Two bed,Apartment,1666.63,D17
2019,Dublin 18,Two bed,Apartment,1787.94,D18
2019,"Cabinteely, Dublin 18",Two bed,Apartment,1579.55,D18
2019,"Carrickmines, Dublin 18",Two bed,Apartment,1807.89,D18
2019,"Leopardstown, Dublin 18",Two bed,Apartment,1964.86,D18
2019,"Sandyford, Dublin 18",Two bed,Apartment,1804.99,D18
2019,"Stepaside, Dublin 18",Two bed,Apartment,1669.99,D18
2019,Dublin 20,Two bed,Apartment,1401.59,D20
2019,"Chapelizod, Dublin 20",Two bed,Apartment,1437.16,D20
2019,Dublin 24,Two bed,Apartment,1408.29,D24
2019,"Ballycullen, Dublin 24",Two bed,Apartment,1551.03,D24
2019,"Citywest, Dublin 24",Two bed,Apartment,1459.77,D24
2019,"Tallaght, Dublin 24",Two bed,Apartment,1454.21,D24
2019,Dublin 1,Two bed,Other flats,1423.42,D1
2019,Dublin 2,Two bed,Other flats,1553.21,D2
2019,Dublin 3,Two bed,Other flats,1220.21,D3
2019,"Drumcondra, Dublin 3",Two bed,Other flats,1298.35,D3
2019,Dublin 4,Two bed,Other flats,1704.3,D4
2019,"Ballsbridge, Dublin 4",Two bed,Other flats,1801.44,D4
2019,Dublin 6,Two bed,Other flats,1420.35,D6
2019,"Ranelagh, Dublin 6",Two bed,Other flats,1400.54,D6
2019,"Rathgar, Dublin 6",Two bed,Other flats,1511.96,D6
2019,"Rathmines, Dublin 6",Two bed,Other flats,1428.98,D6
2019,Dublin 7,Two bed,Other flats,1318.19,D7
2019,Dublin 8,Two bed,Other flats,1270.05,D8
2019,Dublin 9,Two bed,Other flats,1365.16,D9
2019,Dublin 4,Three bed,Detached house,3327.08,D4
2019,"Ballsbridge, Dublin 4",Three bed,Detached house,3583.0,D4
2019,Dublin 15,Three bed,Detached house,1495.45,D15
2019,Dublin 24,Three bed,Detached house,1591.85,D24
2019,"Balbriggan, Dublin",Three bed,Semi detached house,1402.98,D1
2019,"Blackrock, Dublin",Three bed,Semi detached house,2239.73,D18
2019,"Donabate, Dublin",Three bed,Semi detached house,1688.37,D13
2019,"Dun Laoghaire, Dublin",Three bed,Semi detached house,2243.06,D18
2019,"Lucan, Dublin",Three bed,Semi detached house,1640.94,D20
2019,"Lusk, Dublin",Three bed,Semi detached house,1510.31,D1
2019,"Malahide, Dublin",Three bed,Semi detached house,2093.15,D17
2019,"Rush, Dublin",Three bed,Semi detached house,1477.01,D1
2019,"Shankill, Dublin",Three bed,Semi detached house,1634.97,D18
2019,"Skerries, Dublin",Three bed,Semi detached house,1553.09,D1
2019,"Stillorgan, Dublin",Three bed,Semi detached house,2091.24,D18
2019,"Swords, Dublin",Three bed,Semi detached house,1578.42,D17
2019,Dublin 3,Three bed,Semi detached house,1912.77,D3
2019,"Clontarf, Dublin 3",Three bed,Semi detached house,2123.03,D3
2019,"Drumcondra, Dublin 3",Three bed,Semi detached house,2040.36,D3
2019,Dublin 4,Three bed,Semi detached house,3015.32,D4
2019,"Ballsbridge, Dublin 4",Three bed,Semi detached house,3035.57,D4
2019,"Sandymount, Dublin 4",Three bed,Semi detached house,2984.84,D4
2019,Dublin 5,Three bed,Semi detached house,1678.03,D5
2019,"Artane, Dublin 5",Three bed,Semi detached house,1712.38,D5
2019,"Raheny, Dublin 5",Three bed,Semi detached house,1826.55,D5
2019,Dublin 6,Three bed,Semi detached house,2664.22,D6
2019,"Ranelagh, Dublin 6",Three bed,Semi detached house,3001.18,D6
2019,Dublin 6W,Three bed,Semi detached house,2041.83,D6W
2019,"Templeogue, Dublin 6W",Three bed,Semi detached house,1882.0,D6W
2019,"Terenure, Dublin 6W",Three bed,Semi detached house,2081.37,D6W
2019,Dublin 7,Three bed,Semi detached house,1860.91,D7
2019,"Cabra, Dublin 7",Three bed,Semi detached house,1808.03,D7
2019,"Navan Road, Dublin 7",Three bed,Semi detached house,1951.19,D7
2019,Dublin 8,Three bed,Semi detached house,2074.37,D8
2019,Dublin 9,Three bed,Semi detached house,1809.51,D9
2019,"Beaumont, Dublin 9",Three bed,Semi detached house,1879.93,D9
2019,"Drumcondra, Dublin 9",Three bed,Semi detached house,1973.68,D9
2019,"Glasnevin, Dublin 9",Three bed,Semi detached house,1802.94,D9
2019,"Santry, Dublin 9",Three bed,Semi detached house,1790.64,D9
2019,"Whitehall, Dublin 9",Three bed,Semi detached house,1704.46,D9
2019,Dublin 10,Three bed,Semi detached house,1283.79,D10
2019,Dublin 11,Three bed,Semi detached house,1545.84,D11
2019,"Finglas, Dublin 11",Three bed,Semi detached house,1530.54,D11
2019,"Glasnevin, Dublin 11",Three bed,Semi detached house,1682.64,D11
2019,Dublin 12,Three bed,Semi detached house,1727.16,D12
2019,"Crumlin, Dublin 12",Three bed,Semi detached house,1673.3,D12
2019,"Drimnagh, Dublin 12",Three bed,Semi detached house,1576.67,D12
2019,"Walkinstown, Dublin 12",Three bed,Semi detached house,1601.08,D12
2019,Dublin 13,Three bed,Semi detached house,1675.62,D13
2019,Dublin 14,Three bed,Semi detached house,2250.54,D14
2019,"Churchtown, Dublin 14",Three bed,Semi detached house,2313.06,D14
2019,"Clonskeagh, Dublin 14",Three bed,Semi detached house,2282.78,D14
2019,"Rathfarnham, Dublin 14",Three bed,Semi detached house,2078.51,D14
2019,Dublin 15,Three bed,Semi detached house,1457.47,D15
2019,"Blanchardstown, Dublin 15",Three bed,Semi detached house,1432.74,D15
2019,"Castleknock, Dublin 15",Three bed,Semi detached house,1670.39,D15
2019,"Clonee, Dublin 15",Three bed,Semi detached house,1505.47,D15
2019,"Clonsilla, Dublin 15",Three bed,Semi detached house,1684.46,D15
2019,"Mulhuddart, Dublin 15",Three bed,Semi detached house,1417.4,D15
2019,"Tyrrelstown, Dublin 15",Three bed,Semi detached house,1473.45,D15
2019,Dublin 16,Three bed,Semi detached house,1841.0,D16
2019,"Ballinteer, Dublin 16",Three bed,Semi detached house,1917.56,D16
2019,"Dundrum, Dublin 16",Three bed,Semi detached house,2172.14,D16
2019,"Knocklyon, Dublin 16",Three bed,Semi detached house,1862.91,D16
2019,"Rathfarnham, Dublin 16",Three bed,Semi detached house,1980.27,D16
2019,Dublin 17,Three bed,Semi detached house,1629.06,D17
2019,Dublin 18,Three bed,Semi detached house,1879.72,D18
2019,"Cabinteely, Dublin 18",Three bed,Semi detached house,1878.49,D18
2019,"Leopardstown, Dublin 18",Three bed,Semi detached house,2027.49,D18
2019,"Sandyford, Dublin 18",Three bed,Semi detached house,1922.37,D18
2019,Dublin 20,Three bed,Semi detached house,1632.07,D20
2019,"Palmerstown, Dublin 20",Three bed,Semi detached house,1622.63,D20
2019,Dublin 24,Three bed,Semi detached house,1542.72,D24
2019,"Ballycullen, Dublin 24",Three bed,Semi detached house,1719.88,D24
2019,"Citywest, Dublin 24",Three bed,Semi detached house,1626.07,D24
2019,"Firhouse, Dublin 24",Three bed,Semi detached house,1643.57,D24
2019,"Tallaght, Dublin 24",Three bed,Semi detached house,1624.29,D24
2019,"Balbriggan, Dublin",Three bed,Terrace house,1362.93,D1
2019,"Blackrock, Dublin",Three bed,Terrace house,2237.01,D18
2019,"Lucan, Dublin",Three bed,Terrace house,1812.27,D20
2019,"Lusk, Dublin",Three bed,Terrace house,1480.26,D1
2019,"Malahide, Dublin",Three bed,Terrace house,2091.91,D17
2019,"Stillorgan, Dublin",Three bed,Terrace house,1993.04,D18
2019,"Swords, Dublin",Three bed,Terrace house,1593.93,D17
2019,Dublin 2,Three bed,Terrace house,2651.01,D2
2019,Dublin 3,Three bed,Terrace house,1966.35,D3
2019,"Clontarf, Dublin 3",Three bed,Terrace house,2150.52,D3
2019,"Drumcondra, Dublin 3",Three bed,Terrace house,2000.98,D3
2019,"East Wall, Dublin 3",Three bed,Terrace house,2070.5,D3
2019,"Fairview, Dublin 3",Three bed,Terrace house,1879.99,D3
2019,"Marino, Dublin 3",Three bed,Terrace house,1756.33,D3
2019,Dublin 4,Three bed,Terrace house,2913.35,D4
2019,"Ballsbridge, Dublin 4",Three bed,Terrace house,3411.33,D4
2019,"Donnybrook, Dublin 4",Three bed,Terrace house,2698.2,D4
2019,"Sandymount, Dublin 4",Three bed,Terrace house,2696.17,D4
2019,Dublin 5,Three bed,Terrace house,1754.88,D5
2019,"Artane, Dublin 5",Three bed,Terrace house,1811.44,D5
2019,"Raheny, Dublin 5",Three bed,Terrace house,1823.51,D5
2019,Dublin 6,Three bed,Terrace house,2593.97,D6
2019,"Harolds Cross, Dublin 6",Three bed,Terrace house,1985.45,D6
2019,"Ranelagh, Dublin 6",Three bed,Terrace house,2773.39,D6
2019,"Rathgar, Dublin 6",Three bed,Terrace house,2391.84,D6
2019,"Rathmines, Dublin 6",Three bed,Terrace house,2469.64,D6
2019,Dublin 6W,Three bed,Terrace house,1970.97,D6W
2019,"Harolds Cross, Dublin 6W",Three bed,Terrace house,1934.97,D6W
2019,"Terenure, Dublin 6W",Three bed,Terrace house,2110.43,D6W
2019,Dublin 7,Three bed,Terrace house,1728.0,D7
2019,"Cabra, Dublin 7",Three bed,Terrace house,1537.23,D7
2019,"Navan Road, Dublin 7",Three bed,Terrace house,1715.67,D7
2019,Dublin 8,Three bed,Terrace house,2093.87,D8
2019,"Inchicore, Dublin 8",Three bed,Terrace house,1627.87,D8
2019,Dublin 9,Three bed,Terrace house,1995.24,D9
2019,"Drumcondra, Dublin 9",Three bed,Terrace house,2008.36,D9
2019,"Glasnevin, Dublin 9",Three bed,Terrace house,1740.76,D9
2019,Dublin 10,Three bed,Terrace house,1593.76,D10
2019,"Ballyfermot, Dublin 10",Three bed,Terrace house,1512.15,D10
2019,Dublin 11,Three bed,Terrace house,1443.07,D11
2019,"Finglas, Dublin 11",Three bed,Terrace house,1469.1,D11
2019,Dublin 12,Three bed,Terrace house,1620.01,D12
2019,"Crumlin, Dublin 12",Three bed,Terrace house,1695.94,D12
2019,"Drimnagh, Dublin 12",Three bed,Terrace house,1549.45,D12
2019,"Kimmage, Dublin 12",Three bed,Terrace house,1817.8,D12
2019,"Walkinstown, Dublin 12",Three bed,Terrace house,1507.74,D12
2019,Dublin 13,Three bed,Terrace house,1828.53,D13
2019,"Balgriffin, Dublin 13",Three bed,Terrace house,1856.15,D13
2019,"Sutton, Dublin 13",Three bed,Terrace house,1721.9,D13
2019,Dublin 14,Three bed,Terrace house,1934.58,D14
2019,"Churchtown, Dublin 14",Three bed,Terrace house,2020.57,D14
2019,"Dundrum, Dublin 14",Three bed,Terrace house,2096.02,D14
2019,"Rathfarnham, Dublin 14",Three bed,Terrace house,1893.8,D14
2019,Dublin 15,Three bed,Terrace house,1503.75,D15
2019,"Blanchardstown, Dublin 15",Three bed,Terrace house,1619.76,D15
2019,"Castleknock, Dublin 15",Three bed,Terrace house,1642.13,D15
2019,"Clonsilla, Dublin 15",Three bed,Terrace house,1681.05,D15
2019,"Ongar, Dublin 15",Three bed,Terrace house,1615.03,D15
2019,Dublin 16,Three bed,Terrace house,1936.52,D16
2019,"Dundrum, Dublin 16",Three bed,Terrace house,1999.36,D16
2019,"Rathfarnham, Dublin 16",Three bed,Terrace house,1905.25,D16
2019,Dublin 17,Three bed,Terrace house,1494.49,D17
2019,Dublin 18,Three bed,Terrace house,2041.12,D18
2019,Dublin 20,Three bed,Terrace house,1499.37,D20
2019,Dublin 24,Three bed,Terrace house,1382.69,D24
2019,"Citywest, Dublin 24",Three bed,Terrace house,1621.52,D24
2019,"Tallaght, Dublin 24",Three bed,Terrace house,1540.35,D24
2019,"Balbriggan, Dublin",Three bed,Apartment,1654.62,D1
2019,"Blackrock, Dublin",Three bed,Apartment,2446.31,D18
2019,"Dun Laoghaire, Dublin",Three bed,Apartment,2594.74,D18
2019,"Lucan, Dublin",Three bed,Apartment,1676.5,D20
2019,"Malahide, Dublin",Three bed,Apartment,2111.89,D17
2019,"Saggart, Dublin",Three bed,Apartment,1796.43,D24
2019,"Stillorgan, Dublin",Three bed,Apartment,2299.06,D18
2019,"Swords, Dublin",Three bed,Apartment,1574.28,D17
2019,Dublin 1,Three bed,Apartment,2468.13,D1
2019,Dublin 2,Three bed,Apartment,3026.63,D2
2019,Dublin 3,Three bed,Apartment,2211.19,D3
2019,"Clontarf, Dublin 3",Three bed,Apartment,2370.31,D3
2019,"Drumcondra, Dublin 3",Three bed,Apartment,2027.61,D3
2019,Dublin 4,Three bed,Apartment,3177.33,D4
2019,"Ballsbridge, Dublin 4",Three bed,Apartment,3279.28,D4
2019,"Ringsend, Dublin 4",Three bed,Apartment,2525.66,D4
2019,Dublin 5,Three bed,Apartment,1949.8,D5
2019,Dublin 6,Three bed,Apartment,2504.29,D6
2019,"Milltown, Dublin 6",Three bed,Apartment,2452.2,D6
2019,"Rathmines, Dublin 6",Three bed,Apartment,2185.63,D6
2019,Dublin 6W,Three bed,Apartment,2130.12,D6W
2019,"Terenure, Dublin 6W",Three bed,Apartment,2332.67,D6W
2019,Dublin 7,Three bed,Apartment,2100.1,D7
2019,Dublin 8,Three bed,Apartment,2146.01,D8
2019,"Inchicore, Dublin 8",Three bed,Apartment,1937.8,D8
2019,"Islandbridge, Dublin 8",Three bed,Apartment,2324.5,D8
2019,"Kilmainham , Dublin 8",Three bed,Apartment,2278.69,D8
2019,Dublin 9,Three bed,Apartment,1895.5,D9
2019,"Drumcondra, Dublin 9",Three bed,Apartment,2086.48,D9
2019,"Santry, Dublin 9",Three bed,Apartment,1787.98,D9
2019,Dublin 11,Three bed,Apartment,1663.19,D11
2019,"Finglas, Dublin 11",Three bed,Apartment,1672.42,D11
2019,Dublin 12,Three bed,Apartment,1889.04,D12
2019,Dublin 13,Three bed,Apartment,1912.71,D13
2019,"Clongriffin, Dublin 13",Three bed,Apartment,1672.43,D13
2019,Dublin 14,Three bed,Apartment,2404.56,D14
2019,Dublin 15,Three bed,Apartment,1694.23,D15
2019,"Blanchardstown, Dublin 15",Three bed,Apartment,1579.19,D15
2019,"Castleknock, Dublin 15",Three bed,Apartment,1888.37,D15
2019,"Clonsilla, Dublin 15",Three bed,Apartment,1953.8,D15
2019,Dublin 16,Three bed,Apartment,2185.29,D16
2019,"Dundrum, Dublin 16",Three bed,Apartment,2493.53,D16
2019,Dublin 17,Three bed,Apartment,1762.34,D17
2019,"Malahide Road, Dublin 17",Three bed,Apartment,2239.29,D17
2019,Dublin 18,Three bed,Apartment,2256.31,D18
2019,"Cabinteely, Dublin 18",Three bed,Apartment,1970.22,D18
2019,"Leopardstown, Dublin 18",Three bed,Apartment,2508.09,D18
2019,"Sandyford, Dublin 18",Three bed,Apartment,2200.72,D18
2019,Dublin 24,Three bed,Apartment,1627.28,D24
2019,"Tallaght, Dublin 24",Three bed,Apartment,1662.74,D24
2019,Dublin 6,Three bed,Other flats,1934.01,D6
2019,"Rathmines, Dublin 6",Three bed,Other flats,1929.98,D6
2019,"Blackrock, Dublin",Four plus bed,Detached house,3268.79,D18
2019,"Killiney, Dublin",Four plus bed,Detached house,3421.97,D18
2019,"Malahide, Dublin",Four plus bed,Detached house,3142.53,D17
2019,"Stillorgan, Dublin",Four plus bed,Detached house,2688.6,D18
2019,Dublin 4,Four plus bed,Detached house,3850.04,D4
2019,Dublin 14,Four plus bed,Detached house,3153.66,D14
2019,Dublin 15,Four plus bed,Detached house,2053.04,D15
2019,"Rathfarnham, Dublin 16",Four plus bed,Detached house,3048.19,D16
2019,Dublin 18,Four plus bed,Detached house,3190.96,D18
2019,"Foxrock, Dublin 18",Four plus bed,Detached house,3625.93,D18
2019,"Balbriggan, Dublin",Four plus bed,Semi detached house,1520.92,D1
2019,"Blackrock, Dublin",Four plus bed,Semi detached house,3101.32,D18
2019,"Dun Laoghaire, Dublin",Four plus bed,Semi detached house,2633.97,D18
2019,"Lucan, Dublin",Four plus bed,Semi detached house,2049.57,D20
2019,"Malahide, Dublin",Four plus bed,Semi detached house,2460.96,D17
2019,"Stillorgan, Dublin",Four plus bed,Semi detached house,2659.23,D18
2019,"Swords, Dublin",Four plus bed,Semi detached house,1844.99,D17
2019,Dublin 3,Four plus bed,Semi detached house,2289.43,D3
2019,"Drumcondra, Dublin 3",Four plus bed,Semi detached house,2411.23,D3
2019,Dublin 4,Four plus bed,Semi detached house,3790.49,D4
2019,"Ballsbridge, Dublin 4",Four plus bed,Semi detached house,3854.31,D4
2019,"Donnybrook, Dublin 4",Four plus bed,Semi detached house,4254.61,D4
2019,"Sandymount, Dublin 4",Four plus bed,Semi detached house,3488.45,D4
2019,Dublin 5,Four plus bed,Semi detached house,2211.4,D5
2019,Dublin 6,Four plus bed,Semi detached house,3397.75,D6
2019,Dublin 6W,Four plus bed,Semi detached house,2548.92,D6W
2019,"Terenure, Dublin 6W",Four plus bed,Semi detached house,2828.81,D6W
2019,Dublin 7,Four plus bed,Semi detached house,2321.11,D7
2019,Dublin 9,Four plus bed,Semi detached house,2202.78,D9
2019,"Beaumont, Dublin 9",Four plus bed,Semi detached house,1827.96,D9
2019,"Drumcondra, Dublin 9",Four plus bed,Semi detached house,2410.34,D9
2019,"Glasnevin, Dublin 9",Four plus bed,Semi detached house,2365.11,D9
2019,"Santry, Dublin 9",Four plus bed,Semi detached house,2105.14,D9
2019,Dublin 11,Four plus bed,Semi detached house,1998.66,D11
2019,Dublin 12,Four plus bed,Semi detached house,2198.96,D12
2019,Dublin 13,Four plus bed,Semi detached house,2092.15,D13
2019,"Balgriffin, Dublin 13",Four plus bed,Semi detached house,2287.42,D13
2019,Dublin 14,Four plus bed,Semi detached house,2634.06,D14
2019,"Clonskeagh, Dublin 14",Four plus bed,Semi detached house,3202.96,D14
2019,"Rathfarnham, Dublin 14",Four plus bed,Semi detached house,2288.6,D14
2019,Dublin 15,Four plus bed,Semi detached house,1929.34,D15
2019,"Castleknock, Dublin 15",Four plus bed,Semi detached house,2108.96,D15
2019,"Clonee, Dublin 15",Four plus bed,Semi detached house,1775.86,D15
2019,"Clonsilla, Dublin 15",Four plus bed,Semi detached house,1902.0,D15
2019,Dublin 16,Four plus bed,Semi detached house,2465.98,D16
2019,"Dundrum, Dublin 16",Four plus bed,Semi detached house,2466.31,D16
2019,"Rathfarnham, Dublin 16",Four plus bed,Semi detached house,2332.63,D16
2019,Dublin 18,Four plus bed,Semi detached house,2485.93,D18
2019,"Foxrock, Dublin 18",Four plus bed,Semi detached house,2626.86,D18
2019,Dublin 24,Four plus bed,Semi detached house,1840.22,D24
2019,"Tallaght, Dublin 24",Four plus bed,Semi detached house,1687.74,D24
2019,"Malahide, Dublin",Four plus bed,Terrace house,2924.43,D17
2019,Dublin 3,Four plus bed,Terrace house,2579.66,D3
2019,"Drumcondra, Dublin 3",Four plus bed,Terrace house,2266.8,D3
2019,Dublin 4,Four plus bed,Terrace house,3776.2,D4
2019,"Ballsbridge, Dublin 4",Four plus bed,Terrace house,3955.13,D4
2019,Dublin 6,Four plus bed,Terrace house,3440.84,D6
2019,"Ranelagh, Dublin 6",Four plus bed,Terrace house,3341.8,D6
2019,"Rathmines, Dublin 6",Four plus bed,Terrace house,3287.43,D6
2019,Dublin 6W,Four plus bed,Terrace house,2650.94,D6W
2019,Dublin 7,Four plus bed,Terrace house,2281.23,D7
2019,Dublin 8,Four plus bed,Terrace house,2548.85,D8
2019,Dublin 9,Four plus bed,Terrace house,2181.4,D9
2019,"Drumcondra, Dublin 9",Four plus bed,Terrace house,2017.24,D9
2019,"Glasnevin, Dublin 9",Four plus bed,Terrace house,2610.48,D9
2019,Dublin 11,Four plus bed,Terrace house,2033.13,D11
2019,"Finglas, Dublin 11",Four plus bed,Terrace house,2006.68,D11
2019,Dublin 12,Four plus bed,Terrace house,2048.26,D12
2019,Dublin 13,Four plus bed,Terrace house,2089.6,D13
2019,"Balgriffin, Dublin 13",Four plus bed,Terrace house,2188.42,D13
2019,Dublin 14,Four plus bed,Terrace house,2697.03,D14
2019,Dublin 15,Four plus bed,Terrace house,1886.0,D15
2019,"Tyrrelstown, Dublin 15",Four plus bed,Terrace house,1562.97,D15
2019,Dublin 24,Four plus bed,Terrace house,1686.5,D24
2020,Dublin 1,One bed,Terrace house,1081.71,D1
2020,Dublin 3,One bed,Terrace house,1269.18,D3
2020,Dublin 4,One bed,Terrace house,1777.01,D4
2020,Dublin 6,One bed,Terrace house,1222.02,D6
2020,Dublin 7,One bed,Terrace house,1064.12,D7
2020,Dublin 8,One bed,Terrace house,1388.19,D8
2020,"Balbriggan, Dublin",One bed,Apartment,1017.46,D1
2020,"Blackrock, Dublin",One bed,Apartment,1552.76,D18
2020,"Donabate, Dublin",One bed,Apartment,1131.27,D13
2020,"Dun Laoghaire, Dublin",One bed,Apartment,1571.32,D18
2020,"Howth, Dublin",One bed,Apartment,1496.73,D13
2020,"Lucan, Dublin",One bed,Apartment,1243.12,D20
2020,"Malahide, Dublin",One bed,Apartment,1542.93,D17
2020,"Monkstown, Dublin",One bed,Apartment,1334.95,D18
2020,"Portmarnock, Dublin",One bed,Apartment,1319.1,D13
2020,"Saggart, Dublin",One bed,Apartment,1258.67,D24
2020,"Stillorgan, Dublin",One bed,Apartment,1575.26,D18
2020,"Swords, Dublin",One bed,Apartment,1214.22,D17
2020,Dublin 1,One bed,Apartment,1539.69,D1
2020,"I.F.S.C., Dublin 1",One bed,Apartment,1603.49,D1
2020,"Parnell Street, Dublin 1",One bed,Apartment,1402.95,D1
2020,"Summerhill, Dublin 1",One bed,Apartment,1436.5,D1
2020,Dublin 2,One bed,Apartment,1764.33,D2
2020,"Pearse Street, Dublin 2",One bed,Apartment,1598.66,D2
2020,"Temple Bar, Dublin 2",One bed,Apartment,1600.7,D2
2020,"Townsend Street, Dublin 2",One bed,Apartment,1631.94,D2
2020,Dublin 3,One bed,Apartment,1457.45,D3
2020,"Clonliffe, Dublin 3",One bed,Apartment,1384.55,D3
2020,"Clontarf, Dublin 3",One bed,Apartment,1461.55,D3
2020,"Drumcondra, Dublin 3",One bed,Apartment,1233.87,D3
2020,"East Wall, Dublin 3",One bed,Apartment,1492.33,D3
2020,"Fairview, Dublin 3",One bed,Apartment,1362.8,D3
2020,Dublin 4,One bed,Apartment,1700.34,D4
2020,"Ballsbridge, Dublin 4",One bed,Apartment,1693.83,D4
2020,"Donnybrook, Dublin 4",One bed,Apartment,1439.73,D4
2020,"Merrion, Dublin 4",One bed,Apartment,1582.96,D4
2020,"Pembroke, Dublin 4",One bed,Apartment,1740.57,D4
2020,"Ringsend, Dublin 4",One bed,Apartment,1595.84,D4
2020,"Sandymount, Dublin 4",One bed,Apartment,1589.37,D4
2020,Dublin 5,One bed,Apartment,1288.82,D5
2020,"Raheny, Dublin 5",One bed,Apartment,1260.54,D5
2020,Dublin 6,One bed,Apartment,1460.79,D6
2020,"Harolds Cross, Dublin 6",One bed,Apartment,1393.74,D6
2020,"Milltown, Dublin 6",One bed,Apartment,1707.02,D6
2020,"Ranelagh, Dublin 6",One bed,Apartment,1484.3,D6
2020,"Rathgar, Dublin 6",One bed,Apartment,1384.3,D6
2020,"Rathmines, Dublin 6",One bed,Apartment,1371.11,D6
2020,"Terenure, Dublin 6",One bed,Apartment,1309.16,D6
2020,Dublin 6W,One bed,Apartment,1408.65,D6W
2020,"Harolds Cross, Dublin 6W",One bed,Apartment,1303.38,D6W
2020,"Terenure, Dublin 6W",One bed,Apartment,1422.22,D6W
2020,Dublin 7,One bed,Apartment,1336.51,D7
2020,"Cabra, Dublin 7",One bed,Apartment,1192.77,D7
2020,"Navan Road, Dublin 7",One bed,Apartment,1285.84,D7
2020,"Phibsboro, Dublin 7",One bed,Apartment,1178.72,D7
2020,"Smithfield, Dublin 7",One bed,Apartment,1496.0,D7
2020,Dublin 8,One bed,Apartment,1477.16,D8
2020,"Christchurch, Dublin 8",One bed,Apartment,1469.11,D8
2020,"Cork Street, Dublin 8",One bed,Apartment,1368.38,D8
2020,"Inchicore, Dublin 8",One bed,Apartment,1275.96,D8
2020,"Islandbridge, Dublin 8",One bed,Apartment,1574.28,D8
2020,"Kilmainham , Dublin 8",One bed,Apartment,1344.5,D8
2020,"Portobello, Dublin 8",One bed,Apartment,1340.27,D8
2020,"Rialto, Dublin 8",One bed,Apartment,1311.05,D8
2020,"South Circular Road, Dublin 8",One bed,Apartment,1308.75,D8
2020,Dublin 9,One bed,Apartment,1325.33,D9
2020,"Drumcondra, Dublin 9",One bed,Apartment,1282.03,D9
2020,"Glasnevin, Dublin 9",One bed,Apartment,1237.75,D9
2020,"Santry, Dublin 9",One bed,Apartment,1374.53,D9
2020,Dublin 11,One bed,Apartment,1299.2,D11
2020,"Finglas, Dublin 11",One bed,Apartment,1228.9,D11
2020,"Glasnevin, Dublin 11",One bed,Apartment,1284.56,D11
2020,Dublin 12,One bed,Apartment,1307.99,D12
2020,"Drimnagh, Dublin 12",One bed,Apartment,1391.84,D12
2020,"Kimmage, Dublin 12",One bed,Apartment,1254.43,D12
2020,Dublin 13,One bed,Apartment,1414.71,D13
2020,"Baldoyle, Dublin 13",One bed,Apartment,1338.35,D13
2020,"Clongriffin, Dublin 13",One bed,Apartment,1398.81,D13
2020,Dublin 14,One bed,Apartment,1589.19,D14
2020,"Churchtown, Dublin 14",One bed,Apartment,1830.23,D14
2020,"Clonskeagh, Dublin 14",One bed,Apartment,1493.51,D14
2020,"Dundrum, Dublin 14",One bed,Apartment,1519.79,D14
2020,"Rathfarnham, Dublin 14",One bed,Apartment,1445.63,D14
2020,Dublin 15,One bed,Apartment,1358.31,D15
2020,"Ashtown, Dublin 15",One bed,Apartment,1462.63,D15
2020,"Castleknock, Dublin 15",One bed,Apartment,1430.89,D15
2020,"Ongar, Dublin 15",One bed,Apartment,1081.79,D15
2020,"Royal Canal Park, Dublin 15",One bed,Apartment,1311.25,D15
2020,Dublin 16,One bed,Apartment,1565.56,D16
2020,"Dundrum, Dublin 16",One bed,Apartment,1582.84,D16
2020,"Rathfarnham, Dublin 16",One bed,Apartment,1356.34,D16
2020,Dublin 17,One bed,Apartment,1239.77,D17
2020,"Malahide Road, Dublin 17",One bed,Apartment,1227.42,D17
2020,Dublin 18,One bed,Apartment,1536.75,D18
2020,"Carrickmines, Dublin 18",One bed,Apartment,1437.61,D18
2020,"Leopardstown, Dublin 18",One bed,Apartment,1756.05,D18
2020,"Sandyford, Dublin 18",One bed,Apartment,1528.62,D18
2020,"Stepaside, Dublin 18",One bed,Apartment,1431.89,D18
2020,Dublin 20,One bed,Apartment,1257.64,D20
2020,"Chapelizod, Dublin 20",One bed,Apartment,1267.83,D20
2020,Dublin 24,One bed,Apartment,1225.36,D24
2020,"Citywest, Dublin 24",One bed,Apartment,1302.22,D24
2020,"Tallaght, Dublin 24",One bed,Apartment,1242.12,D24
2020,"Dun Laoghaire, Dublin",One bed,Other flats,1055.85,D18
2020,"Monkstown, Dublin",One bed,Other flats,1120.44,D18
2020,Dublin 1,One bed,Other flats,1150.48,D1
2020,Dublin 2,One bed,Other flats,1394.37,D2
2020,Dublin 3,One bed,Other flats,1087.52,D3
2020,"Clontarf, Dublin 3",One bed,Other flats,995.24,D3
2020,"Drumcondra, Dublin 3",One bed,Other flats,991.9,D3
2020,"Fairview, Dublin 3",One bed,Other flats,1039.82,D3
2020,"North Strand, Dublin 3",One bed,Other flats,1170.22,D3
2020,Dublin 4,One bed,Other flats,1199.18,D4
2020,"Ballsbridge, Dublin 4",One bed,Other flats,1221.31,D4
2020,"Donnybrook, Dublin 4",One bed,Other flats,1206.8,D4
2020,"Sandymount, Dublin 4",One bed,Other flats,1039.3,D4
2020,Dublin 6,One bed,Other flats,1124.13,D6
2020,"Harolds Cross, Dublin 6",One bed,Other flats,1019.02,D6
2020,"Ranelagh, Dublin 6",One bed,Other flats,1118.4,D6
2020,"Rathgar, Dublin 6",One bed,Other flats,1085.73,D6
2020,"Rathmines, Dublin 6",One bed,Other flats,1061.63,D6
2020,"Terenure, Dublin 6",One bed,Other flats,1161.91,D6
2020,Dublin 6W,One bed,Other flats,1007.5,D6W
2020,"Harolds Cross, Dublin 6W",One bed,Other flats,1043.3,D6W
2020,"Terenure, Dublin 6W",One bed,Other flats,1065.73,D6W
2020,Dublin 7,One bed,Other flats,1088.89,D7
2020,"Cabra, Dublin 7",One bed,Other flats,1015.62,D7
2020,"North Circular Road, Dublin 7",One bed,Other flats,1034.42,D7
2020,"Phibsboro, Dublin 7",One bed,Other flats,895.12,D7
2020,Dublin 8,One bed,Other flats,1083.19,D8
2020,"Inchicore, Dublin 8",One bed,Other flats,1001.13,D8
2020,"Kilmainham , Dublin 8",One bed,Other flats,1073.91,D8
2020,"Portobello, Dublin 8",One bed,Other flats,1089.83,D8
2020,"Rialto, Dublin 8",One bed,Other flats,1065.41,D8
2020,"South Circular Road, Dublin 8",One bed,Other flats,979.99,D8
2020,Dublin 9,One bed,Other flats,1120.86,D9
2020,"Drumcondra, Dublin 9",One bed,Other flats,1146.42,D9
2020,"Glasnevin, Dublin 9",One bed,Other flats,844.98,D9
2020,Dublin 11,One bed,Other flats,940.99,D11
2020,Dublin 12,One bed,Other flats,1068.4,D12
2020,"Crumlin, Dublin 12",One bed,Other flats,1148.94,D12
2020,Dublin 24,One bed,Other flats,950.58,D24
2020,"Balbriggan, Dublin",Two bed,Semi detached house,1262.37,D1
2020,Dublin 3,Two bed,Semi detached house,1751.72,D3
2020,Dublin 4,Two bed,Semi detached house,2134.92,D4
2020,"Sandymount, Dublin 4",Two bed,Semi detached house,1920.93,D4
2020,Dublin 5,Two bed,Semi detached house,1687.87,D5
2020,Dublin 6,Two bed,Semi detached house,1954.83,D6
2020,Dublin 7,Two bed,Semi detached house,1627.37,D7
2020,Dublin 8,Two bed,Semi detached house,1765.68,D8
2020,Dublin 9,Two bed,Semi detached house,1518.89,D9
2020,Dublin 12,Two bed,Semi detached house,1653.59,D12
2020,"Drimnagh, Dublin 12",Two bed,Semi detached house,1643.89,D12
2020,Dublin 14,Two bed,Semi detached house,1868.05,D14
2020,Dublin 15,Two bed,Semi detached house,1508.12,D15
2020,"Balbriggan, Dublin",Two bed,Terrace house,1241.91,D1
2020,"Blackrock, Dublin",Two bed,Terrace house,1905.16,D18
2020,"Dun Laoghaire, Dublin",Two bed,Terrace house,1755.97,D18
2020,"Lucan, Dublin",Two bed,Terrace house,1423.69,D20
2020,"Lusk, Dublin",Two bed,Terrace house,1336.32,D1
2020,"Swords, Dublin",Two bed,Terrace house,1492.36,D17
2020,Dublin 1,Two bed,Terrace house,1665.99,D1
2020,Dublin 2,Two bed,Terrace house,2147.9,D2
2020,Dublin 3,Two bed,Terrace house,1689.55,D3
2020,"Clontarf, Dublin 3",Two bed,Terrace house,1822.73,D3
2020,"Drumcondra, Dublin 3",Two bed,Terrace house,1717.49,D3
2020,"East Wall, Dublin 3",Two bed,Terrace house,1603.41,D3
2020,Dublin 4,Two bed,Terrace house,2121.62,D4
2020,"Ballsbridge, Dublin 4",Two bed,Terrace house,2354.58,D4
2020,"Donnybrook, Dublin 4",Two bed,Terrace house,1999.99,D4
2020,"Ringsend, Dublin 4",Two bed,Terrace house,1914.59,D4
2020,"Sandymount, Dublin 4",Two bed,Terrace house,2160.6,D4
2020,Dublin 5,Two bed,Terrace house,1687.77,D5
2020,Dublin 6,Two bed,Terrace house,1882.37,D6
2020,"Harolds Cross, Dublin 6",Two bed,Terrace house,1746.27,D6
2020,"Milltown, Dublin 6",Two bed,Terrace house,1883.31,D6
2020,"Ranelagh, Dublin 6",Two bed,Terrace house,2102.82,D6
2020,"Rathgar, Dublin 6",Two bed,Terrace house,1848.55,D6
2020,"Rathmines, Dublin 6",Two bed,Terrace house,1867.1,D6
2020,Dublin 6W,Two bed,Terrace house,1718.1,D6W
2020,Dublin 7,Two bed,Terrace house,1649.89,D7
2020,"Arbour Hill, Dublin 7",Two bed,Terrace house,1770.6,D7
2020,"Cabra, Dublin 7",Two bed,Terrace house,1534.83,D7
2020,"Stoneybatter, Dublin 7",Two bed,Terrace house,1652.32,D7
2020,Dublin 8,Two bed,Terrace house,1730.75,D8
2020,"Inchicore, Dublin 8",Two bed,Terrace house,1573.24,D8
2020,"Kilmainham , Dublin 8",Two bed,Terrace house,1757.6,D8
2020,"Rialto, Dublin 8",Two bed,Terrace house,1559.97,D8
2020,"South Circular Road, Dublin 8",Two bed,Terrace house,1921.8,D8
2020,Dublin 9,Two bed,Terrace house,1681.77,D9
2020,"Drumcondra, Dublin 9",Two bed,Terrace house,1630.05,D9
2020,"Glasnevin, Dublin 9",Two bed,Terrace house,1445.77,D9
2020,"Whitehall, Dublin 9",Two bed,Terrace house,1490.72,D9
2020,Dublin 10,Two bed,Terrace house,1469.71,D10
2020,"Ballyfermot, Dublin 10",Two bed,Terrace house,1438.8,D10
2020,Dublin 11,Two bed,Terrace house,1422.4,D11
2020,"Finglas, Dublin 11",Two bed,Terrace house,1413.76,D11
2020,Dublin 12,Two bed,Terrace house,1531.5,D12
2020,"Crumlin, Dublin 12",Two bed,Terrace house,1542.5,D12
2020,"Drimnagh, Dublin 12",Two bed,Terrace house,1574.79,D12
2020,"Kimmage, Dublin 12",Two bed,Terrace house,1683.38,D12
2020,Dublin 13,Two bed,Terrace house,1816.48,D13
2020,Dublin 14,Two bed,Terrace house,1755.3,D14
2020,Dublin 15,Two bed,Terrace house,1429.94,D15
2020,"Clonee, Dublin 15",Two bed,Terrace house,1491.9,D15
2020,"Clonsilla, Dublin 15",Two bed,Terrace house,1288.96,D15
2020,"Rathfarnham, Dublin 16",Two bed,Terrace house,1747.57,D16
2020,Dublin 18,Two bed,Terrace house,1905.19,D18
2020,Dublin 24,Two bed,Terrace house,1419.83,D24
2020,"Balbriggan, Dublin",Two bed,Apartment,1318.97,D1
2020,"Blackrock, Dublin",Two bed,Apartment,1863.29,D18
2020,"Booterstown, Dublin",Two bed,Apartment,1951.44,D4
2020,"Dalkey, Dublin",Two bed,Apartment,1811.91,D18
2020,"Donabate, Dublin",Two bed,Apartment,1478.53,D13
2020,"Dun Laoghaire, Dublin",Two bed,Apartment,2017.69,D18
2020,"Howth, Dublin",Two bed,Apartment,1852.51,D13
2020,"Killiney, Dublin",Two bed,Apartment,2157.47,D18
2020,"Kinsealy, Dublin",Two bed,Apartment,1496.7,D17
2020,"Lucan, Dublin",Two bed,Apartment,1601.49,D20
2020,"Malahide, Dublin",Two bed,Apartment,1812.47,D17
2020,"Monkstown, Dublin",Two bed,Apartment,1791.08,D18
2020,"Portmarnock, Dublin",Two bed,Apartment,1605.86,D13
2020,"Rathcoole, Dublin",Two bed,Apartment,1408.69,D24
2020,"Rush, Dublin",Two bed,Apartment,1252.8,D1
2020,"Saggart, Dublin",Two bed,Apartment,1574.95,D24
2020,"Shankill, Dublin",Two bed,Apartment,1532.29,D18
2020,"Skerries, Dublin",Two bed,Apartment,1334.0,D1
2020,"Stillorgan, Dublin",Two bed,Apartment,1892.35,D18
2020,"Swords, Dublin",Two bed,Apartment,1504.06,D17
2020,Dublin 1,Two bed,Apartment,1936.47,D1
2020,"I.F.S.C., Dublin 1",Two bed,Apartment,1982.65,D1
2020,"Parnell Street, Dublin 1",Two bed,Apartment,1843.68,D1
2020,"Spencer Dock, Dublin 1",Two bed,Apartment,2134.73,D1
2020,"Summerhill, Dublin 1",Two bed,Apartment,1793.83,D1
2020,Dublin 2,Two bed,Apartment,2421.29,D2
2020,"Charlemont Street, Dublin 2",Two bed,Apartment,1981.24,D2
2020,"Grand Canal Dock, Dublin 2",Two bed,Apartment,2466.62,D2
2020,"Grand Canal Square, Dublin 2",Two bed,Apartment,2867.76,D2
2020,"Hanover Quay, Dublin 2",Two bed,Apartment,2567.89,D2
2020,"Pearse Street, Dublin 2",Two bed,Apartment,1938.95,D2
2020,"Townsend Street, Dublin 2",Two bed,Apartment,1874.04,D2
2020,Dublin 3,Two bed,Apartment,1757.21,D3
2020,"Clonliffe, Dublin 3",Two bed,Apartment,1727.27,D3
2020,"Clontarf, Dublin 3",Two bed,Apartment,1773.96,D3
2020,"Drumcondra, Dublin 3",Two bed,Apartment,1641.71,D3
2020,"East Wall, Dublin 3",Two bed,Apartment,1872.13,D3
2020,"Fairview, Dublin 3",Two bed,Apartment,1707.62,D3
2020,Dublin 4,Two bed,Apartment,2243.61,D4
2020,"Ballsbridge, Dublin 4",Two bed,Apartment,2570.35,D4
2020,"Donnybrook, Dublin 4",Two bed,Apartment,2010.81,D4
2020,"Merrion, Dublin 4",Two bed,Apartment,2054.63,D4
2020,"Pembroke, Dublin 4",Two bed,Apartment,2263.21,D4
2020,"Ringsend, Dublin 4",Two bed,Apartment,1913.35,D4
2020,"Sandymount, Dublin 4",Two bed,Apartment,1989.24,D4
2020,Dublin 5,Two bed,Apartment,1703.06,D5
2020,"Artane, Dublin 5",Two bed,Apartment,1630.43,D5
2020,"Raheny, Dublin 5",Two bed,Apartment,1734.79,D5
2020,Dublin 6,Two bed,Apartment,2035.36,D6
2020,"Harolds Cross, Dublin 6",Two bed,Apartment,1909.46,D6
2020,"Milltown, Dublin 6",Two bed,Apartment,2036.91,D6
2020,"Ranelagh, Dublin 6",Two bed,Apartment,1983.44,D6
2020,"Rathgar, Dublin 6",Two bed,Apartment,1953.17,D6
2020,"Rathmines, Dublin 6",Two bed,Apartment,1789.01,D6
2020,"Terenure, Dublin 6",Two bed,Apartment,1843.31,D6
2020,Dublin 6W,Two bed,Apartment,1938.27,D6W
2020,"Terenure, Dublin 6W",Two bed,Apartment,1855.78,D6W
2020,Dublin 7,Two bed,Apartment,1752.09,D7
2020,"Cabra, Dublin 7",Two bed,Apartment,1608.15,D7
2020,"Navan Road, Dublin 7",Two bed,Apartment,1628.14,D7
2020,"Smithfield, Dublin 7",Two bed,Apartment,1868.89,D7
2020,Dublin 8,Two bed,Apartment,1717.66,D8
2020,"Christchurch, Dublin 8",Two bed,Apartment,1800.13,D8
2020,"Cork Street, Dublin 8",Two bed,Apartment,1715.79,D8
2020,"Inchicore, Dublin 8",Two bed,Apartment,1517.57,D8
2020,"Islandbridge, Dublin 8",Two bed,Apartment,1915.35,D8
2020,"Kilmainham , Dublin 8",Two bed,Apartment,1669.19,D8
2020,"Rialto, Dublin 8",Two bed,Apartment,1598.22,D8
2020,"South Circular Road, Dublin 8",Two bed,Apartment,1702.47,D8
2020,Dublin 9,Two bed,Apartment,1597.18,D9
2020,"Ballymun, Dublin 9",Two bed,Apartment,1564.42,D9
2020,"Beaumont, Dublin 9",Two bed,Apartment,1521.78,D9
2020,"Drumcondra, Dublin 9",Two bed,Apartment,1708.23,D9
2020,"Glasnevin, Dublin 9",Two bed,Apartment,1546.92,D9
2020,"Santry, Dublin 9",Two bed,Apartment,1708.82,D9
2020,Dublin 10,Two bed,Apartment,1413.99,D10
2020,"Cherry Orchard, Dublin 10",Two bed,Apartment,1378.21,D10
2020,Dublin 11,Two bed,Apartment,1471.51,D11
2020,"Ballymun, Dublin 11",Two bed,Apartment,1475.5,D11
2020,"Finglas, Dublin 11",Two bed,Apartment,1411.09,D11
2020,"Glasnevin, Dublin 11",Two bed,Apartment,1531.82,D11
2020,"Meakstown, Dublin 11",Two bed,Apartment,1470.42,D11
2020,Dublin 12,Two bed,Apartment,1567.4,D12
2020,"Crumlin, Dublin 12",Two bed,Apartment,1650.88,D12
2020,"Drimnagh, Dublin 12",Two bed,Apartment,1625.14,D12
2020,"Kimmage, Dublin 12",Two bed,Apartment,1648.06,D12
2020,Dublin 13,Two bed,Apartment,1785.45,D13
2020,"Baldoyle, Dublin 13",Two bed,Apartment,1573.24,D13
2020,"Balgriffin, Dublin 13",Two bed,Apartment,1529.9,D13
2020,"Clongriffin, Dublin 13",Two bed,Apartment,1755.62,D13
2020,"Sutton, Dublin 13",Two bed,Apartment,1649.97,D13
2020,Dublin 14,Two bed,Apartment,1943.45,D14
2020,"Churchtown, Dublin 14",Two bed,Apartment,2407.86,D14
2020,"Clonskeagh, Dublin 14",Two bed,Apartment,1813.69,D14
2020,"Dundrum, Dublin 14",Two bed,Apartment,1930.82,D14
2020,"Goatstown, Dublin 14",Two bed,Apartment,2071.29,D14
2020,"Rathfarnham, Dublin 14",Two bed,Apartment,1709.14,D14
2020,Dublin 15,Two bed,Apartment,1628.26,D15
2020,"Ashtown, Dublin 15",Two bed,Apartment,1682.81,D15
2020,"Blanchardstown, Dublin 15",Two bed,Apartment,1550.38,D15
2020,"Castleknock, Dublin 15",Two bed,Apartment,1734.39,D15
2020,"Clonee, Dublin 15",Two bed,Apartment,1359.55,D15
2020,"Clonsilla, Dublin 15",Two bed,Apartment,1492.81,D15
2020,"Ongar, Dublin 15",Two bed,Apartment,1486.3,D15
2020,"Porterstown, Dublin 15",Two bed,Apartment,1513.26,D15
2020,"Royal Canal Park, Dublin 15",Two bed,Apartment,1519.75,D15
2020,"Tyrrelstown, Dublin 15",Two bed,Apartment,1269.31,D15
2020,Dublin 16,Two bed,Apartment,1859.72,D16
2020,"Ballinteer, Dublin 16",Two bed,Apartment,1764.79,D16
2020,"Dundrum, Dublin 16",Two bed,Apartment,1897.21,D16
2020,"Rathfarnham, Dublin 16",Two bed,Apartment,1695.0,D16
2020,Dublin 17,Two bed,Apartment,1519.65,D17
2020,"Malahide Road, Dublin 17",Two bed,Apartment,1654.91,D17
2020,Dublin 18,Two bed,Apartment,1844.98,D18
2020,"Cabinteely, Dublin 18",Two bed,Apartment,1649.95,D18
2020,"Carrickmines, Dublin 18",Two bed,Apartment,1812.67,D18
2020,"Leopardstown, Dublin 18",Two bed,Apartment,1970.36,D18
2020,"Sandyford, Dublin 18",Two bed,Apartment,1833.03,D18
2020,"Stepaside, Dublin 18",Two bed,Apartment,1694.15,D18
2020,Dublin 20,Two bed,Apartment,1441.27,D20
2020,"Chapelizod, Dublin 20",Two bed,Apartment,1445.24,D20
2020,Dublin 24,Two bed,Apartment,1480.47,D24
2020,"Ballycullen, Dublin 24",Two bed,Apartment,1572.6,D24
2020,"Citywest, Dublin 24",Two bed,Apartment,1575.93,D24
2020,"Tallaght, Dublin 24",Two bed,Apartment,1466.94,D24
2020,Dublin 1,Two bed,Other flats,1424.71,D1
2020,Dublin 2,Two bed,Other flats,1672.3,D2
2020,Dublin 3,Two bed,Other flats,1422.45,D3
2020,"Drumcondra, Dublin 3",Two bed,Other flats,1381.4,D3
2020,Dublin 4,Two bed,Other flats,1702.6,D4
2020,"Ballsbridge, Dublin 4",Two bed,Other flats,1820.32,D4
2020,Dublin 6,Two bed,Other flats,1435.29,D6
2020,"Ranelagh, Dublin 6",Two bed,Other flats,1433.53,D6
2020,"Rathgar, Dublin 6",Two bed,Other flats,1501.22,D6
2020,"Rathmines, Dublin 6",Two bed,Other flats,1425.73,D6
2020,Dublin 7,Two bed,Other flats,1432.45,D7
2020,Dublin 8,Two bed,Other flats,1375.53,D8
2020,Dublin 9,Two bed,Other flats,1464.04,D9
2020,Dublin 12,Two bed,Other flats,1470.63,D12
2020,Dublin 4,Three bed,Detached house,3348.75,D4
2020,"Ballsbridge, Dublin 4",Three bed,Detached house,3694.92,D4
2020,Dublin 15,Three bed,Detached house,1651.09,D15
2020,Dublin 24,Three bed,Detached house,1640.88,D24
2020,"Balbriggan, Dublin",Three bed,Semi detached house,1491.13,D1
2020,"Blackrock, Dublin",Three bed,Semi detached house,2270.62,D18
2020,"Donabate, Dublin",Three bed,Semi detached house,1827.85,D13
2020,"Dun Laoghaire, Dublin",Three bed,Semi detached house,2184.48,D18
2020,"Kinsealy, Dublin",Three bed,Semi detached house,1537.1,D17
2020,"Lucan, Dublin",Three bed,Semi detached house,1682.56,D20
2020,"Lusk, Dublin",Three bed,Semi detached house,1574.83,D1
2020,"Malahide, Dublin",Three bed,Semi detached house,2164.81,D17
2020,"Rush, Dublin",Three bed,Semi detached house,1541.74,D1
2020,"Skerries, Dublin",Three bed,Semi detached house,1560.19,D1
2020,"Stillorgan, Dublin",Three bed,Semi detached house,2177.93,D18
2020,"Swords, Dublin",Three bed,Semi detached house,1644.08,D17
2020,Dublin 3,Three bed,Semi detached house,2204.05,D3
2020,"Clontarf, Dublin 3",Three bed,Semi detached house,2124.78,D3
2020,"Drumcondra, Dublin 3",Three bed,Semi detached house,2003.84,D3
2020,Dublin 4,Three bed,Semi detached house,2931.63,D4
2020,"Ballsbridge, Dublin 4",Three bed,Semi detached house,3025.45,D4
2020,"Sandymount, Dublin 4",Three bed,Semi detached house,3120.06,D4
2020,Dublin 5,Three bed,Semi detached house,1853.78,D5
2020,"Artane, Dublin 5",Three bed,Semi detached house,1770.6,D5
2020,"Raheny, Dublin 5",Three bed,Semi detached house,1856.2,D5
2020,Dublin 6,Three bed,Semi detached house,2649.43,D6
2020,"Ranelagh, Dublin 6",Three bed,Semi detached house,2868.03,D6
2020,Dublin 6W,Three bed,Semi detached house,2054.7,D6W
2020,"Templeogue, Dublin 6W",Three bed,Semi detached house,1951.8,D6W
2020,"Terenure, Dublin 6W",Three bed,Semi detached house,2111.55,D6W
2020,Dublin 7,Three bed,Semi detached house,1864.06,D7
2020,"Cabra, Dublin 7",Three bed,Semi detached house,1724.16,D7
2020,"Navan Road, Dublin 7",Three bed,Semi detached house,1879.58,D7
2020,Dublin 8,Three bed,Semi detached house,1990.09,D8
2020,Dublin 9,Three bed,Semi detached house,1878.76,D9
2020,"Beaumont, Dublin 9",Three bed,Semi detached house,1775.91,D9
2020,"Drumcondra, Dublin 9",Three bed,Semi detached house,2050.34,D9
2020,"Glasnevin, Dublin 9",Three bed,Semi detached house,1858.41,D9
2020,"Santry, Dublin 9",Three bed,Semi detached house,1831.59,D9
2020,"Whitehall, Dublin 9",Three bed,Semi detached house,1778.91,D9
2020,Dublin 11,Three bed,Semi detached house,1698.56,D11
2020,"Finglas, Dublin 11",Three bed,Semi detached house,1527.41,D11
2020,"Glasnevin, Dublin 11",Three bed,Semi detached house,1684.36,D11
2020,Dublin 12,Three bed,Semi detached house,1785.31,D12
2020,"Crumlin, Dublin 12",Three bed,Semi detached house,1790.97,D12
2020,"Drimnagh, Dublin 12",Three bed,Semi detached house,1627.4,D12
2020,Dublin 13,Three bed,Semi detached house,1717.82,D13
2020,"Donaghmede, Dublin 13",Three bed,Semi detached house,1356.19,D13
2020,Dublin 14,Three bed,Semi detached house,2327.24,D14
2020,"Churchtown, Dublin 14",Three bed,Semi detached house,2204.62,D14
2020,"Clonskeagh, Dublin 14",Three bed,Semi detached house,2270.4,D14
2020,"Rathfarnham, Dublin 14",Three bed,Semi detached house,2180.67,D14
2020,Dublin 15,Three bed,Semi detached house,1552.17,D15
2020,"Blanchardstown, Dublin 15",Three bed,Semi detached house,1544.02,D15
2020,"Castleknock, Dublin 15",Three bed,Semi detached house,1744.52,D15
2020,"Clonee, Dublin 15",Three bed,Semi detached house,1579.88,D15
2020,"Clonsilla, Dublin 15",Three bed,Semi detached house,1629.86,D15
2020,"Mulhuddart, Dublin 15",Three bed,Semi detached house,1467.21,D15
2020,Dublin 16,Three bed,Semi detached house,1962.41,D16
2020,"Ballinteer, Dublin 16",Three bed,Semi detached house,1780.6,D16
2020,"Dundrum, Dublin 16",Three bed,Semi detached house,2240.39,D16
2020,"Knocklyon, Dublin 16",Three bed,Semi detached house,1842.22,D16
2020,"Rathfarnham, Dublin 16",Three bed,Semi detached house,2054.54,D16
2020,Dublin 17,Three bed,Semi detached house,1687.78,D17
2020,Dublin 18,Three bed,Semi detached house,1975.23,D18
2020,"Cabinteely, Dublin 18",Three bed,Semi detached house,2005.53,D18
2020,"Leopardstown, Dublin 18",Three bed,Semi detached house,2083.9,D18
2020,"Sandyford, Dublin 18",Three bed,Semi detached house,1962.11,D18
2020,Dublin 20,Three bed,Semi detached house,1708.8,D20
2020,"Palmerstown, Dublin 20",Three bed,Semi detached house,1655.69,D20
2020,Dublin 24,Three bed,Semi detached house,1613.22,D24
2020,"Citywest, Dublin 24",Three bed,Semi detached house,2069.55,D24
2020,"Firhouse, Dublin 24",Three bed,Semi detached house,1741.21,D24
2020,"Tallaght, Dublin 24",Three bed,Semi detached house,1628.33,D24
2020,"Balbriggan, Dublin",Three bed,Terrace house,1438.78,D1
2020,"Blackrock, Dublin",Three bed,Terrace house,2315.63,D18
2020,"Lucan, Dublin",Three bed,Terrace house,1806.42,D20
2020,"Lusk, Dublin",Three bed,Terrace house,1524.61,D1
2020,"Malahide, Dublin",Three bed,Terrace house,2058.32,D17
2020,"Swords, Dublin",Three bed,Terrace house,1636.6,D17
2020,Dublin 2,Three bed,Terrace house,2799.49,D2
2020,Dublin 3,Three bed,Terrace house,1988.75,D3
2020,"Clontarf, Dublin 3",Three bed,Terrace house,2208.95,D3
2020,"Drumcondra, Dublin 3",Three bed,Terrace house,2071.83,D3
2020,"East Wall, Dublin 3",Three bed,Terrace house,2018.94,D3
2020,"Fairview, Dublin 3",Three bed,Terrace house,1747.24,D3
2020,"Marino, Dublin 3",Three bed,Terrace house,1753.37,D3
2020,Dublin 4,Three bed,Terrace house,2901.41,D4
2020,"Ballsbridge, Dublin 4",Three bed,Terrace house,3076.95,D4
2020,"Donnybrook, Dublin 4",Three bed,Terrace house,2710.43,D4
2020,"Sandymount, Dublin 4",Three bed,Terrace house,2716.46,D4
2020,Dublin 5,Three bed,Terrace house,1781.13,D5
2020,"Artane, Dublin 5",Three bed,Terrace house,1746.76,D5
2020,"Raheny, Dublin 5",Three bed,Terrace house,1781.65,D5
2020,Dublin 6,Three bed,Terrace house,2646.65,D6
2020,"Harolds Cross, Dublin 6",Three bed,Terrace house,1994.44,D6
2020,"Ranelagh, Dublin 6",Three bed,Terrace house,2688.03,D6
2020,"Rathgar, Dublin 6",Three bed,Terrace house,2420.17,D6
2020,"Rathmines, Dublin 6",Three bed,Terrace house,2483.88,D6
2020,Dublin 6W,Three bed,Terrace house,2012.91,D6W
2020,"Harolds Cross, Dublin 6W",Three bed,Terrace house,2041.41,D6W
2020,"Terenure, Dublin 6W",Three bed,Terrace house,2123.77,D6W
2020,Dublin 7,Three bed,Terrace house,1890.97,D7
2020,"Cabra, Dublin 7",Three bed,Terrace house,1714.73,D7
2020,"Navan Road, Dublin 7",Three bed,Terrace house,1720.73,D7
2020,Dublin 8,Three bed,Terrace house,2190.63,D8
2020,"Inchicore, Dublin 8",Three bed,Terrace house,1705.08,D8
2020,"Kilmainham , Dublin 8",Three bed,Terrace house,1932.51,D8
2020,"South Circular Road, Dublin 8",Three bed,Terrace house,2065.25,D8
2020,Dublin 9,Three bed,Terrace house,1927.54,D9
2020,"Drumcondra, Dublin 9",Three bed,Terrace house,2066.61,D9
2020,"Glasnevin, Dublin 9",Three bed,Terrace house,1712.18,D9
2020,Dublin 10,Three bed,Terrace house,1584.42,D10
2020,"Ballyfermot, Dublin 10",Three bed,Terrace house,1483.48,D10
2020,Dublin 11,Three bed,Terrace house,1385.83,D11
2020,"Finglas, Dublin 11",Three bed,Terrace house,1524.71,D11
2020,Dublin 12,Three bed,Terrace house,1748.81,D12
2020,"Crumlin, Dublin 12",Three bed,Terrace house,1749.18,D12
2020,"Drimnagh, Dublin 12",Three bed,Terrace house,1623.16,D12
2020,"Kimmage, Dublin 12",Three bed,Terrace house,1823.88,D12
2020,"Walkinstown, Dublin 12",Three bed,Terrace house,1451.43,D12
2020,Dublin 13,Three bed,Terrace house,1892.33,D13
2020,"Balgriffin, Dublin 13",Three bed,Terrace house,1812.73,D13
2020,Dublin 14,Three bed,Terrace house,2120.15,D14
2020,"Rathfarnham, Dublin 14",Three bed,Terrace house,1953.26,D14
2020,Dublin 15,Three bed,Terrace house,1590.29,D15
2020,"Blanchardstown, Dublin 15",Three bed,Terrace house,1616.99,D15
2020,"Castleknock, Dublin 15",Three bed,Terrace house,1648.0,D15
2020,"Clonsilla, Dublin 15",Three bed,Terrace house,1587.17,D15
2020,Dublin 16,Three bed,Terrace house,2062.08,D16
2020,"Dundrum, Dublin 16",Three bed,Terrace house,2032.45,D16
2020,"Rathfarnham, Dublin 16",Three bed,Terrace house,2131.0,D16
2020,Dublin 17,Three bed,Terrace house,1366.48,D17
2020,Dublin 18,Three bed,Terrace house,2031.0,D18
2020,Dublin 24,Three bed,Terrace house,1677.0,D24
2020,"Citywest, Dublin 24",Three bed,Terrace house,1829.65,D24
2020,"Tallaght, Dublin 24",Three bed,Terrace house,1573.88,D24
2020,"Balbriggan, Dublin",Three bed,Apartment,1728.92,D1
2020,"Blackrock, Dublin",Three bed,Apartment,2305.87,D18
2020,"Donabate, Dublin",Three bed,Apartment,2013.13,D13
2020,"Dun Laoghaire, Dublin",Three bed,Apartment,2653.82,D18
2020,"Lucan, Dublin",Three bed,Apartment,1816.96,D20
2020,"Malahide, Dublin",Three bed,Apartment,2157.91,D17
2020,"Saggart, Dublin",Three bed,Apartment,1813.66,D24
2020,"Stillorgan, Dublin",Three bed,Apartment,2370.37,D18
2020,"Swords, Dublin",Three bed,Apartment,1698.93,D17
2020,Dublin 1,Three bed,Apartment,2421.74,D1
2020,"I.F.S.C., Dublin 1",Three bed,Apartment,2422.09,D1
2020,Dublin 2,Three bed,Apartment,3117.03,D2
2020,Dublin 3,Three bed,Apartment,2178.45,D3
2020,"Clontarf, Dublin 3",Three bed,Apartment,2363.33,D3
2020,"Drumcondra, Dublin 3",Three bed,Apartment,2050.72,D3
2020,Dublin 4,Three bed,Apartment,3257.44,D4
2020,"Ballsbridge, Dublin 4",Three bed,Apartment,3365.82,D4
2020,"Ringsend, Dublin 4",Three bed,Apartment,2584.99,D4
2020,Dublin 5,Three bed,Apartment,2046.99,D5
2020,Dublin 6,Three bed,Apartment,2426.05,D6
2020,"Milltown, Dublin 6",Three bed,Apartment,2345.92,D6
2020,"Rathmines, Dublin 6",Three bed,Apartment,2134.32,D6
2020,Dublin 6W,Three bed,Apartment,2394.69,D6W
2020,"Terenure, Dublin 6W",Three bed,Apartment,2343.65,D6W
2020,Dublin 7,Three bed,Apartment,2259.51,D7
2020,Dublin 8,Three bed,Apartment,2224.44,D8
2020,"Inchicore, Dublin 8",Three bed,Apartment,1960.47,D8
2020,"Islandbridge, Dublin 8",Three bed,Apartment,2427.44,D8
2020,"Kilmainham , Dublin 8",Three bed,Apartment,2000.83,D8
2020,Dublin 9,Three bed,Apartment,2010.0,D9
2020,"Drumcondra, Dublin 9",Three bed,Apartment,2115.61,D9
2020,"Santry, Dublin 9",Three bed,Apartment,1964.79,D9
2020,Dublin 11,Three bed,Apartment,1661.86,D11
2020,"Finglas, Dublin 11",Three bed,Apartment,1652.35,D11
2020,Dublin 12,Three bed,Apartment,1889.17,D12
2020,"Drimnagh, Dublin 12",Three bed,Apartment,1894.59,D12
2020,Dublin 13,Three bed,Apartment,1920.83,D13
2020,"Balgriffin, Dublin 13",Three bed,Apartment,1650.45,D13
2020,"Clongriffin, Dublin 13",Three bed,Apartment,1808.62,D13
2020,Dublin 14,Three bed,Apartment,2557.98,D14
2020,Dublin 15,Three bed,Apartment,1696.04,D15
2020,"Ashtown, Dublin 15",Three bed,Apartment,2031.99,D15
2020,"Blanchardstown, Dublin 15",Three bed,Apartment,1675.64,D15
2020,"Castleknock, Dublin 15",Three bed,Apartment,1976.96,D15
2020,"Ongar, Dublin 15",Three bed,Apartment,1474.75,D15
2020,Dublin 16,Three bed,Apartment,2243.57,D16
2020,"Dundrum, Dublin 16",Three bed,Apartment,2469.01,D16
2020,Dublin 18,Three bed,Apartment,2408.26,D18
2020,"Cabinteely, Dublin 18",Three bed,Apartment,2078.55,D18
2020,"Leopardstown, Dublin 18",Three bed,Apartment,2534.64,D18
2020,"Sandyford, Dublin 18",Three bed,Apartment,2236.61,D18
2020,Dublin 20,Three bed,Apartment,1705.42,D20
2020,Dublin 24,Three bed,Apartment,1692.83,D24
2020,"Tallaght, Dublin 24",Three bed,Apartment,1698.95,D24
2020,Dublin 6,Three bed,Other flats,2059.69,D6
2020,"Rathmines, Dublin 6",Three bed,Other flats,2023.99,D6
2020,"Blackrock, Dublin",Four plus bed,Detached house,3258.85,D18
2020,"Killiney, Dublin",Four plus bed,Detached house,3505.91,D18
2020,"Malahide, Dublin",Four plus bed,Detached house,3403.83,D17
2020,"Stillorgan, Dublin",Four plus bed,Detached house,2729.63,D18
2020,Dublin 4,Four plus bed,Detached house,4102.67,D4
2020,Dublin 13,Four plus bed,Detached house,2876.92,D13
2020,Dublin 14,Four plus bed,Detached house,3204.08,D14
2020,Dublin 15,Four plus bed,Detached house,2124.24,D15
2020,Dublin 16,Four plus bed,Detached house,2812.67,D16
2020,"Rathfarnham, Dublin 16",Four plus bed,Detached house,2966.61,D16
2020,Dublin 18,Four plus bed,Detached house,3295.05,D18
2020,"Foxrock, Dublin 18",Four plus bed,Detached house,3653.63,D18
2020,"Balbriggan, Dublin",Four plus bed,Semi detached house,1554.79,D1
2020,"Blackrock, Dublin",Four plus bed,Semi detached house,3168.4,D18
2020,"Dun Laoghaire, Dublin",Four plus bed,Semi detached house,2994.19,D18
2020,"Lucan, Dublin",Four plus bed,Semi detached house,2053.68,D20
2020,"Malahide, Dublin",Four plus bed,Semi detached house,2548.44,D17
2020,"Shankill, Dublin",Four plus bed,Semi detached house,1863.14,D18
2020,"Stillorgan, Dublin",Four plus bed,Semi detached house,2890.26,D18
2020,"Swords, Dublin",Four plus bed,Semi detached house,1829.29,D17
2020,Dublin 3,Four plus bed,Semi detached house,2450.49,D3
2020,"Clontarf, Dublin 3",Four plus bed,Semi detached house,2634.97,D3
2020,"Drumcondra, Dublin 3",Four plus bed,Semi detached house,2297.26,D3
2020,Dublin 4,Four plus bed,Semi detached house,3938.35,D4
2020,"Ballsbridge, Dublin 4",Four plus bed,Semi detached house,3760.6,D4
2020,"Donnybrook, Dublin 4",Four plus bed,Semi detached house,4232.23,D4
2020,"Sandymount, Dublin 4",Four plus bed,Semi detached house,3649.32,D4
2020,Dublin 5,Four plus bed,Semi detached house,2040.82,D5
2020,Dublin 6,Four plus bed,Semi detached house,3553.11,D6
2020,"Ranelagh, Dublin 6",Four plus bed,Semi detached house,3622.29,D6
2020,Dublin 6W,Four plus bed,Semi detached house,2615.11,D6W
2020,"Templeogue, Dublin 6W",Four plus bed,Semi detached house,2230.47,D6W
2020,"Terenure, Dublin 6W",Four plus bed,Semi detached house,2891.59,D6W
2020,Dublin 7,Four plus bed,Semi detached house,2293.21,D7
2020,Dublin 8,Four plus bed,Semi detached house,2350.18,D8
2020,Dublin 9,Four plus bed,Semi detached house,2001.58,D9
2020,"Beaumont, Dublin 9",Four plus bed,Semi detached house,1912.05,D9
2020,"Drumcondra, Dublin 9",Four plus bed,Semi detached house,2121.41,D9
2020,"Glasnevin, Dublin 9",Four plus bed,Semi detached house,2139.66,D9
2020,"Santry, Dublin 9",Four plus bed,Semi detached house,2305.73,D9
2020,Dublin 11,Four plus bed,Semi detached house,1978.22,D11
2020,Dublin 12,Four plus bed,Semi detached house,2359.13,D12
2020,Dublin 13,Four plus bed,Semi detached house,2370.81,D13
2020,"Balgriffin, Dublin 13",Four plus bed,Semi detached house,2337.73,D13
2020,Dublin 14,Four plus bed,Semi detached house,2767.53,D14
2020,"Clonskeagh, Dublin 14",Four plus bed,Semi detached house,3203.74,D14
2020,"Rathfarnham, Dublin 14",Four plus bed,Semi detached house,2495.02,D14
2020,Dublin 15,Four plus bed,Semi detached house,1977.72,D15
2020,"Castleknock, Dublin 15",Four plus bed,Semi detached house,2145.18,D15
2020,"Clonee, Dublin 15",Four plus bed,Semi detached house,1875.73,D15
2020,"Clonsilla, Dublin 15",Four plus bed,Semi detached house,1961.52,D15
2020,Dublin 16,Four plus bed,Semi detached house,2466.67,D16
2020,"Dundrum, Dublin 16",Four plus bed,Semi detached house,2397.88,D16
2020,"Rathfarnham, Dublin 16",Four plus bed,Semi detached house,2498.83,D16
2020,Dublin 18,Four plus bed,Semi detached house,2592.51,D18
2020,Dublin 24,Four plus bed,Semi detached house,2021.81,D24
2020,"Tallaght, Dublin 24",Four plus bed,Semi detached house,1733.73,D24
2020,"Dun Laoghaire, Dublin",Four plus bed,Terrace house,3572.5,D18
2020,Dublin 3,Four plus bed,Terrace house,2668.91,D3
2020,"Drumcondra, Dublin 3",Four plus bed,Terrace house,2277.85,D3
2020,Dublin 4,Four plus bed,Terrace house,3690.71,D4
2020,"Ballsbridge, Dublin 4",Four plus bed,Terrace house,4005.15,D4
2020,Dublin 6,Four plus bed,Terrace house,3301.03,D6
2020,"Ranelagh, Dublin 6",Four plus bed,Terrace house,3236.6,D6
2020,"Rathmines, Dublin 6",Four plus bed,Terrace house,3203.02,D6
2020,Dublin 6W,Four plus bed,Terrace house,2748.16,D6W
2020,Dublin 7,Four plus bed,Terrace house,2462.55,D7
2020,Dublin 8,Four plus bed,Terrace house,2598.95,D8
2020,Dublin 9,Four plus bed,Terrace house,2351.0,D9
2020,"Drumcondra, Dublin 9",Four plus bed,Terrace house,2230.2,D9
2020,"Glasnevin, Dublin 9",Four plus bed,Terrace house,2487.17,D9
2020,Dublin 11,Four plus bed,Terrace house,1963.74,D11
2020,Dublin 12,Four plus bed,Terrace house,2118.12,D12
2020,Dublin 13,Four plus bed,Terrace house,2133.67,D13
2020,"Balgriffin, Dublin 13",Four plus bed,Terrace house,2155.6,D13
2020,Dublin 14,Four plus bed,Terrace house,2967.71,D14
2020,Dublin 15,Four plus bed,Terrace house,1971.42,D15
2020,Dublin 16,Four plus bed,Terrace house,2625.21,D16
2020,"Rathfarnham, Dublin 16",Four plus bed,Terrace house,2624.1,D16
2020,Dublin 18,Four plus bed,Terrace house,2438.73,D18
2021,"Balbriggan, Dublin",One bed,Apartment,1060.15,D1
2021,"Blackrock, Dublin",One bed,Apartment,1570.58,D18
2021,"Donabate, Dublin",One bed,Apartment,1131.34,D13
2021,"Dun Laoghaire, Dublin",One bed,Apartment,1645.01,D18
2021,"Howth, Dublin",One bed,Apartment,1434.37,D13
2021,"Lucan, Dublin",One bed,Apartment,1323.37,D20
2021,"Malahide, Dublin",One bed,Apartment,1563.98,D17
2021,"Monkstown, Dublin",One bed,Apartment,1375.29,D18
2021,"Portmarnock, Dublin",One bed,Apartment,1348.56,D13
2021,"Saggart, Dublin",One bed,Apartment,1322.59,D24
2021,"Stillorgan, Dublin",One bed,Apartment,1594.61,D18
2021,"Swords, Dublin",One bed,Apartment,1330.16,D17
2021,Dublin 1,One bed,Apartment,1515.74,D1
2021,"I.F.S.C., Dublin 1",One bed,Apartment,1584.63,D1
2021,"Parnell Street, Dublin 1",One bed,Apartment,1443.88,D1
2021,"Summerhill, Dublin 1",One bed,Apartment,1402.86,D1
2021,Dublin 2,One bed,Apartment,1689.28,D2
2021,"Pearse Street, Dublin 2",One bed,Apartment,1562.83,D2
2021,"Temple Bar, Dublin 2",One bed,Apartment,1496.1,D2
2021,"Townsend Street, Dublin 2",One bed,Apartment,1590.0,D2
2021,Dublin 3,One bed,Apartment,1471.07,D3
2021,"Clonliffe, Dublin 3",One bed,Apartment,1378.53,D3
2021,"Clontarf, Dublin 3",One bed,Apartment,1454.8,D3
2021,"Drumcondra, Dublin 3",One bed,Apartment,1260.32,D3
2021,"East Wall, Dublin 3",One bed,Apartment,1463.86,D3
2021,"Fairview, Dublin 3",One bed,Apartment,1417.66,D3
2021,Dublin 4,One bed,Apartment,1642.11,D4
2021,"Ballsbridge, Dublin 4",One bed,Apartment,1688.45,D4
2021,"Donnybrook, Dublin 4",One bed,Apartment,1432.56,D4
2021,"Merrion, Dublin 4",One bed,Apartment,1676.95,D4
2021,"Pembroke, Dublin 4",One bed,Apartment,1654.76,D4
2021,"Ringsend, Dublin 4",One bed,Apartment,1567.7,D4
2021,"Sandymount, Dublin 4",One bed,Apartment,1504.2,D4
2021,"Raheny, Dublin 5",One bed,Apartment,1276.32,D5
2021,Dublin 6,One bed,Apartment,1446.2,D6
2021,"Harolds Cross, Dublin 6",One bed,Apartment,1579.94,D6
2021,"Milltown, Dublin 6",One bed,Apartment,1722.83,D6
2021,"Ranelagh, Dublin 6",One bed,Apartment,1507.98,D6
2021,"Rathgar, Dublin 6",One bed,Apartment,1371.25,D6
2021,"Rathmines, Dublin 6",One bed,Apartment,1340.37,D6
2021,"Terenure, Dublin 6W",One bed,Apartment,1467.76,D6W
2021,Dublin 7,One bed,Apartment,1325.81,D7
2021,"Cabra, Dublin 7",One bed,Apartment,1172.85,D7
2021,"Smithfield, Dublin 7",One bed,Apartment,1510.84,D7
2021,Dublin 8,One bed,Apartment,1513.55,D8
2021,"Christchurch, Dublin 8",One bed,Apartment,1448.72,D8
2021,"Cork Street, Dublin 8",One bed,Apartment,1410.44,D8
2021,"Inchicore, Dublin 8",One bed,Apartment,1250.36,D8
2021,"Islandbridge, Dublin 8",One bed,Apartment,1608.11,D8
2021,"Kilmainham , Dublin 8",One bed,Apartment,1347.08,D8
2021,"Portobello, Dublin 8",One bed,Apartment,1329.96,D8
2021,"Rialto, Dublin 8",One bed,Apartment,1314.38,D8
2021,"South Circular Road, Dublin 8",One bed,Apartment,1373.97,D8
2021,Dublin 9,One bed,Apartment,1381.03,D9
2021,"Beaumont, Dublin 9",One bed,Apartment,1361.65,D9
2021,"Glasnevin, Dublin 9",One bed,Apartment,1319.08,D9
2021,"Santry, Dublin 9",One bed,Apartment,1517.91,D9
2021,Dublin 11,One bed,Apartment,1332.29,D11
2021,"Finglas, Dublin 11",One bed,Apartment,1254.62,D11
2021,"Kimmage, Dublin 12",One bed,Apartment,1281.06,D12
2021,Dublin 13,One bed,Apartment,1508.14,D13
2021,"Clongriffin, Dublin 13",One bed,Apartment,1512.43,D13
2021,"Churchtown, Dublin 14",One bed,Apartment,1901.96,D14
2021,Dublin 15,One bed,Apartment,1372.56,D15
2021,"Ashtown, Dublin 15",One bed,Apartment,1488.99,D15
2021,"Castleknock, Dublin 15",One bed,Apartment,1487.22,D15
2021,"Royal Canal Park, Dublin 15",One bed,Apartment,1412.65,D15
2021,"Ballinteer, Dublin 16",One bed,Apartment,1525.78,D16
2021,"Dundrum, Dublin 16",One bed,Apartment,1595.99,D16
2021,"Rathfarnham, Dublin 16",One bed,Apartment,1435.98,D16
2021,"Malahide Road, Dublin 17",One bed,Apartment,1294.65,D17
2021,Dublin 18,One bed,Apartment,1618.51,D18
2021,"Carrickmines, Dublin 18",One bed,Apartment,1459.68,D18
2021,"Leopardstown, Dublin 18",One bed,Apartment,1746.95,D18
2021,"Sandyford, Dublin 18",One bed,Apartment,1568.28,D18
2021,"Stepaside, Dublin 18",One bed,Apartment,1429.98,D18
2021,"Chapelizod, Dublin 20",One bed,Apartment,1283.05,D20
2021,Dublin 24,One bed,Apartment,1341.53,D24
2021,"Citywest, Dublin 24",One bed,Apartment,1547.83,D24
2021,"Tallaght, Dublin 24",One bed,Apartment,1291.77,D24
2021,"Dun Laoghaire, Dublin",One bed,Other flats,1080.6,D18
2021,"Lucan, Dublin",One bed,Other flats,937.45,D20
2021,"Monkstown, Dublin",One bed,Other flats,1173.35,D18
2021,Dublin 1,One bed,Other flats,1128.51,D1
2021,"Summerhill, Dublin 1",One bed,Other flats,1089.16,D1
2021,Dublin 2,One bed,Other flats,1327.42,D2
2021,Dublin 3,One bed,Other flats,1093.19,D3
2021,"Clonliffe, Dublin 3",One bed,Other flats,1078.99,D3
2021,"Clontarf, Dublin 3",One bed,Other flats,992.01,D3
2021,"Drumcondra, Dublin 3",One bed,Other flats,997.38,D3
2021,"Fairview, Dublin 3",One bed,Other flats,1053.94,D3
2021,Dublin 4,One bed,Other flats,1027.96,D4
2021,"Ballsbridge, Dublin 4",One bed,Other flats,1165.06,D4
2021,"Donnybrook, Dublin 4",One bed,Other flats,1162.73,D4
2021,"Sandymount, Dublin 4",One bed,Other flats,1035.17,D4
2021,Dublin 6,One bed,Other flats,1124.56,D6
2021,"Harolds Cross, Dublin 6",One bed,Other flats,986.14,D6
2021,"Ranelagh, Dublin 6",One bed,Other flats,1113.21,D6
2021,"Rathgar, Dublin 6",One bed,Other flats,1141.12,D6
2021,"Rathmines, Dublin 6",One bed,Other flats,1076.83,D6
2021,"Terenure, Dublin 6W",One bed,Other flats,1097.88,D6W
2021,Dublin 7,One bed,Other flats,1085.8,D7
2021,"Cabra, Dublin 7",One bed,Other flats,1006.11,D7
2021,"North Circular Road, Dublin 7",One bed,Other flats,1025.46,D7
2021,"Phibsboro, Dublin 7",One bed,Other flats,860.71,D7
2021,Dublin 8,One bed,Other flats,1109.1,D8
2021,"Portobello, Dublin 8",One bed,Other flats,1087.78,D8
2021,"Rialto, Dublin 8",One bed,Other flats,1045.03,D8
2021,"South Circular Road, Dublin 8",One bed,Other flats,1060.9,D8
2021,Dublin 9,One bed,Other flats,1153.36,D9
2021,"Drumcondra, Dublin 9",One bed,Other flats,1165.17,D9
2021,"Glasnevin, Dublin 9",One bed,Other flats,916.32,D9
2021,"Crumlin, Dublin 12",One bed,Other flats,1083.41,D12
2021,"Balbriggan, Dublin",Two bed,Semi detached house,1249.99,D1
2021,"Sandymount, Dublin 4",Two bed,Semi detached house,2080.86,D4
2021,"Balbriggan, Dublin",Two bed,Terrace house,1290.93,D1
2021,"Blackrock, Dublin",Two bed,Terrace house,1953.79,D18
2021,"Lucan, Dublin",Two bed,Terrace house,1467.31,D20
2021,"Swords, Dublin",Two bed,Terrace house,1551.41,D17
2021,"Drumcondra, Dublin 3",Two bed,Terrace house,1602.1,D3
2021,"East Wall, Dublin 3",Two bed,Terrace house,1570.75,D3
2021,Dublin 4,Two bed,Terrace house,2093.31,D4
2021,"Ballsbridge, Dublin 4",Two bed,Terrace house,2303.12,D4
2021,"Donnybrook, Dublin 4",Two bed,Terrace house,1983.97,D4
2021,"Ringsend, Dublin 4",Two bed,Terrace house,1862.98,D4
2021,"Sandymount, Dublin 4",Two bed,Terrace house,2115.86,D4
2021,"Harolds Cross, Dublin 6",Two bed,Terrace house,1701.53,D6
2021,"Milltown, Dublin 6",Two bed,Terrace house,1869.5,D6
2021,"Ranelagh, Dublin 6",Two bed,Terrace house,2042.64,D6
2021,"Rathgar, Dublin 6",Two bed,Terrace house,1822.0,D6
2021,"Rathmines, Dublin 6",Two bed,Terrace house,1912.78,D6
2021,Dublin 7,Two bed,Terrace house,1656.64,D7
2021,"Arbour Hill, Dublin 7",Two bed,Terrace house,1735.89,D7
2021,"Cabra, Dublin 7",Two bed,Terrace house,1554.53,D7
2021,"Stoneybatter, Dublin 7",Two bed,Terrace house,1701.75,D7
2021,Dublin 8,Two bed,Terrace house,1728.78,D8
2021,"Inchicore, Dublin 8",Two bed,Terrace house,1609.71,D8
2021,"Rialto, Dublin 8",Two bed,Terrace house,1558.77,D8
2021,"Glasnevin, Dublin 9",Two bed,Terrace house,1487.46,D9
2021,"Ballyfermot, Dublin 10",Two bed,Terrace house,1495.94,D10
2021,"Finglas, Dublin 11",Two bed,Terrace house,1484.14,D11
2021,"Crumlin, Dublin 12",Two bed,Terrace house,1542.53,D12
2021,"Drimnagh, Dublin 12",Two bed,Terrace house,1635.47,D12
2021,"Clonee, Dublin 15",Two bed,Terrace house,1493.83,D15
2021,"Rathfarnham, Dublin 16",Two bed,Terrace house,1786.27,D16
2021,"Balbriggan, Dublin",Two bed,Apartment,1342.31,D1
2021,"Blackrock, Dublin",Two bed,Apartment,1893.75,D18
2021,"Booterstown, Dublin",Two bed,Apartment,1970.77,D4
2021,"Dalkey, Dublin",Two bed,Apartment,2144.1,D18
2021,"Donabate, Dublin",Two bed,Apartment,1525.84,D13
2021,"Dun Laoghaire, Dublin",Two bed,Apartment,2083.79,D18
2021,"Howth, Dublin",Two bed,Apartment,1851.53,D13
2021,"Kinsealy, Dublin",Two bed,Apartment,1589.58,D17
2021,"Lucan, Dublin",Two bed,Apartment,1677.74,D20
2021,"Malahide, Dublin",Two bed,Apartment,1855.22,D17
2021,"Monkstown, Dublin",Two bed,Apartment,1747.72,D18
2021,"Portmarnock, Dublin",Two bed,Apartment,1636.43,D13
2021,"Rathcoole, Dublin",Two bed,Apartment,1439.64,D24
2021,"Rush, Dublin",Two bed,Apartment,1282.85,D1
2021,"Saggart, Dublin",Two bed,Apartment,1581.3,D24
2021,"Shankill, Dublin",Two bed,Apartment,1579.33,D18
2021,"Skerries, Dublin",Two bed,Apartment,1476.64,D1
2021,"Stillorgan, Dublin",Two bed,Apartment,1923.82,D18
2021,"Swords, Dublin",Two bed,Apartment,1584.5,D17
2021,Dublin 1,Two bed,Apartment,1918.14,D1
2021,"I.F.S.C., Dublin 1",Two bed,Apartment,1936.7,D1
2021,"Parnell Street, Dublin 1",Two bed,Apartment,1852.24,D1
2021,"Spencer Dock, Dublin 1",Two bed,Apartment,2121.02,D1
2021,"Summerhill, Dublin 1",Two bed,Apartment,1787.69,D1
2021,Dublin 2,Two bed,Apartment,2323.79,D2
2021,"Charlemont Street, Dublin 2",Two bed,Apartment,2017.15,D2
2021,"Grand Canal Dock, Dublin 2",Two bed,Apartment,2396.0,D2
2021,"Pearse Street, Dublin 2",Two bed,Apartment,1907.37,D2
2021,"Temple Bar, Dublin 2",Two bed,Apartment,1997.87,D2
2021,"Townsend Street, Dublin 2",Two bed,Apartment,1835.87,D2
2021,Dublin 3,Two bed,Apartment,1746.87,D3
2021,"Clonliffe, Dublin 3",Two bed,Apartment,1765.91,D3
2021,"Clontarf, Dublin 3",Two bed,Apartment,1792.13,D3
2021,"Drumcondra, Dublin 3",Two bed,Apartment,1684.96,D3
2021,"East Wall, Dublin 3",Two bed,Apartment,1876.43,D3
2021,"Fairview, Dublin 3",Two bed,Apartment,1680.39,D3
2021,Dublin 4,Two bed,Apartment,2213.9,D4
2021,"Ballsbridge, Dublin 4",Two bed,Apartment,2576.14,D4
2021,"Donnybrook, Dublin 4",Two bed,Apartment,1995.18,D4
2021,"Merrion, Dublin 4",Two bed,Apartment,2066.7,D4
2021,"Pembroke, Dublin 4",Two bed,Apartment,2219.28,D4
2021,"Ringsend, Dublin 4",Two bed,Apartment,1880.28,D4
2021,"Sandymount, Dublin 4",Two bed,Apartment,2028.86,D4
2021,"Artane, Dublin 5",Two bed,Apartment,1634.45,D5
2021,"Raheny, Dublin 5",Two bed,Apartment,1795.85,D5
2021,Dublin 6,Two bed,Apartment,1973.19,D6
2021,"Harolds Cross, Dublin 6",Two bed,Apartment,2161.89,D6
2021,"Milltown, Dublin 6",Two bed,Apartment,2051.86,D6
2021,"Ranelagh, Dublin 6",Two bed,Apartment,1962.12,D6
2021,"Rathgar, Dublin 6",Two bed,Apartment,1807.17,D6
2021,"Rathmines, Dublin 6",Two bed,Apartment,1797.96,D6
2021,Dublin 6W,Two bed,Apartment,2012.72,D6W
2021,"Terenure, Dublin 6W",Two bed,Apartment,1872.26,D6W
2021,Dublin 7,Two bed,Apartment,1756.53,D7
2021,"Smithfield, Dublin 7",Two bed,Apartment,1855.52,D7
2021,Dublin 8,Two bed,Apartment,1638.33,D8
2021,"Christchurch, Dublin 8",Two bed,Apartment,1746.51,D8
2021,"Cork Street, Dublin 8",Two bed,Apartment,1686.25,D8
2021,"Inchicore, Dublin 8",Two bed,Apartment,1561.34,D8
2021,"Islandbridge, Dublin 8",Two bed,Apartment,1974.24,D8
2021,"Kilmainham , Dublin 8",Two bed,Apartment,1664.0,D8
2021,"Rialto, Dublin 8",Two bed,Apartment,1612.63,D8
2021,"South Circular Road, Dublin 8",Two bed,Apartment,1686.83,D8
2021,Dublin 9,Two bed,Apartment,1604.44,D9
2021,"Ballymun, Dublin 9",Two bed,Apartment,1668.84,D9
2021,"Beaumont, Dublin 9",Two bed,Apartment,1623.26,D9
2021,"Glasnevin, Dublin 9",Two bed,Apartment,1574.93,D9
2021,"Santry, Dublin 9",Two bed,Apartment,1778.65,D9
2021,"Whitehall, Dublin 9",Two bed,Apartment,1592.36,D9
2021,"Cherry Orchard, Dublin 10",Two bed,Apartment,1460.66,D10
2021,Dublin 11,Two bed,Apartment,1524.89,D11
2021,"Finglas, Dublin 11",Two bed,Apartment,1469.22,D11
2021,Dublin 12,Two bed,Apartment,1479.71,D12
2021,"Crumlin, Dublin 12",Two bed,Apartment,1661.51,D12
2021,"Drimnagh, Dublin 12",Two bed,Apartment,1701.18,D12
2021,"Kimmage, Dublin 12",Two bed,Apartment,1616.25,D12
2021,Dublin 13,Two bed,Apartment,1845.33,D13
2021,"Baldoyle, Dublin 13",Two bed,Apartment,1573.53,D13
2021,"Balgriffin, Dublin 13",Two bed,Apartment,1572.14,D13
2021,"Clongriffin, Dublin 13",Two bed,Apartment,1920.47,D13
2021,"Sutton, Dublin 13",Two bed,Apartment,1883.18,D13
2021,Dublin 14,Two bed,Apartment,1916.11,D14
2021,"Churchtown, Dublin 14",Two bed,Apartment,2419.38,D14
2021,"Clonskeagh, Dublin 14",Two bed,Apartment,1786.49,D14
2021,"Goatstown, Dublin 14",Two bed,Apartment,2102.83,D14
2021,Dublin 15,Two bed,Apartment,1687.46,D15
2021,"Ashtown, Dublin 15",Two bed,Apartment,1746.27,D15
2021,"Blanchardstown, Dublin 15",Two bed,Apartment,1551.84,D15
2021,"Castleknock, Dublin 15",Two bed,Apartment,1778.87,D15
2021,"Clonee, Dublin 15",Two bed,Apartment,1383.88,D15
2021,"Clonsilla, Dublin 15",Two bed,Apartment,1530.74,D15
2021,"Ongar, Dublin 15",Two bed,Apartment,1514.62,D15
2021,"Porterstown, Dublin 15",Two bed,Apartment,1561.17,D15
2021,"Royal Canal Park, Dublin 15",Two bed,Apartment,1625.2,D15
2021,Dublin 16,Two bed,Apartment,1904.45,D16
2021,"Ballinteer, Dublin 16",Two bed,Apartment,1769.19,D16
2021,"Dundrum, Dublin 16",Two bed,Apartment,1917.87,D16
2021,"Rathfarnham, Dublin 16",Two bed,Apartment,1679.1,D16
2021,"Malahide Road, Dublin 17",Two bed,Apartment,1682.44,D17
2021,Dublin 18,Two bed,Apartment,1819.06,D18
2021,"Cabinteely, Dublin 18",Two bed,Apartment,1720.74,D18
2021,"Carrickmines, Dublin 18",Two bed,Apartment,1788.4,D18
2021,"Leopardstown, Dublin 18",Two bed,Apartment,1964.17,D18
2021,"Sandyford, Dublin 18",Two bed,Apartment,1843.14,D18
2021,"Stepaside, Dublin 18",Two bed,Apartment,1724.68,D18
2021,"Chapelizod, Dublin 20",Two bed,Apartment,1474.39,D20
2021,Dublin 24,Two bed,Apartment,1578.3,D24
2021,"Ballycullen, Dublin 24",Two bed,Apartment,1584.54,D24
2021,"Citywest, Dublin 24",Two bed,Apartment,1810.88,D24
2021,"Tallaght, Dublin 24",Two bed,Apartment,1526.04,D24
2021,"Drumcondra, Dublin 3",Two bed,Other flats,1468.87,D3
2021,"Ballsbridge, Dublin 4",Two bed,Other flats,1782.95,D4
2021,Dublin 6,Two bed,Other flats,1435.89,D6
2021,"Ranelagh, Dublin 6",Two bed,Other flats,1410.3,D6
2021,"Rathgar, Dublin 6",Two bed,Other flats,1520.51,D6
2021,"Rathmines, Dublin 6",Two bed,Other flats,1457.98,D6
2021,"Balbriggan, Dublin",Three bed,Semi detached house,1586.34,D1
2021,"Blackrock, Dublin",Three bed,Semi detached house,2334.14,D18
2021,"Donabate, Dublin",Three bed,Semi detached house,1888.1,D13
2021,"Lucan, Dublin",Three bed,Semi detached house,1736.92,D20
2021,"Lusk, Dublin",Three bed,Semi detached house,1547.92,D1
2021,"Malahide, Dublin",Three bed,Semi detached house,2175.2,D17
2021,"Rush, Dublin",Three bed,Semi detached house,1633.18,D1
2021,"Skerries, Dublin",Three bed,Semi detached house,1613.1,D1
2021,"Stillorgan, Dublin",Three bed,Semi detached house,2230.51,D18
2021,"Swords, Dublin",Three bed,Semi detached house,1674.34,D17
2021,"Clontarf, Dublin 3",Three bed,Semi detached house,2176.3,D3
2021,"Drumcondra, Dublin 3",Three bed,Semi detached house,1980.29,D3
2021,"Ballsbridge, Dublin 4",Three bed,Semi detached house,2929.54,D4
2021,"Sandymount, Dublin 4",Three bed,Semi detached house,3000.26,D4
2021,"Artane, Dublin 5",Three bed,Semi detached house,1893.9,D5
2021,"Raheny, Dublin 5",Three bed,Semi detached house,2018.93,D5
2021,"Ranelagh, Dublin 6",Three bed,Semi detached house,2812.46,D6
2021,"Templeogue, Dublin 6W",Three bed,Semi detached house,1959.8,D6W
2021,"Terenure, Dublin 6W",Three bed,Semi detached house,2177.43,D6W
2021,"Beaumont, Dublin 9",Three bed,Semi detached house,1868.0,D9
2021,"Glasnevin, Dublin 9",Three bed,Semi detached house,1823.21,D9
2021,"Santry, Dublin 9",Three bed,Semi detached house,1872.13,D9
2021,"Finglas, Dublin 11",Three bed,Semi detached house,1658.71,D11
2021,"Crumlin, Dublin 12",Three bed,Semi detached house,1803.97,D12
2021,"Kimmage, Dublin 12",Three bed,Semi detached house,2005.3,D12
2021,"Churchtown, Dublin 14",Three bed,Semi detached house,2170.47,D14
2021,"Clonskeagh, Dublin 14",Three bed,Semi detached house,2363.65,D14
2021,Dublin 15,Three bed,Semi detached house,1551.67,D15
2021,"Blanchardstown, Dublin 15",Three bed,Semi detached house,1617.25,D15
2021,"Castleknock, Dublin 15",Three bed,Semi detached house,1832.43,D15
2021,"Clonee, Dublin 15",Three bed,Semi detached house,1585.22,D15
2021,"Clonsilla, Dublin 15",Three bed,Semi detached house,1676.14,D15
2021,"Mulhuddart, Dublin 15",Three bed,Semi detached house,1520.88,D15
2021,"Ballinteer, Dublin 16",Three bed,Semi detached house,2000.17,D16
2021,"Dundrum, Dublin 16",Three bed,Semi detached house,2272.44,D16
2021,"Knocklyon, Dublin 16",Three bed,Semi detached house,1868.82,D16
2021,"Rathfarnham, Dublin 16",Three bed,Semi detached house,2086.42,D16
2021,"Leopardstown, Dublin 18",Three bed,Semi detached house,2165.79,D18
2021,"Sandyford, Dublin 18",Three bed,Semi detached house,2074.22,D18
2021,"Palmerstown, Dublin 20",Three bed,Semi detached house,1728.81,D20
2021,Dublin 24,Three bed,Semi detached house,1759.83,D24
2021,"Citywest, Dublin 24",Three bed,Semi detached house,2222.01,D24
2021,"Firhouse, Dublin 24",Three bed,Semi detached house,1852.45,D24
2021,"Tallaght, Dublin 24",Three bed,Semi detached house,1719.15,D24
2021,"Balbriggan, Dublin",Three bed,Terrace house,1557.03,D1
2021,"Blackrock, Dublin",Three bed,Terrace house,2407.46,D18
2021,"Lucan, Dublin",Three bed,Terrace house,1887.48,D20
2021,"Lusk, Dublin",Three bed,Terrace house,1642.25,D1
2021,"Malahide, Dublin",Three bed,Terrace house,2133.47,D17
2021,"Swords, Dublin",Three bed,Terrace house,1744.41,D17
2021,Dublin 3,Three bed,Terrace house,1888.16,D3
2021,"Clontarf, Dublin 3",Three bed,Terrace house,2282.81,D3
2021,"Drumcondra, Dublin 3",Three bed,Terrace house,2044.79,D3
2021,"East Wall, Dublin 3",Three bed,Terrace house,1922.2,D3
2021,"Marino, Dublin 3",Three bed,Terrace house,1777.86,D3
2021,Dublin 4,Three bed,Terrace house,2879.03,D4
2021,"Ballsbridge, Dublin 4",Three bed,Terrace house,3049.99,D4
2021,"Donnybrook, Dublin 4",Three bed,Terrace house,2774.33,D4
2021,"Sandymount, Dublin 4",Three bed,Terrace house,2657.41,D4
2021,"Raheny, Dublin 5",Three bed,Terrace house,1894.9,D5
2021,"Harolds Cross, Dublin 6",Three bed,Terrace house,2050.2,D6
2021,"Ranelagh, Dublin 6",Three bed,Terrace house,2689.19,D6
2021,"Rathgar, Dublin 6",Three bed,Terrace house,2354.79,D6
2021,"Rathmines, Dublin 6",Three bed,Terrace house,2732.06,D6
2021,"Terenure, Dublin 6W",Three bed,Terrace house,2149.8,D6W
2021,"Cabra, Dublin 7",Three bed,Terrace house,1762.1,D7
2021,"Inchicore, Dublin 8",Three bed,Terrace house,1760.4,D8
2021,"South Circular Road, Dublin 8",Three bed,Terrace house,2336.94,D8
2021,"Glasnevin, Dublin 9",Three bed,Terrace house,1846.16,D9
2021,"Ballyfermot, Dublin 10",Three bed,Terrace house,1520.04,D10
2021,"Finglas, Dublin 11",Three bed,Terrace house,1586.99,D11
2021,"Crumlin, Dublin 12",Three bed,Terrace house,1850.28,D12
2021,"Drimnagh, Dublin 12",Three bed,Terrace house,1654.85,D12
2021,"Kimmage, Dublin 12",Three bed,Terrace house,2065.31,D12
2021,"Walkinstown, Dublin 12",Three bed,Terrace house,1702.79,D12
2021,"Balgriffin, Dublin 13",Three bed,Terrace house,1844.89,D13
2021,"Blanchardstown, Dublin 15",Three bed,Terrace house,1611.05,D15
2021,"Castleknock, Dublin 15",Three bed,Terrace house,1736.8,D15
2021,"Clonsilla, Dublin 15",Three bed,Terrace house,1581.47,D15
2021,"Dundrum, Dublin 16",Three bed,Terrace house,2114.31,D16
2021,"Rathfarnham, Dublin 16",Three bed,Terrace house,2170.15,D16
2021,"Citywest, Dublin 24",Three bed,Terrace house,2127.75,D24
2021,"Tallaght, Dublin 24",Three bed,Terrace house,1617.2,D24
2021,"Balbriggan, Dublin",Three bed,Apartment,1717.54,D1
2021,"Blackrock, Dublin",Three bed,Apartment,2275.63,D18
2021,"Dun Laoghaire, Dublin",Three bed,Apartment,2680.25,D18
2021,"Lucan, Dublin",Three bed,Apartment,1981.47,D20
2021,"Malahide, Dublin",Three bed,Apartment,2176.59,D17
2021,"Saggart, Dublin",Three bed,Apartment,1810.5,D24
2021,"Stillorgan, Dublin",Three bed,Apartment,2474.68,D18
2021,"Swords, Dublin",Three bed,Apartment,1783.78,D17
2021,Dublin 1,Three bed,Apartment,2361.87,D1
2021,Dublin 2,Three bed,Apartment,2956.47,D2
2021,"Clontarf, Dublin 3",Three bed,Apartment,2391.93,D3
2021,"Drumcondra, Dublin 3",Three bed,Apartment,2070.18,D3
2021,"Ballsbridge, Dublin 4",Three bed,Apartment,3232.04,D4
2021,"Sandymount, Dublin 4",Three bed,Apartment,2760.41,D4
2021,"Milltown, Dublin 6",Three bed,Apartment,2468.02,D6
2021,"Rathmines, Dublin 6",Three bed,Apartment,2130.66,D6
2021,"Terenure, Dublin 6W",Three bed,Apartment,2268.44,D6W
2021,"Smithfield, Dublin 7",Three bed,Apartment,2544.47,D7
2021,Dublin 8,Three bed,Apartment,2250.49,D8
2021,"Inchicore, Dublin 8",Three bed,Apartment,1992.31,D8
2021,"Islandbridge, Dublin 8",Three bed,Apartment,2489.89,D8
2021,"Kilmainham , Dublin 8",Three bed,Apartment,1937.97,D8
2021,"Santry, Dublin 9",Three bed,Apartment,2037.64,D9
2021,"Finglas, Dublin 11",Three bed,Apartment,1642.4,D11
2021,"Clongriffin, Dublin 13",Three bed,Apartment,2159.86,D13
2021,"Ashtown, Dublin 15",Three bed,Apartment,2060.08,D15
2021,"Blanchardstown, Dublin 15",Three bed,Apartment,1713.26,D15
2021,"Castleknock, Dublin 15",Three bed,Apartment,2013.69,D15
2021,"Ongar, Dublin 15",Three bed,Apartment,1648.37,D15
2021,"Royal Canal Park, Dublin 15",Three bed,Apartment,1745.35,D15
2021,"Dundrum, Dublin 16",Three bed,Apartment,2526.78,D16
2021,"Cabinteely, Dublin 18",Three bed,Apartment,2176.06,D18
2021,"Leopardstown, Dublin 18",Three bed,Apartment,2492.57,D18
2021,"Sandyford, Dublin 18",Three bed,Apartment,2277.02,D18
2021,"Tallaght, Dublin 24",Three bed,Apartment,1759.62,D24
2021,"Blackrock, Dublin",Four plus bed,Detached house,3443.3,D18
2021,"Malahide, Dublin",Four plus bed,Detached house,3598.52,D17
2021,"Rathfarnham, Dublin 16",Four plus bed,Detached house,2776.81,D16
2021,"Foxrock, Dublin 18",Four plus bed,Detached house,3710.33,D18
2021,"Blackrock, Dublin",Four plus bed,Semi detached house,3127.26,D18
2021,"Dun Laoghaire, Dublin",Four plus bed,Semi detached house,3100.56,D18
2021,"Lucan, Dublin",Four plus bed,Semi detached house,2085.3,D20
2021,"Malahide, Dublin",Four plus bed,Semi detached house,2694.16,D17
2021,"Stillorgan, Dublin",Four plus bed,Semi detached house,3228.77,D18
2021,"Swords, Dublin",Four plus bed,Semi detached house,1785.48,D17
2021,"Drumcondra, Dublin 3",Four plus bed,Semi detached house,2184.22,D3
2021,"Ballsbridge, Dublin 4",Four plus bed,Semi detached house,3849.39,D4
2021,"Ranelagh, Dublin 6",Four plus bed,Semi detached house,3673.72,D6
2021,"Terenure, Dublin 6W",Four plus bed,Semi detached house,2773.29,D6W
2021,Dublin 9,Four plus bed,Semi detached house,1816.92,D9
2021,"Glasnevin, Dublin 9",Four plus bed,Semi detached house,2272.98,D9
2021,"Santry, Dublin 9",Four plus bed,Semi detached house,2344.08,D9
2021,"Balgriffin, Dublin 13",Four plus bed,Semi detached house,2367.51,D13
2021,"Clonskeagh, Dublin 14",Four plus bed,Semi detached house,3184.91,D14
2021,"Castleknock, Dublin 15",Four plus bed,Semi detached house,2199.73,D15
2021,"Clonsilla, Dublin 15",Four plus bed,Semi detached house,1999.21,D15
2021,"Dundrum, Dublin 16",Four plus bed,Semi detached house,2526.16,D16
2021,"Rathfarnham, Dublin 16",Four plus bed,Semi detached house,2598.23,D16
2021,"Tallaght, Dublin 24",Four plus bed,Semi detached house,1948.06,D24
2021,"Dun Laoghaire, Dublin",Four plus bed,Terrace house,3432.52,D18
2021,"Drumcondra, Dublin 3",Four plus bed,Terrace house,2462.55,D3
2021,"Ballsbridge, Dublin 4",Four plus bed,Terrace house,3927.55,D4
2021,"Ranelagh, Dublin 6",Four plus bed,Terrace house,3350.09,D6
2021,"Rathmines, Dublin 6",Four plus bed,Terrace house,2953.29,D6
2021,"Balgriffin, Dublin 13",Four plus bed,Terrace house,2030.91,D13
2021,"Rathfarnham, Dublin 16",Four plus bed,Terrace house,2632.14,D16
2022,"Balbriggan, Dublin",One bed,Apartment,1105.27,D1
2022,"Blackrock, Dublin",One bed,Apartment,1620.23,D18
2022,"Donabate, Dublin",One bed,Apartment,1198.13,D13
2022,"Dun Laoghaire, Dublin",One bed,Apartment,1696.82,D18
2022,"Howth, Dublin",One bed,Apartment,1489.51,D13
2022,"Lucan, Dublin",One bed,Apartment,1485.03,D20
2022,"Malahide, Dublin",One bed,Apartment,1659.66,D17
2022,"Monkstown, Dublin",One bed,Apartment,1414.51,D18
2022,"Portmarnock, Dublin",One bed,Apartment,1389.87,D13
2022,"Saggart, Dublin",One bed,Apartment,1321.76,D24
2022,"Stillorgan, Dublin",One bed,Apartment,1592.41,D18
2022,"Swords, Dublin",One bed,Apartment,1382.12,D17
2022,"I.F.S.C., Dublin 1",One bed,Apartment,1636.72,D1
2022,"Parnell Street, Dublin 1",One bed,Apartment,1438.37,D1
2022,"Summerhill, Dublin 1",One bed,Apartment,1320.5,D1
2022,"Pearse Street, Dublin 2",One bed,Apartment,1622.66,D2
2022,"Townsend Street, Dublin 2",One bed,Apartment,1652.43,D2
2022,"Clonliffe, Dublin 3",One bed,Apartment,1375.55,D3
2022,"Clontarf, Dublin 3",One bed,Apartment,1487.5,D3
2022,"Drumcondra, Dublin 3",One bed,Apartment,1316.93,D3
2022,"East Wall, Dublin 3",One bed,Apartment,1509.53,D3
2022,"Fairview, Dublin 3",One bed,Apartment,1467.47,D3
2022,"Ballsbridge, Dublin 4",One bed,Apartment,1683.28,D4
2022,"Donnybrook, Dublin 4",One bed,Apartment,1566.51,D4
2022,"Merrion, Dublin 4",One bed,Apartment,1716.08,D4
2022,"Pembroke, Dublin 4",One bed,Apartment,1536.88,D4
2022,"Ringsend, Dublin 4",One bed,Apartment,1574.9,D4
2022,"Sandymount, Dublin 4",One bed,Apartment,1558.96,D4
2022,"Raheny, Dublin 5",One bed,Apartment,1370.29,D5
2022,"Harolds Cross, Dublin 6",One bed,Apartment,1675.63,D6
2022,"Milltown, Dublin 6",One bed,Apartment,1716.61,D6
2022,"Ranelagh, Dublin 6",One bed,Apartment,1536.73,D6
2022,"Rathgar, Dublin 6",One bed,Apartment,1356.69,D6
2022,"Rathmines, Dublin 6",One bed,Apartment,1401.61,D6
2022,"Terenure, Dublin 6W",One bed,Apartment,1536.43,D6W
2022,"Cabra, Dublin 7",One bed,Apartment,1317.44,D7
2022,"Smithfield, Dublin 7",One bed,Apartment,1565.4,D7
2022,"Christchurch, Dublin 8",One bed,Apartment,1461.93,D8
2022,"Cork Street, Dublin 8",One bed,Apartment,1453.81,D8
2022,"Inchicore, Dublin 8",One bed,Apartment,1307.57,D8
2022,"Islandbridge, Dublin 8",One bed,Apartment,1711.0,D8
2022,"Kilmainham , Dublin 8",One bed,Apartment,1341.8,D8
2022,"Rialto, Dublin 8",One bed,Apartment,1398.41,D8
2022,"South Circular Road, Dublin 8",One bed,Apartment,1366.31,D8
2022,"Beaumont, Dublin 9",One bed,Apartment,1393.32,D9
2022,"Glasnevin, Dublin 9",One bed,Apartment,1335.44,D9
2022,"Santry, Dublin 9",One bed,Apartment,1621.5,D9
2022,"Finglas, Dublin 11",One bed,Apartment,1297.08,D11
2022,"Kimmage, Dublin 12",One bed,Apartment,1365.01,D12
2022,"Clongriffin, Dublin 13",One bed,Apartment,1586.98,D13
2022,"Churchtown, Dublin 14",One bed,Apartment,1904.72,D14
2022,"Ashtown, Dublin 15",One bed,Apartment,1486.13,D15
2022,"Castleknock, Dublin 15",One bed,Apartment,1453.39,D15
2022,"Royal Canal Park, Dublin 15",One bed,Apartment,1473.26,D15
2022,"Dundrum, Dublin 16",One bed,Apartment,1752.4,D16
2022,"Rathfarnham, Dublin 16",One bed,Apartment,1465.76,D16
2022,"Malahide Road, Dublin 17",One bed,Apartment,1323.06,D17
2022,"Carrickmines, Dublin 18",One bed,Apartment,1494.33,D18
2022,"Leopardstown, Dublin 18",One bed,Apartment,1742.08,D18
2022,"Sandyford, Dublin 18",One bed,Apartment,1584.24,D18
2022,"Stepaside, Dublin 18",One bed,Apartment,1485.26,D18
2022,"Chapelizod, Dublin 20",One bed,Apartment,1293.24,D20
2022,"Citywest, Dublin 24",One bed,Apartment,1548.46,D24
2022,"Tallaght, Dublin 24",One bed,Apartment,1308.21,D24
2022,"Dun Laoghaire, Dublin",One bed,Other flats,1151.39,D18
2022,"Monkstown, Dublin",One bed,Other flats,1147.02,D18
2022,"Clonliffe, Dublin 3",One bed,Other flats,1118.13,D3
2022,"Clontarf, Dublin 3",One bed,Other flats,1012.88,D3
2022,"Drumcondra, Dublin 3",One bed,Other flats,980.67,D3
2022,"Fairview, Dublin 3",One bed,Other flats,1123.1,D3
2022,"Ballsbridge, Dublin 4",One bed,Other flats,1240.94,D4
2022,"Donnybrook, Dublin 4",One bed,Other flats,1246.12,D4
2022,"Ranelagh, Dublin 6",One bed,Other flats,1152.88,D6
2022,"Rathgar, Dublin 6",One bed,Other flats,1198.41,D6
2022,"Rathmines, Dublin 6",One bed,Other flats,1128.61,D6
2022,"Terenure, Dublin 6W",One bed,Other flats,1149.71,D6W
2022,"Cabra, Dublin 7",One bed,Other flats,1009.53,D7
2022,"North Circular Road, Dublin 7",One bed,Other flats,1055.31,D7
2022,"Phibsboro, Dublin 7",One bed,Other flats,893.29,D7
2022,"Portobello, Dublin 8",One bed,Other flats,1109.8,D8
2022,"Rialto, Dublin 8",One bed,Other flats,1065.97,D8
2022,"South Circular Road, Dublin 8",One bed,Other flats,1116.83,D8
2022,"Glasnevin, Dublin 9",One bed,Other flats,990.17,D9
2022,"Balbriggan, Dublin",Two bed,Semi detached house,1314.98,D1
2022,"Balbriggan, Dublin",Two bed,Terrace house,1357.67,D1
2022,"Blackrock, Dublin",Two bed,Terrace house,2053.55,D18
2022,"Dun Laoghaire, Dublin",Two bed,Terrace house,1856.39,D18
2022,"Lucan, Dublin",Two bed,Terrace house,1596.46,D20
2022,"Swords, Dublin",Two bed,Terrace house,1652.09,D17
2022,"Drumcondra, Dublin 3",Two bed,Terrace house,1647.71,D3
2022,"East Wall, Dublin 3",Two bed,Terrace house,1681.17,D3
2022,"Ballsbridge, Dublin 4",Two bed,Terrace house,2364.77,D4
2022,"Donnybrook, Dublin 4",Two bed,Terrace house,2133.15,D4
2022,"Ringsend, Dublin 4",Two bed,Terrace house,1882.87,D4
2022,"Sandymount, Dublin 4",Two bed,Terrace house,2160.02,D4
2022,"Harolds Cross, Dublin 6",Two bed,Terrace house,1766.27,D6
2022,"Ranelagh, Dublin 6",Two bed,Terrace house,2248.91,D6
2022,"Rathgar, Dublin 6",Two bed,Terrace house,1907.81,D6
2022,"Rathmines, Dublin 6",Two bed,Terrace house,2109.27,D6
2022,"Arbour Hill, Dublin 7",Two bed,Terrace house,1853.6,D7
2022,"Cabra, Dublin 7",Two bed,Terrace house,1597.27,D7
2022,"Stoneybatter, Dublin 7",Two bed,Terrace house,1707.61,D7
2022,"Inchicore, Dublin 8",Two bed,Terrace house,1649.66,D8
2022,"Glasnevin, Dublin 9",Two bed,Terrace house,1660.83,D9
2022,"Ballyfermot, Dublin 10",Two bed,Terrace house,1653.36,D10
2022,"Crumlin, Dublin 12",Two bed,Terrace house,1667.94,D12
2022,"Drimnagh, Dublin 12",Two bed,Terrace house,1639.59,D12
2022,"Kimmage, Dublin 12",Two bed,Terrace house,1749.8,D12
2022,"Balbriggan, Dublin",Two bed,Apartment,1429.5,D1
2022,"Blackrock, Dublin",Two bed,Apartment,2052.53,D18
2022,"Booterstown, Dublin",Two bed,Apartment,2032.11,D4
2022,"Dalkey, Dublin",Two bed,Apartment,2240.18,D18
2022,"Donabate, Dublin",Two bed,Apartment,1601.21,D13
2022,"Dun Laoghaire, Dublin",Two bed,Apartment,2143.33,D18
2022,"Howth, Dublin",Two bed,Apartment,1917.96,D13
2022,"Lucan, Dublin",Two bed,Apartment,1790.3,D20
2022,"Lusk, Dublin",Two bed,Apartment,1789.77,D1
2022,"Malahide, Dublin",Two bed,Apartment,2006.35,D17
2022,"Monkstown, Dublin",Two bed,Apartment,1763.73,D18
2022,"Portmarnock, Dublin",Two bed,Apartment,1717.16,D13
2022,"Rathcoole, Dublin",Two bed,Apartment,1541.15,D24
2022,"Rush, Dublin",Two bed,Apartment,1424.07,D1
2022,"Saggart, Dublin",Two bed,Apartment,1625.35,D24
2022,"Shankill, Dublin",Two bed,Apartment,1657.23,D18
2022,"Skerries, Dublin",Two bed,Apartment,1408.42,D1
2022,"Stillorgan, Dublin",Two bed,Apartment,1984.24,D18
2022,"Swords, Dublin",Two bed,Apartment,1636.4,D17
2022,"I.F.S.C., Dublin 1",Two bed,Apartment,2024.74,D1
2022,"Parnell Street, Dublin 1",Two bed,Apartment,1859.43,D1
2022,"Spencer Dock, Dublin 1",Two bed,Apartment,2226.81,D1
2022,"Summerhill, Dublin 1",Two bed,Apartment,1790.94,D1
2022,"Charlemont Street, Dublin 2",Two bed,Apartment,2050.88,D2
2022,"Pearse Street, Dublin 2",Two bed,Apartment,1979.26,D2
2022,"Townsend Street, Dublin 2",Two bed,Apartment,1947.7,D2
2022,"Clontarf, Dublin 3",Two bed,Apartment,1830.89,D3
2022,"Drumcondra, Dublin 3",Two bed,Apartment,1775.85,D3
2022,"East Wall, Dublin 3",Two bed,Apartment,1929.92,D3
2022,"Fairview, Dublin 3",Two bed,Apartment,1707.11,D3
2022,"Ballsbridge, Dublin 4",Two bed,Apartment,2512.5,D4
2022,"Donnybrook, Dublin 4",Two bed,Apartment,2103.33,D4
2022,"Merrion, Dublin 4",Two bed,Apartment,2118.11,D4
2022,"Pembroke, Dublin 4",Two bed,Apartment,2304.31,D4
2022,"Ringsend, Dublin 4",Two bed,Apartment,1905.57,D4
2022,"Sandymount, Dublin 4",Two bed,Apartment,2089.43,D4
2022,"Artane, Dublin 5",Two bed,Apartment,1594.32,D5
2022,"Raheny, Dublin 5",Two bed,Apartment,1824.53,D5
2022,"Harolds Cross, Dublin 6",Two bed,Apartment,2271.31,D6
2022,"Milltown, Dublin 6",Two bed,Apartment,2143.97,D6
2022,"Ranelagh, Dublin 6",Two bed,Apartment,2017.18,D6
2022,"Rathgar, Dublin 6",Two bed,Apartment,1847.23,D6
2022,"Rathmines, Dublin 6",Two bed,Apartment,1883.42,D6
2022,"Terenure, Dublin 6W",Two bed,Apartment,1947.4,D6W
2022,"Cabra, Dublin 7",Two bed,Apartment,1839.91,D7
2022,"Smithfield, Dublin 7",Two bed,Apartment,1947.71,D7
2022,"Christchurch, Dublin 8",Two bed,Apartment,1782.14,D8
2022,"Cork Street, Dublin 8",Two bed,Apartment,1774.81,D8
2022,"Inchicore, Dublin 8",Two bed,Apartment,1590.22,D8
2022,"Islandbridge, Dublin 8",Two bed,Apartment,2033.22,D8
2022,"Kilmainham , Dublin 8",Two bed,Apartment,1753.72,D8
2022,"Rialto, Dublin 8",Two bed,Apartment,1653.29,D8
2022,"South Circular Road, Dublin 8",Two bed,Apartment,1771.9,D8
2022,"Ballymun, Dublin 9",Two bed,Apartment,1540.42,D9
2022,"Beaumont, Dublin 9",Two bed,Apartment,1667.77,D9
2022,"Glasnevin, Dublin 9",Two bed,Apartment,1669.88,D9
2022,"Santry, Dublin 9",Two bed,Apartment,1852.98,D9
2022,"Whitehall, Dublin 9",Two bed,Apartment,1624.0,D9
2022,"Cherry Orchard, Dublin 10",Two bed,Apartment,1544.07,D10
2022,"Finglas, Dublin 11",Two bed,Apartment,1552.55,D11
2022,"Crumlin, Dublin 12",Two bed,Apartment,1683.53,D12
2022,"Drimnagh, Dublin 12",Two bed,Apartment,1750.0,D12
2022,"Kimmage, Dublin 12",Two bed,Apartment,1682.35,D12
2022,"Baldoyle, Dublin 13",Two bed,Apartment,1668.57,D13
2022,"Balgriffin, Dublin 13",Two bed,Apartment,1655.97,D13
2022,"Clongriffin, Dublin 13",Two bed,Apartment,1966.4,D13
2022,"Sutton, Dublin 13",Two bed,Apartment,1984.9,D13
2022,"Churchtown, Dublin 14",Two bed,Apartment,2395.78,D14
2022,"Clonskeagh, Dublin 14",Two bed,Apartment,1874.9,D14
2022,"Goatstown, Dublin 14",Two bed,Apartment,2065.04,D14
2022,"Ashtown, Dublin 15",Two bed,Apartment,1765.36,D15
2022,"Blanchardstown, Dublin 15",Two bed,Apartment,1598.37,D15
2022,"Castleknock, Dublin 15",Two bed,Apartment,1816.49,D15
2022,"Clonee, Dublin 15",Two bed,Apartment,1504.36,D15
2022,"Clonsilla, Dublin 15",Two bed,Apartment,1616.34,D15
2022,"Ongar, Dublin 15",Two bed,Apartment,1488.45,D15
2022,"Porterstown, Dublin 15",Two bed,Apartment,1621.35,D15
2022,"Royal Canal Park, Dublin 15",Two bed,Apartment,1745.8,D15
2022,"Ballinteer, Dublin 16",Two bed,Apartment,1800.66,D16
2022,"Dundrum, Dublin 16",Two bed,Apartment,2057.97,D16
2022,"Rathfarnham, Dublin 16",Two bed,Apartment,1740.29,D16
2022,"Malahide Road, Dublin 17",Two bed,Apartment,1658.62,D17
2022,"Cabinteely, Dublin 18",Two bed,Apartment,1785.85,D18
2022,"Carrickmines, Dublin 18",Two bed,Apartment,1885.65,D18
2022,"Leopardstown, Dublin 18",Two bed,Apartment,1976.31,D18
2022,"Sandyford, Dublin 18",Two bed,Apartment,1867.04,D18
2022,"Stepaside, Dublin 18",Two bed,Apartment,1774.66,D18
2022,"Chapelizod, Dublin 20",Two bed,Apartment,1570.1,D20
2022,"Ballycullen, Dublin 24",Two bed,Apartment,1632.27,D24
2022,"Citywest, Dublin 24",Two bed,Apartment,1835.74,D24
2022,"Tallaght, Dublin 24",Two bed,Apartment,1586.94,D24
2022,"Drumcondra, Dublin 3",Two bed,Other flats,1515.18,D3
2022,"Ballsbridge, Dublin 4",Two bed,Other flats,1760.0,D4
2022,"Ranelagh, Dublin 6",Two bed,Other flats,1513.32,D6
2022,"Rathgar, Dublin 6",Two bed,Other flats,1567.54,D6
2022,"Rathmines, Dublin 6",Two bed,Other flats,1577.13,D6
2022,"Balbriggan, Dublin",Three bed,Semi detached house,1653.15,D1
2022,"Blackrock, Dublin",Three bed,Semi detached house,2361.68,D18
2022,"Lucan, Dublin",Three bed,Semi detached house,1821.99,D20
2022,"Malahide, Dublin",Three bed,Semi detached house,2216.08,D17
2022,"Rush, Dublin",Three bed,Semi detached house,1673.92,D1
2022,"Stillorgan, Dublin",Three bed,Semi detached house,2186.78,D18
2022,"Swords, Dublin",Three bed,Semi detached house,1756.59,D17
2022,"Clontarf, Dublin 3",Three bed,Semi detached house,2407.88,D3
2022,"Drumcondra, Dublin 3",Three bed,Semi detached house,1989.56,D3
2022,"Sandymount, Dublin 4",Three bed,Semi detached house,2860.72,D4
2022,"Artane, Dublin 5",Three bed,Semi detached house,2004.94,D5
2022,"Raheny, Dublin 5",Three bed,Semi detached house,2143.62,D5
2022,"Ranelagh, Dublin 6",Three bed,Semi detached house,3042.94,D6
2022,"Templeogue, Dublin 6W",Three bed,Semi detached house,1971.82,D6W
2022,"Terenure, Dublin 6W",Three bed,Semi detached house,2264.01,D6W
2022,"Beaumont, Dublin 9",Three bed,Semi detached house,1949.03,D9
2022,"Glasnevin, Dublin 9",Three bed,Semi detached house,1952.59,D9
2022,"Santry, Dublin 9",Three bed,Semi detached house,1934.54,D9
2022,"Finglas, Dublin 11",Three bed,Semi detached house,1739.42,D11
2022,"Kimmage, Dublin 12",Three bed,Semi detached house,2117.95,D12
2022,"Clonskeagh, Dublin 14",Three bed,Semi detached house,2465.16,D14
2022,"Blanchardstown, Dublin 15",Three bed,Semi detached house,1652.02,D15
2022,"Castleknock, Dublin 15",Three bed,Semi detached house,1895.01,D15
2022,"Clonee, Dublin 15",Three bed,Semi detached house,1648.52,D15
2022,"Clonsilla, Dublin 15",Three bed,Semi detached house,1709.14,D15
2022,"Mulhuddart, Dublin 15",Three bed,Semi detached house,1635.07,D15
2022,"Ballinteer, Dublin 16",Three bed,Semi detached house,1994.88,D16
2022,"Dundrum, Dublin 16",Three bed,Semi detached house,2282.25,D16
2022,"Rathfarnham, Dublin 16",Three bed,Semi detached house,2114.76,D16
2022,"Leopardstown, Dublin 18",Three bed,Semi detached house,2280.96,D18
2022,"Sandyford, Dublin 18",Three bed,Semi detached house,2038.97,D18
2022,"Citywest, Dublin 24",Three bed,Semi detached house,2233.88,D24
2022,"Firhouse, Dublin 24",Three bed,Semi detached house,1902.07,D24
2022,"Tallaght, Dublin 24",Three bed,Semi detached house,1786.63,D24
2022,"Balbriggan, Dublin",Three bed,Terrace house,1648.11,D1
2022,"Blackrock, Dublin",Three bed,Terrace house,2564.3,D18
2022,"Lucan, Dublin",Three bed,Terrace house,2031.57,D20
2022,"Malahide, Dublin",Three bed,Terrace house,2241.87,D17
2022,"Portmarnock, Dublin",Three bed,Terrace house,2502.07,D13
2022,"Swords, Dublin",Three bed,Terrace house,1843.2,D17
2022,"Clontarf, Dublin 3",Three bed,Terrace house,2405.95,D3
2022,"Drumcondra, Dublin 3",Three bed,Terrace house,2084.28,D3
2022,"Ballsbridge, Dublin 4",Three bed,Terrace house,3392.71,D4
2022,"Donnybrook, Dublin 4",Three bed,Terrace house,2796.8,D4
2022,"Sandymount, Dublin 4",Three bed,Terrace house,2726.61,D4
2022,"Artane, Dublin 5",Three bed,Terrace house,1864.12,D5
2022,"Raheny, Dublin 5",Three bed,Terrace house,2007.12,D5
2022,"Harolds Cross, Dublin 6",Three bed,Terrace house,2092.63,D6
2022,"Ranelagh, Dublin 6",Three bed,Terrace house,2716.93,D6
2022,"Terenure, Dublin 6W",Three bed,Terrace house,2242.49,D6W
2022,"Inchicore, Dublin 8",Three bed,Terrace house,1934.59,D8
2022,"South Circular Road, Dublin 8",Three bed,Terrace house,2401.74,D8
2022,"Glasnevin, Dublin 9",Three bed,Terrace house,2106.87,D9
2022,"Finglas, Dublin 11",Three bed,Terrace house,1736.96,D11
2022,"Crumlin, Dublin 12",Three bed,Terrace house,1948.06,D12
2022,"Drimnagh, Dublin 12",Three bed,Terrace house,1821.82,D12
2022,"Walkinstown, Dublin 12",Three bed,Terrace house,1731.32,D12
2022,"Balgriffin, Dublin 13",Three bed,Terrace house,1943.88,D13
2022,"Blanchardstown, Dublin 15",Three bed,Terrace house,1725.91,D15
2022,"Castleknock, Dublin 15",Three bed,Terrace house,1796.74,D15
2022,"Dundrum, Dublin 16",Three bed,Terrace house,2063.58,D16
2022,"Rathfarnham, Dublin 16",Three bed,Terrace house,2155.92,D16
2022,"Citywest, Dublin 24",Three bed,Terrace house,2115.97,D24
2022,"Tallaght, Dublin 24",Three bed,Terrace house,1738.45,D24
2022,"Blackrock, Dublin",Three bed,Apartment,2430.13,D18
2022,"Dun Laoghaire, Dublin",Three bed,Apartment,2758.67,D18
2022,"Lucan, Dublin",Three bed,Apartment,2097.22,D20
2022,"Malahide, Dublin",Three bed,Apartment,2331.4,D17
2022,"Portmarnock, Dublin",Three bed,Apartment,2564.03,D13
2022,"Saggart, Dublin",Three bed,Apartment,1986.6,D24
2022,"Stillorgan, Dublin",Three bed,Apartment,2546.19,D18
2022,"Swords, Dublin",Three bed,Apartment,1814.04,D17
2022,"Clontarf, Dublin 3",Three bed,Apartment,2459.82,D3
2022,"Drumcondra, Dublin 3",Three bed,Apartment,2148.14,D3
2022,"Ballsbridge, Dublin 4",Three bed,Apartment,3298.9,D4
2022,"Sandymount, Dublin 4",Three bed,Apartment,2751.87,D4
2022,"Milltown, Dublin 6",Three bed,Apartment,2433.23,D6
2022,"Rathmines, Dublin 6",Three bed,Apartment,2082.25,D6
2022,"Terenure, Dublin 6W",Three bed,Apartment,2245.05,D6W
2022,"Smithfield, Dublin 7",Three bed,Apartment,2726.23,D7
2022,"Inchicore, Dublin 8",Three bed,Apartment,2072.4,D8
2022,"Islandbridge, Dublin 8",Three bed,Apartment,2632.7,D8
2022,"Santry, Dublin 9",Three bed,Apartment,2217.58,D9
2022,"Finglas, Dublin 11",Three bed,Apartment,1717.28,D11
2022,"Clongriffin, Dublin 13",Three bed,Apartment,2264.98,D13
2022,"Blanchardstown, Dublin 15",Three bed,Apartment,1882.35,D15
2022,"Castleknock, Dublin 15",Three bed,Apartment,1966.91,D15
2022,"Dundrum, Dublin 16",Three bed,Apartment,2591.43,D16
2022,"Cabinteely, Dublin 18",Three bed,Apartment,2197.74,D18
2022,"Leopardstown, Dublin 18",Three bed,Apartment,2559.28,D18
2022,"Sandyford, Dublin 18",Three bed,Apartment,2296.29,D18
2022,"Tallaght, Dublin 24",Three bed,Apartment,1749.61,D24
2022,"Rathmines, Dublin 6",Three bed,Other flats,2020.25,D6
2022,"Blackrock, Dublin",Four plus bed,Detached house,3671.12,D18
2022,"Malahide, Dublin",Four plus bed,Detached house,3581.18,D17
2022,"Foxrock, Dublin 18",Four plus bed,Detached house,3992.77,D18
2022,"Blackrock, Dublin",Four plus bed,Semi detached house,3111.76,D18
2022,"Lucan, Dublin",Four plus bed,Semi detached house,2019.67,D20
2022,"Malahide, Dublin",Four plus bed,Semi detached house,2876.05,D17
2022,"Stillorgan, Dublin",Four plus bed,Semi detached house,3284.09,D18
2022,"Swords, Dublin",Four plus bed,Semi detached house,1827.45,D17
2022,"Drumcondra, Dublin 3",Four plus bed,Semi detached house,2556.16,D3
2022,"Ballsbridge, Dublin 4",Four plus bed,Semi detached house,4045.55,D4
2022,"Templeogue, Dublin 6W",Four plus bed,Semi detached house,2397.0,D6W
2022,"Terenure, Dublin 6W",Four plus bed,Semi detached house,3055.48,D6W
2022,"Glasnevin, Dublin 9",Four plus bed,Semi detached house,2300.67,D9
2022,"Santry, Dublin 9",Four plus bed,Semi detached house,2501.13,D9
2022,"Clonskeagh, Dublin 14",Four plus bed,Semi detached house,3236.71,D14
2022,"Goatstown, Dublin 14",Four plus bed,Semi detached house,2907.84,D14
2022,"Castleknock, Dublin 15",Four plus bed,Semi detached house,2340.07,D15
2022,"Clonsilla, Dublin 15",Four plus bed,Semi detached house,2044.24,D15
2022,"Dundrum, Dublin 16",Four plus bed,Semi detached house,2814.18,D16
2022,"Rathfarnham, Dublin 16",Four plus bed,Semi detached house,2586.86,D16
2022,"Lucan, Dublin",Four plus bed,Terrace house,2619.34,D20
2022,"Drumcondra, Dublin 3",Four plus bed,Terrace house,2515.84,D3
2022,"Ballsbridge, Dublin 4",Four plus bed,Terrace house,3787.19,D4
2022,"Ranelagh, Dublin 6",Four plus bed,Terrace house,3826.39,D6
2022,"Rathmines, Dublin 6",Four plus bed,Terrace house,3041.45,D6
2023,"Balbriggan, Dublin",One bed,Apartment,1168.84,D1
2023,"Blackrock, Dublin",One bed,Apartment,1846.08,D18
2023,"Dalkey, Dublin",One bed,Apartment,2075.87,D18
2023,"Donabate, Dublin",One bed,Apartment,1253.12,D13
2023,"Dun Laoghaire, Dublin",One bed,Apartment,1718.63,D18
2023,"Howth, Dublin",One bed,Apartment,1657.53,D13
2023,"Lucan, Dublin",One bed,Apartment,1765.16,D20
2023,"Malahide, Dublin",One bed,Apartment,1838.52,D17
2023,"Monkstown, Dublin",One bed,Apartment,1399.11,D18
2023,"Portmarnock, Dublin",One bed,Apartment,1481.31,D13
2023,"Saggart, Dublin",One bed,Apartment,1309.06,D24
2023,"Stillorgan, Dublin",One bed,Apartment,1845.08,D18
2023,"Swords, Dublin",One bed,Apartment,1346.59,D17
2023,"I.F.S.C., Dublin 1",One bed,Apartment,1726.43,D1
2023,"Parnell Street, Dublin 1",One bed,Apartment,1526.22,D1
2023,"Pearse Street, Dublin 2",One bed,Apartment,1654.46,D2
2023,"Townsend Street, Dublin 2",One bed,Apartment,1698.94,D2
2023,"Clonliffe, Dublin 3",One bed,Apartment,1500.08,D3
2023,"Clontarf, Dublin 3",One bed,Apartment,1519.24,D3
2023,"Drumcondra, Dublin 3",One bed,Apartment,1455.01,D3
2023,"East Wall, Dublin 3",One bed,Apartment,1534.47,D3
2023,"Fairview, Dublin 3",One bed,Apartment,1507.32,D3
2023,"Ballsbridge, Dublin 4",One bed,Apartment,1717.63,D4
2023,"Donnybrook, Dublin 4",One bed,Apartment,1641.0,D4
2023,"Merrion, Dublin 4",One bed,Apartment,1725.14,D4
2023,"Pembroke, Dublin 4",One bed,Apartment,1678.29,D4
2023,"Sandymount, Dublin 4",One bed,Apartment,1676.37,D4
2023,"Raheny, Dublin 5",One bed,Apartment,1423.83,D5
2023,"Harolds Cross, Dublin 6",One bed,Apartment,1734.7,D6
2023,"Milltown, Dublin 6",One bed,Apartment,1776.81,D6
2023,"Ranelagh, Dublin 6",One bed,Apartment,1610.32,D6
2023,"Rathgar, Dublin 6",One bed,Apartment,1402.68,D6
2023,"Rathmines, Dublin 6",One bed,Apartment,1520.39,D6
2023,"Terenure, Dublin 6W",One bed,Apartment,1629.98,D6W
2023,"Cabra, Dublin 7",One bed,Apartment,1474.24,D7
2023,"Smithfield, Dublin 7",One bed,Apartment,1605.61,D7
2023,"Christchurch, Dublin 8",One bed,Apartment,1523.17,D8
2023,"Cork Street, Dublin 8",One bed,Apartment,1483.83,D8
2023,"Inchicore, Dublin 8",One bed,Apartment,1410.22,D8
2023,"Islandbridge, Dublin 8",One bed,Apartment,1732.7,D8
2023,"Kilmainham , Dublin 8",One bed,Apartment,1447.71,D8
2023,"Rialto, Dublin 8",One bed,Apartment,1482.82,D8
2023,"South Circular Road, Dublin 8",One bed,Apartment,1369.62,D8
2023,"Glasnevin, Dublin 9",One bed,Apartment,1369.1,D9
2023,"Santry, Dublin 9",One bed,Apartment,1627.07,D9
2023,"Finglas, Dublin 11",One bed,Apartment,1485.4,D11
2023,"Clongriffin, Dublin 13",One bed,Apartment,1555.59,D13
2023,"Churchtown, Dublin 14",One bed,Apartment,1905.44,D14
2023,"Ashtown, Dublin 15",One bed,Apartment,1542.33,D15
2023,"Castleknock, Dublin 15",One bed,Apartment,1431.37,D15
2023,"Royal Canal Park, Dublin 15",One bed,Apartment,1497.92,D15
2023,"Dundrum, Dublin 16",One bed,Apartment,1821.11,D16
2023,"Rathfarnham, Dublin 16",One bed,Apartment,1511.67,D16
2023,"Malahide Road, Dublin 17",One bed,Apartment,1406.22,D17
2023,"Leopardstown, Dublin 18",One bed,Apartment,1775.31,D18
2023,"Sandyford, Dublin 18",One bed,Apartment,1898.79,D18
2023,"Stepaside, Dublin 18",One bed,Apartment,1508.35,D18
2023,"Chapelizod, Dublin 20",One bed,Apartment,1340.33,D20
2023,"Tallaght, Dublin 24",One bed,Apartment,1337.99,D24
2023,"Dun Laoghaire, Dublin",One bed,Other flats,1240.76,D18
2023,"Clonliffe, Dublin 3",One bed,Other flats,1186.96,D3
2023,"Clontarf, Dublin 3",One bed,Other flats,1021.01,D3
2023,"Drumcondra, Dublin 3",One bed,Other flats,1023.05,D3
2023,"Fairview, Dublin 3",One bed,Other flats,1228.25,D3
2023,"Ballsbridge, Dublin 4",One bed,Other flats,1284.24,D4
2023,"Donnybrook, Dublin 4",One bed,Other flats,1381.55,D4
2023,"Ranelagh, Dublin 6",One bed,Other flats,1220.77,D6
2023,"Rathgar, Dublin 6",One bed,Other flats,1246.5,D6
2023,"Rathmines, Dublin 6",One bed,Other flats,1213.97,D6
2023,"Terenure, Dublin 6W",One bed,Other flats,1130.53,D6W
2023,"Cabra, Dublin 7",One bed,Other flats,1116.14,D7
2023,"North Circular Road, Dublin 7",One bed,Other flats,1172.51,D7
2023,"South Circular Road, Dublin 8",One bed,Other flats,1181.63,D8
2023,"Glasnevin, Dublin 9",One bed,Other flats,1057.08,D9
2023,"Balbriggan, Dublin",Two bed,Terrace house,1500.61,D1
2023,"Blackrock, Dublin",Two bed,Terrace house,2131.0,D18
2023,"Lucan, Dublin",Two bed,Terrace house,1691.24,D20
2023,"Swords, Dublin",Two bed,Terrace house,1674.09,D17
2023,"East Wall, Dublin 3",Two bed,Terrace house,1807.07,D3
2023,"Ballsbridge, Dublin 4",Two bed,Terrace house,2410.55,D4
2023,"Donnybrook, Dublin 4",Two bed,Terrace house,2220.93,D4
2023,"Ringsend, Dublin 4",Two bed,Terrace house,2025.64,D4
2023,"Sandymount, Dublin 4",Two bed,Terrace house,2297.57,D4
2023,"Harolds Cross, Dublin 6",Two bed,Terrace house,1860.28,D6
2023,"Ranelagh, Dublin 6",Two bed,Terrace house,2323.05,D6
2023,"Rathmines, Dublin 6",Two bed,Terrace house,2254.96,D6
2023,"Arbour Hill, Dublin 7",Two bed,Terrace house,1890.18,D7
2023,"Cabra, Dublin 7",Two bed,Terrace house,1748.57,D7
2023,"Stoneybatter, Dublin 7",Two bed,Terrace house,1798.2,D7
2023,"Inchicore, Dublin 8",Two bed,Terrace house,1743.46,D8
2023,"Crumlin, Dublin 12",Two bed,Terrace house,1737.5,D12
2023,"Balbriggan, Dublin",Two bed,Apartment,1475.67,D1
2023,"Blackrock, Dublin",Two bed,Apartment,2254.94,D18
2023,"Booterstown, Dublin",Two bed,Apartment,2112.89,D4
2023,"Dalkey, Dublin",Two bed,Apartment,2584.86,D18
2023,"Donabate, Dublin",Two bed,Apartment,1698.91,D13
2023,"Dun Laoghaire, Dublin",Two bed,Apartment,2191.04,D18
2023,"Howth, Dublin",Two bed,Apartment,2043.74,D13
2023,"Lucan, Dublin",Two bed,Apartment,2009.56,D20
2023,"Lusk, Dublin",Two bed,Apartment,1965.54,D1
2023,"Malahide, Dublin",Two bed,Apartment,2078.2,D17
2023,"Monkstown, Dublin",Two bed,Apartment,1869.33,D18
2023,"Portmarnock, Dublin",Two bed,Apartment,1832.88,D13
2023,"Rathcoole, Dublin",Two bed,Apartment,1643.36,D24
2023,"Rush, Dublin",Two bed,Apartment,1362.88,D1
2023,"Saggart, Dublin",Two bed,Apartment,1680.68,D24
2023,"Shankill, Dublin",Two bed,Apartment,1769.45,D18
2023,"Skerries, Dublin",Two bed,Apartment,1456.37,D1
2023,"Stillorgan, Dublin",Two bed,Apartment,2212.17,D18
2023,"Swords, Dublin",Two bed,Apartment,1632.43,D17
2023,"I.F.S.C., Dublin 1",Two bed,Apartment,2092.7,D1
2023,"Parnell Street, Dublin 1",Two bed,Apartment,1855.56,D1
2023,"Spencer Dock, Dublin 1",Two bed,Apartment,2363.48,D1
2023,"Summerhill, Dublin 1",Two bed,Apartment,1760.68,D1
2023,"Pearse Street, Dublin 2",Two bed,Apartment,2111.24,D2
2023,"Townsend Street, Dublin 2",Two bed,Apartment,2064.88,D2
2023,"Clontarf, Dublin 3",Two bed,Apartment,1941.58,D3
2023,"Drumcondra, Dublin 3",Two bed,Apartment,1840.48,D3
2023,"East Wall, Dublin 3",Two bed,Apartment,2030.02,D3
2023,"Fairview, Dublin 3",Two bed,Apartment,1859.32,D3
2023,"Ballsbridge, Dublin 4",Two bed,Apartment,2640.47,D4
2023,"Donnybrook, Dublin 4",Two bed,Apartment,2202.52,D4
2023,"Merrion, Dublin 4",Two bed,Apartment,2257.82,D4
2023,"Pembroke, Dublin 4",Two bed,Apartment,2383.99,D4
2023,"Ringsend, Dublin 4",Two bed,Apartment,2025.31,D4
2023,"Sandymount, Dublin 4",Two bed,Apartment,2169.44,D4
2023,"Raheny, Dublin 5",Two bed,Apartment,1894.51,D5
2023,"Harolds Cross, Dublin 6",Two bed,Apartment,2307.4,D6
2023,"Milltown, Dublin 6",Two bed,Apartment,2219.34,D6
2023,"Ranelagh, Dublin 6",Two bed,Apartment,2071.18,D6
2023,"Rathgar, Dublin 6",Two bed,Apartment,1884.46,D6
2023,"Rathmines, Dublin 6",Two bed,Apartment,1988.51,D6
2023,"Terenure, Dublin 6W",Two bed,Apartment,2057.24,D6W
2023,"Cabra, Dublin 7",Two bed,Apartment,2260.48,D7
2023,"Smithfield, Dublin 7",Two bed,Apartment,2100.46,D7
2023,"Christchurch, Dublin 8",Two bed,Apartment,1920.19,D8
2023,"Cork Street, Dublin 8",Two bed,Apartment,1878.36,D8
2023,"Inchicore, Dublin 8",Two bed,Apartment,1634.74,D8
2023,"Islandbridge, Dublin 8",Two bed,Apartment,2024.6,D8
2023,"Kilmainham , Dublin 8",Two bed,Apartment,1900.49,D8
2023,"Rialto, Dublin 8",Two bed,Apartment,1765.01,D8
2023,"South Circular Road, Dublin 8",Two bed,Apartment,1940.45,D8
2023,"Ballymun, Dublin 9",Two bed,Apartment,1498.24,D9
2023,"Beaumont, Dublin 9",Two bed,Apartment,1836.68,D9
2023,"Glasnevin, Dublin 9",Two bed,Apartment,1717.36,D9
2023,"Santry, Dublin 9",Two bed,Apartment,1875.31,D9
2023,"Cherry Orchard, Dublin 10",Two bed,Apartment,1625.46,D10
2023,"Finglas, Dublin 11",Two bed,Apartment,1679.02,D11
2023,"Drimnagh, Dublin 12",Two bed,Apartment,1798.09,D12
2023,"Kimmage, Dublin 12",Two bed,Apartment,1773.41,D12
2023,"Balgriffin, Dublin 13",Two bed,Apartment,1669.64,D13
2023,"Clongriffin, Dublin 13",Two bed,Apartment,1879.58,D13
2023,"Churchtown, Dublin 14",Two bed,Apartment,2400.38,D14
2023,"Clonskeagh, Dublin 14",Two bed,Apartment,1925.31,D14
2023,"Ashtown, Dublin 15",Two bed,Apartment,1789.57,D15
2023,"Blanchardstown, Dublin 15",Two bed,Apartment,1693.51,D15
2023,"Castleknock, Dublin 15",Two bed,Apartment,1895.48,D15
2023,"Clonee, Dublin 15",Two bed,Apartment,1526.85,D15
2023,"Clonsilla, Dublin 15",Two bed,Apartment,1673.8,D15
2023,"Ongar, Dublin 15",Two bed,Apartment,1606.75,D15
2023,"Porterstown, Dublin 15",Two bed,Apartment,1616.23,D15
2023,"Royal Canal Park, Dublin 15",Two bed,Apartment,1858.38,D15
2023,"Ballinteer, Dublin 16",Two bed,Apartment,1876.27,D16
2023,"Dundrum, Dublin 16",Two bed,Apartment,2143.29,D16
2023,"Rathfarnham, Dublin 16",Two bed,Apartment,1846.65,D16
2023,"Malahide Road, Dublin 17",Two bed,Apartment,1651.99,D17
2023,"Cabinteely, Dublin 18",Two bed,Apartment,1801.73,D18
2023,"Carrickmines, Dublin 18",Two bed,Apartment,2017.26,D18
2023,"Leopardstown, Dublin 18",Two bed,Apartment,2033.63,D18
2023,"Sandyford, Dublin 18",Two bed,Apartment,2149.1,D18
2023,"Stepaside, Dublin 18",Two bed,Apartment,1872.57,D18
2023,"Chapelizod, Dublin 20",Two bed,Apartment,1599.24,D20
2023,"Ballycullen, Dublin 24",Two bed,Apartment,1714.56,D24
2023,"Citywest, Dublin 24",Two bed,Apartment,1774.46,D24
2023,"Tallaght, Dublin 24",Two bed,Apartment,1653.92,D24
2023,"Drumcondra, Dublin 3",Two bed,Other flats,1655.29,D3
2023,"Ranelagh, Dublin 6",Two bed,Other flats,1659.74,D6
2023,"Rathgar, Dublin 6",Two bed,Other flats,1660.32,D6
2023,"Rathmines, Dublin 6",Two bed,Other flats,1665.18,D6
2023,"Balbriggan, Dublin",Three bed,Semi detached house,1723.82,D1
2023,"Blackrock, Dublin",Three bed,Semi detached house,2542.17,D18
2023,"Lucan, Dublin",Three bed,Semi detached house,1968.34,D20
2023,"Malahide, Dublin",Three bed,Semi detached house,2372.95,D17
2023,"Rush, Dublin",Three bed,Semi detached house,1651.41,D1
2023,"Saggart, Dublin",Three bed,Semi detached house,1974.45,D24
2023,"Stillorgan, Dublin",Three bed,Semi detached house,2366.19,D18
2023,"Swords, Dublin",Three bed,Semi detached house,1828.47,D17
2023,"Clontarf, Dublin 3",Three bed,Semi detached house,2562.0,D3
2023,"Drumcondra, Dublin 3",Three bed,Semi detached house,2257.7,D3
2023,"Artane, Dublin 5",Three bed,Semi detached house,2252.73,D5
2023,"Raheny, Dublin 5",Three bed,Semi detached house,2316.25,D5
2023,"Templeogue, Dublin 6W",Three bed,Semi detached house,2185.3,D6W
2023,"Terenure, Dublin 6W",Three bed,Semi detached house,2439.48,D6W
2023,"Glasnevin, Dublin 9",Three bed,Semi detached house,1982.05,D9
2023,"Santry, Dublin 9",Three bed,Semi detached house,2106.21,D9
2023,"Clonskeagh, Dublin 14",Three bed,Semi detached house,2562.35,D14
2023,"Blanchardstown, Dublin 15",Three bed,Semi detached house,1756.64,D15
2023,"Castleknock, Dublin 15",Three bed,Semi detached house,1901.02,D15
2023,"Clonee, Dublin 15",Three bed,Semi detached house,1705.4,D15
2023,"Clonsilla, Dublin 15",Three bed,Semi detached house,1828.84,D15
2023,"Mulhuddart, Dublin 15",Three bed,Semi detached house,1710.47,D15
2023,"Dundrum, Dublin 16",Three bed,Semi detached house,2343.85,D16
2023,"Rathfarnham, Dublin 16",Three bed,Semi detached house,2133.18,D16
2023,"Leopardstown, Dublin 18",Three bed,Semi detached house,2463.18,D18
2023,"Tallaght, Dublin 24",Three bed,Semi detached house,1797.54,D24
2023,"Balbriggan, Dublin",Three bed,Terrace house,1609.74,D1
2023,"Blackrock, Dublin",Three bed,Terrace house,2646.5,D18
2023,"Lucan, Dublin",Three bed,Terrace house,2284.88,D20
2023,"Malahide, Dublin",Three bed,Terrace house,2184.17,D17
2023,"Portmarnock, Dublin",Three bed,Terrace house,2575.88,D13
2023,"Swords, Dublin",Three bed,Terrace house,1930.13,D17
2023,"Clontarf, Dublin 3",Three bed,Terrace house,2625.78,D3
2023,"Drumcondra, Dublin 3",Three bed,Terrace house,2173.1,D3
2023,"Ballsbridge, Dublin 4",Three bed,Terrace house,3228.69,D4
2023,"Donnybrook, Dublin 4",Three bed,Terrace house,3078.62,D4
2023,"Sandymount, Dublin 4",Three bed,Terrace house,2797.2,D4
2023,"Raheny, Dublin 5",Three bed,Terrace house,2028.5,D5
2023,"Ranelagh, Dublin 6",Three bed,Terrace house,2847.46,D6
2023,"Rathmines, Dublin 6",Three bed,Terrace house,3099.83,D6
2023,"Terenure, Dublin 6W",Three bed,Terrace house,2397.07,D6W
2023,"Inchicore, Dublin 8",Three bed,Terrace house,2029.05,D8
2023,"Glasnevin, Dublin 9",Three bed,Terrace house,2067.36,D9
2023,"Finglas, Dublin 11",Three bed,Terrace house,1869.38,D11
2023,"Drimnagh, Dublin 12",Three bed,Terrace house,1891.6,D12
2023,"Castleknock, Dublin 15",Three bed,Terrace house,1849.26,D15
2023,"Rathfarnham, Dublin 16",Three bed,Terrace house,2138.04,D16
2023,"Tallaght, Dublin 24",Three bed,Terrace house,1798.94,D24
2023,"Blackrock, Dublin",Three bed,Apartment,2818.28,D18
2023,"Dun Laoghaire, Dublin",Three bed,Apartment,2816.12,D18
2023,"Lucan, Dublin",Three bed,Apartment,2228.94,D20
2023,"Malahide, Dublin",Three bed,Apartment,2417.64,D17
2023,"Portmarnock, Dublin",Three bed,Apartment,2613.91,D13
2023,"Saggart, Dublin",Three bed,Apartment,2026.97,D24
2023,"Stillorgan, Dublin",Three bed,Apartment,2453.92,D18
2023,"Swords, Dublin",Three bed,Apartment,1861.63,D17
2023,"Ballsbridge, Dublin 4",Three bed,Apartment,3279.32,D4
2023,"Rathmines, Dublin 6",Three bed,Apartment,2156.64,D6
2023,"Santry, Dublin 9",Three bed,Apartment,2212.76,D9
2023,"Finglas, Dublin 11",Three bed,Apartment,1908.29,D11
2023,"Blanchardstown, Dublin 15",Three bed,Apartment,1977.84,D15
2023,"Dundrum, Dublin 16",Three bed,Apartment,2671.77,D16
2023,"Leopardstown, Dublin 18",Three bed,Apartment,2612.42,D18
2023,"Sandyford, Dublin 18",Three bed,Apartment,2571.95,D18
2023,"Rathmines, Dublin 6",Three bed,Other flats,2093.02,D6
2023,"Blackrock, Dublin",Four plus bed,Detached house,3853.23,D18
2023,"Malahide, Dublin",Four plus bed,Detached house,3503.24,D17
2023,"Blackrock, Dublin",Four plus bed,Semi detached house,3183.37,D18
2023,"Lucan, Dublin",Four plus bed,Semi detached house,2225.77,D20
2023,"Malahide, Dublin",Four plus bed,Semi detached house,3015.84,D17
2023,"Stillorgan, Dublin",Four plus bed,Semi detached house,3410.44,D18
2023,"Swords, Dublin",Four plus bed,Semi detached house,2022.25,D17
2023,"Glasnevin, Dublin 9",Four plus bed,Semi detached house,2725.0,D9
2023,"Clonskeagh, Dublin 14",Four plus bed,Semi detached house,3433.66,D14
2023,"Castleknock, Dublin 15",Four plus bed,Semi detached house,2379.64,D15
2023,"Clonsilla, Dublin 15",Four plus bed,Semi detached house,2105.53,D15
2023,"Rathfarnham, Dublin 16",Four plus bed,Semi detached house,2842.47,D16
2023,"Lucan, Dublin",Four plus bed,Terrace house,2718.12,D20
2023,"Drumcondra, Dublin 3",Four plus bed,Terrace house,2646.02,D3
2023,"Ballsbridge, Dublin 4",Four plus bed,Terrace house,4442.09,D4
2024,"Balbriggan, Dublin",One bed,Apartment,1172.83,D1
2024,"Blackrock, Dublin",One bed,Apartment,1973.0,D18
2024,"Dalkey, Dublin",One bed,Apartment,2257.13,D18
2024,"Dun Laoghaire, Dublin",One bed,Apartment,1779.71,D18
2024,"Howth, Dublin",One bed,Apartment,1635.06,D13
2024,"Lucan, Dublin",One bed,Apartment,1836.31,D20
2024,"Malahide, Dublin",One bed,Apartment,1873.43,D17
2024,"Monkstown, Dublin",One bed,Apartment,1473.71,D18
2024,"Saggart, Dublin",One bed,Apartment,1391.03,D24
2024,"Stillorgan, Dublin",One bed,Apartment,2007.65,D18
2024,"Swords, Dublin",One bed,Apartment,1385.67,D17
2024,"I.F.S.C., Dublin 1",One bed,Apartment,1777.78,D1
2024,"Parnell Street, Dublin 1",One bed,Apartment,1636.04,D1
2024,"Summerhill, Dublin 1",One bed,Apartment,1440.64,D1
2024,"Pearse Street, Dublin 2",One bed,Apartment,1700.43,D2
2024,"Townsend Street, Dublin 2",One bed,Apartment,1782.43,D2
2024,"Clonliffe, Dublin 3",One bed,Apartment,1493.17,D3
2024,"Clontarf, Dublin 3",One bed,Apartment,1559.98,D3
2024,"Drumcondra, Dublin 3",One bed,Apartment,1503.56,D3
2024,"East Wall, Dublin 3",One bed,Apartment,1608.63,D3
2024,"Fairview, Dublin 3",One bed,Apartment,1573.92,D3
2024,"Ballsbridge, Dublin 4",One bed,Apartment,1746.52,D4
2024,"Donnybrook, Dublin 4",One bed,Apartment,1761.92,D4
2024,"Merrion, Dublin 4",One bed,Apartment,1774.98,D4
2024,"Sandymount, Dublin 4",One bed,Apartment,1729.73,D4
2024,"Raheny, Dublin 5",One bed,Apartment,1539.26,D5
2024,"Harolds Cross, Dublin 6",One bed,Apartment,1723.84,D6
2024,"Milltown, Dublin 6",One bed,Apartment,1811.39,D6
2024,"Ranelagh, Dublin 6",One bed,Apartment,1639.25,D6
2024,"Rathgar, Dublin 6",One bed,Apartment,1500.07,D6
2024,"Rathmines, Dublin 6",One bed,Apartment,1543.22,D6
2024,"Terenure, Dublin 6W",One bed,Apartment,1631.48,D6W
2024,"Cabra, Dublin 7",One bed,Apartment,1409.33,D7
2024,"Smithfield, Dublin 7",One bed,Apartment,1638.21,D7
2024,"Christchurch, Dublin 8",One bed,Apartment,1622.21,D8
2024,"Cork Street, Dublin 8",One bed,Apartment,1636.16,D8
2024,"Inchicore, Dublin 8",One bed,Apartment,1435.23,D8
2024,"Islandbridge, Dublin 8",One bed,Apartment,1774.91,D8
2024,"Kilmainham , Dublin 8",One bed,Apartment,1500.98,D8
2024,"Rialto, Dublin 8",One bed,Apartment,1569.56,D8
2024,"South Circular Road, Dublin 8",One bed,Apartment,1441.19,D8
2024,"Glasnevin, Dublin 9",One bed,Apartment,1495.64,D9
2024,"Santry, Dublin 9",One bed,Apartment,1648.69,D9
2024,"Finglas, Dublin 11",One bed,Apartment,1558.38,D11
2024,"Clongriffin, Dublin 13",One bed,Apartment,1556.78,D13
2024,"Churchtown, Dublin 14",One bed,Apartment,1980.97,D14
2024,"Ashtown, Dublin 15",One bed,Apartment,1580.61,D15
2024,"Castleknock, Dublin 15",One bed,Apartment,1475.17,D15
2024,"Royal Canal Park, Dublin 15",One bed,Apartment,1585.86,D15
2024,"Dundrum, Dublin 16",One bed,Apartment,1990.82,D16
2024,"Rathfarnham, Dublin 16",One bed,Apartment,1591.79,D16
2024,"Malahide Road, Dublin 17",One bed,Apartment,1418.92,D17
2024,"Leopardstown, Dublin 18",One bed,Apartment,1803.51,D18
2024,"Sandyford, Dublin 18",One bed,Apartment,2032.43,D18
2024,"Stepaside, Dublin 18",One bed,Apartment,1596.15,D18
2024,"Citywest, Dublin 24",One bed,Apartment,1821.63,D24
2024,"Tallaght, Dublin 24",One bed,Apartment,1381.02,D24
2024,"Dun Laoghaire, Dublin",One bed,Other flats,1343.8,D18
2024,"Clonliffe, Dublin 3",One bed,Other flats,1275.56,D3
2024,"Clontarf, Dublin 3",One bed,Other flats,1210.98,D3
2024,"Drumcondra, Dublin 3",One bed,Other flats,1101.73,D3
2024,"Fairview, Dublin 3",One bed,Other flats,1259.19,D3
2024,"Ballsbridge, Dublin 4",One bed,Other flats,1510.14,D4
2024,"Donnybrook, Dublin 4",One bed,Other flats,1356.3,D4
2024,"Ranelagh, Dublin 6",One bed,Other flats,1278.64,D6
2024,"Rathgar, Dublin 6",One bed,Other flats,1354.53,D6
2024,"Rathmines, Dublin 6",One bed,Other flats,1274.18,D6
2024,"Terenure, Dublin 6W",One bed,Other flats,1134.48,D6W
2024,"Cabra, Dublin 7",One bed,Other flats,1197.51,D7
2024,"North Circular Road, Dublin 7",One bed,Other flats,1346.19,D7
2024,"South Circular Road, Dublin 8",One bed,Other flats,1215.41,D8
2024,"Glasnevin, Dublin 9",One bed,Other flats,1093.31,D9
2024,"Balbriggan, Dublin",Two bed,Terrace house,1603.75,D1
2024,"Blackrock, Dublin",Two bed,Terrace house,2223.21,D18
2024,"Lucan, Dublin",Two bed,Terrace house,1864.2,D20
2024,"Swords, Dublin",Two bed,Terrace house,1697.59,D17
2024,"East Wall, Dublin 3",Two bed,Terrace house,1951.04,D3
2024,"Donnybrook, Dublin 4",Two bed,Terrace house,2271.69,D4
2024,"Ringsend, Dublin 4",Two bed,Terrace house,2114.22,D4
2024,"Sandymount, Dublin 4",Two bed,Terrace house,2386.52,D4
2024,"Ranelagh, Dublin 6",Two bed,Terrace house,2561.36,D6
2024,"Cabra, Dublin 7",Two bed,Terrace house,1932.45,D7
2024,"Stoneybatter, Dublin 7",Two bed,Terrace house,1888.16,D7
2024,"Inchicore, Dublin 8",Two bed,Terrace house,1882.15,D8
2024,"Finglas, Dublin 11",Two bed,Terrace house,1851.77,D11
2024,"Crumlin, Dublin 12",Two bed,Terrace house,1874.32,D12
2024,"Balbriggan, Dublin",Two bed,Apartment,1566.15,D1
2024,"Blackrock, Dublin",Two bed,Apartment,2382.01,D18
2024,"Booterstown, Dublin",Two bed,Apartment,2255.0,D4
2024,"Dalkey, Dublin",Two bed,Apartment,2786.98,D18
2024,"Donabate, Dublin",Two bed,Apartment,1793.71,D13
2024,"Dun Laoghaire, Dublin",Two bed,Apartment,2251.68,D18
2024,"Howth, Dublin",Two bed,Apartment,2117.79,D13
2024,"Lucan, Dublin",Two bed,Apartment,2156.37,D20
2024,"Malahide, Dublin",Two bed,Apartment,2120.6,D17
2024,"Monkstown, Dublin",Two bed,Apartment,2031.37,D18
2024,"Portmarnock, Dublin",Two bed,Apartment,1899.81,D13
2024,"Saggart, Dublin",Two bed,Apartment,1810.32,D24
2024,"Shankill, Dublin",Two bed,Apartment,1876.23,D18
2024,"Skerries, Dublin",Two bed,Apartment,1542.84,D1
2024,"Stillorgan, Dublin",Two bed,Apartment,2357.73,D18
2024,"Swords, Dublin",Two bed,Apartment,1735.08,D17
2024,"I.F.S.C., Dublin 1",Two bed,Apartment,2190.85,D1
2024,"Parnell Street, Dublin 1",Two bed,Apartment,1935.49,D1
2024,"Spencer Dock, Dublin 1",Two bed,Apartment,2395.07,D1
2024,"Summerhill, Dublin 1",Two bed,Apartment,1861.34,D1
2024,"Townsend Street, Dublin 2",Two bed,Apartment,2136.42,D2
2024,"Clontarf, Dublin 3",Two bed,Apartment,2022.47,D3
2024,"Drumcondra, Dublin 3",Two bed,Apartment,1937.24,D3
2024,"East Wall, Dublin 3",Two bed,Apartment,2067.24,D3
2024,"Fairview, Dublin 3",Two bed,Apartment,2011.35,D3
2024,"Ballsbridge, Dublin 4",Two bed,Apartment,2680.23,D4
2024,"Donnybrook, Dublin 4",Two bed,Apartment,2249.1,D4
2024,"Merrion, Dublin 4",Two bed,Apartment,2366.07,D4
2024,"Pembroke, Dublin 4",Two bed,Apartment,2458.14,D4
2024,"Ringsend, Dublin 4",Two bed,Apartment,2163.41,D4
2024,"Sandymount, Dublin 4",Two bed,Apartment,2269.47,D4
2024,"Raheny, Dublin 5",Two bed,Apartment,1971.61,D5
2024,"Harolds Cross, Dublin 6",Two bed,Apartment,2309.24,D6
2024,"Milltown, Dublin 6",Two bed,Apartment,2308.15,D6
2024,"Ranelagh, Dublin 6",Two bed,Apartment,2143.29,D6
2024,"Rathgar, Dublin 6",Two bed,Apartment,1948.25,D6
2024,"Rathmines, Dublin 6",Two bed,Apartment,2037.21,D6
2024,"Terenure, Dublin 6W",Two bed,Apartment,2067.49,D6W
2024,"Cabra, Dublin 7",Two bed,Apartment,2234.14,D7
2024,"Smithfield, Dublin 7",Two bed,Apartment,2220.1,D7
2024,"Cork Street, Dublin 8",Two bed,Apartment,1943.0,D8
2024,"Inchicore, Dublin 8",Two bed,Apartment,1708.95,D8
2024,"Islandbridge, Dublin 8",Two bed,Apartment,2060.51,D8
2024,"Kilmainham , Dublin 8",Two bed,Apartment,1993.01,D8
2024,"Rialto, Dublin 8",Two bed,Apartment,1799.7,D8
2024,"South Circular Road, Dublin 8",Two bed,Apartment,2033.34,D8
2024,"Beaumont, Dublin 9",Two bed,Apartment,1982.03,D9
2024,"Glasnevin, Dublin 9",Two bed,Apartment,1849.3,D9
2024,"Santry, Dublin 9",Two bed,Apartment,1954.21,D9
2024,"Cherry Orchard, Dublin 10",Two bed,Apartment,1704.12,D10
2024,"Finglas, Dublin 11",Two bed,Apartment,1815.4,D11
2024,"Drimnagh, Dublin 12",Two bed,Apartment,1873.6,D12
2024,"Kimmage, Dublin 12",Two bed,Apartment,1873.6,D12
2024,"Clongriffin, Dublin 13",Two bed,Apartment,1918.61,D13
2024,"Churchtown, Dublin 14",Two bed,Apartment,2499.7,D14
2024,"Ashtown, Dublin 15",Two bed,Apartment,1915.88,D15
2024,"Blanchardstown, Dublin 15",Two bed,Apartment,1758.36,D15
2024,"Castleknock, Dublin 15",Two bed,Apartment,1987.23,D15
2024,"Clonee, Dublin 15",Two bed,Apartment,1560.8,D15
2024,"Clonsilla, Dublin 15",Two bed,Apartment,1780.02,D15
2024,"Porterstown, Dublin 15",Two bed,Apartment,1682.5,D15
2024,"Royal Canal Park, Dublin 15",Two bed,Apartment,2015.44,D15
2024,"Ballinteer, Dublin 16",Two bed,Apartment,2066.69,D16
2024,"Dundrum, Dublin 16",Two bed,Apartment,2265.42,D16
2024,"Rathfarnham, Dublin 16",Two bed,Apartment,1980.72,D16
2024,"Malahide Road, Dublin 17",Two bed,Apartment,1821.68,D17
2024,"Cabinteely, Dublin 18",Two bed,Apartment,1964.89,D18
2024,"Carrickmines, Dublin 18",Two bed,Apartment,2072.93,D18
2024,"Leopardstown, Dublin 18",Two bed,Apartment,2100.0,D18
2024,"Sandyford, Dublin 18",Two bed,Apartment,2349.8,D18
2024,"Stepaside, Dublin 18",Two bed,Apartment,1923.43,D18
2024,"Chapelizod, Dublin 20",Two bed,Apartment,1670.65,D20
2024,"Ballycullen, Dublin 24",Two bed,Apartment,1860.14,D24
2024,"Citywest, Dublin 24",Two bed,Apartment,2132.27,D24
2024,"Tallaght, Dublin 24",Two bed,Apartment,1763.48,D24
2024,"Rathgar, Dublin 6",Two bed,Other flats,1693.68,D6
2024,"Rathmines, Dublin 6",Two bed,Other flats,1800.34,D6
2024,"Balbriggan, Dublin",Three bed,Semi detached house,1883.55,D1
2024,"Blackrock, Dublin",Three bed,Semi detached house,2785.26,D18
2024,"Lucan, Dublin",Three bed,Semi detached house,2140.06,D20
2024,"Saggart, Dublin",Three bed,Semi detached house,2182.69,D24
2024,"Swords, Dublin",Three bed,Semi detached house,1952.9,D17
2024,"Drumcondra, Dublin 3",Three bed,Semi detached house,2371.71,D3
2024,"Raheny, Dublin 5",Three bed,Semi detached house,2357.29,D5
2024,"Santry, Dublin 9",Three bed,Semi detached house,2074.28,D9
2024,"Blanchardstown, Dublin 15",Three bed,Semi detached house,1898.97,D15
2024,"Castleknock, Dublin 15",Three bed,Semi detached house,2023.09,D15
2024,"Clonsilla, Dublin 15",Three bed,Semi detached house,1943.29,D15
2024,"Rathfarnham, Dublin 16",Three bed,Semi detached house,2295.47,D16
2024,"Leopardstown, Dublin 18",Three bed,Semi detached house,2318.03,D18
2024,"Tallaght, Dublin 24",Three bed,Semi detached house,1922.12,D24
2024,"Balbriggan, Dublin",Three bed,Terrace house,1883.03,D1
2024,"Blackrock, Dublin",Three bed,Terrace house,2725.0,D18
2024,"Lucan, Dublin",Three bed,Terrace house,2423.97,D20
2024,"Malahide, Dublin",Three bed,Terrace house,2252.82,D17
2024,"Swords, Dublin",Three bed,Terrace house,1991.95,D17
2024,"Clontarf, Dublin 3",Three bed,Terrace house,2711.91,D3
2024,"Drumcondra, Dublin 3",Three bed,Terrace house,2265.66,D3
2024,"Ballsbridge, Dublin 4",Three bed,Terrace house,3779.67,D4
2024,"Sandymount, Dublin 4",Three bed,Terrace house,3094.53,D4
2024,"Raheny, Dublin 5",Three bed,Terrace house,2274.56,D5
2024,"Ranelagh, Dublin 6",Three bed,Terrace house,3012.59,D6
2024,"Terenure, Dublin 6W",Three bed,Terrace house,2395.65,D6W
2024,"Inchicore, Dublin 8",Three bed,Terrace house,2358.45,D8
2024,"Glasnevin, Dublin 9",Three bed,Terrace house,2076.43,D9
2024,"Finglas, Dublin 11",Three bed,Terrace house,2051.32,D11
2024,"Drimnagh, Dublin 12",Three bed,Terrace house,2180.12,D12
2024,"Castleknock, Dublin 15",Three bed,Terrace house,2124.56,D15
2024,"Tallaght, Dublin 24",Three bed,Terrace house,1925.33,D24
2024,"Blackrock, Dublin",Three bed,Apartment,3169.97,D18
2024,"Dun Laoghaire, Dublin",Three bed,Apartment,2875.26,D18
2024,"Lucan, Dublin",Three bed,Apartment,2390.35,D20
2024,"Malahide, Dublin",Three bed,Apartment,2520.7,D17
2024,"Saggart, Dublin",Three bed,Apartment,2237.47,D24
2024,"Stillorgan, Dublin",Three bed,Apartment,2539.16,D18
2024,"Swords, Dublin",Three bed,Apartment,2054.36,D17
2024,"Ballsbridge, Dublin 4",Three bed,Apartment,3456.17,D4
2024,"Islandbridge, Dublin 8",Three bed,Apartment,2698.83,D8
2024,"Santry, Dublin 9",Three bed,Apartment,2262.38,D9
2024,"Finglas, Dublin 11",Three bed,Apartment,2093.3,D11
2024,"Dundrum, Dublin 16",Three bed,Apartment,2853.69,D16
2024,"Leopardstown, Dublin 18",Three bed,Apartment,2691.67,D18
2024,"Sandyford, Dublin 18",Three bed,Apartment,2874.09,D18
2024,"Blackrock, Dublin",Four plus bed,Detached house,4031.08,D18
2024,"Blackrock, Dublin",Four plus bed,Semi detached house,3497.94,D18
2024,"Lucan, Dublin",Four plus bed,Semi detached house,2420.24,D20
2024,"Malahide, Dublin",Four plus bed,Semi detached house,3275.87,D17
2024,"Portmarnock, Dublin",Four plus bed,Semi detached house,3259.91,D13
2024,"Stillorgan, Dublin",Four plus bed,Semi detached house,3598.17,D18
2024,"Swords, Dublin",Four plus bed,Semi detached house,2246.43,D17
2024,"Castleknock, Dublin 15",Four plus bed,Semi detached house,2472.02,D15
2024,"Clonsilla, Dublin 15",Four plus bed,Semi detached house,2288.02,D15
2024,"Rathfarnham, Dublin 16",Four plus bed,Semi detached house,2885.24,D16
2024,"Lucan, Dublin",Four plus bed,Terrace house,2775.24,D20
2024,"Drumcondra, Dublin 3",Four plus bed,Terrace house,2812.09,D3
