{"type": "FeatureCollection", "features": [{"type": "Feature", "id": "D1", "properties": {"district": "D1"}, "geometry": {"type": "Polygon", "coordinates": [[[-6.243967019018619, 53.36148332660443], [-6.24315970561274, 53.36137626648541], [-6.242588069877042, 53.36154606328098], [-6.2423704562779, 53.36194108004939], [-6.240830320495494, 53.36169621653695], [-6.240154313562893, 53.361526993442375], [-6.239412629814922, 53.361219832362885], [-6.23874052076162, 53.360851322575094], [-6.238012431124422, 53.360395435366705], [-6.2373122634266585, 53.35994786487595], [-6.236660556506546, 53.35954827914534], [-6.236016761397142, 53.35916741025313], [-6.235404815984042, 53.35880462382234], [-6.23493690857987, 53.358518379440916], [-6.234427436740537, 53.358275645237605], [-6.23377897003627, 53.358092503318375], [-6.2327465015166785, 53.35773992288416], [-6.232020194331149, 53.35755795481581], [-6.230840959716566, 53.35756662553147], [-6.230224478866131, 53.35793359661494], [-6.229508014440096, 53.358264390095734], [-6.22885526224487, 53.35864501570466], [-6.227530384106163, 53.35899165776214], [-6.227004643377398, 53.35918929328456], [-6.226171630881049, 53.35897514721154], [-6.225216032871626, 53.35873553523908], [-6.224297684408315, 53.35850617618349], [-6.223660156967333, 53.35837670568243], [-6.222417430457798, 53.358112304514506], [-6.22135846683919, 53.35789233095624], [-6.219747466407977, 53.357546648090945], [-6.219192618460905, 53.357357453861354], [-6.218532479909666, 53.357218361331014], [-6.21781081944747, 53.35708104221189], [-6.216894489303106, 53.35700093374717], [-6.2161542463276644, 53.35694385243542], [-6.215272740553041, 53.35690217834647], [-6.214399021187646, 53.35688173429129], [-6.213374202902315, 53.356827475779895], [-6.212751752685901, 53.35680682811821], [-6.211938907457916, 53.35677361739363], [-6.21108629015482, 53.356725694744064], [-6.210329460233268, 53.35657099658859], [-6.210524948380606, 53.35620482295544], [-6.210492389150807, 53.355731245881266], [-6.210610119862885, 53.35534611089191], [-6.210555701385547, 53.3549033916359], [-6.210681392218751, 53.35447604601196], [-6.210765977740009, 53.354062822809894], [-6.210459169846421, 53.35360023042506], [-6.209744651685964, 53.3535546389513], [-6.209063887403392, 53.35356679873889], [-6.208411046838931, 53.35353938074686], [-6.207643520299942, 53.353511224664786], [-6.206899981033448, 53.35344289167823], [-6.206081011588338, 53.353391933478605], [-6.20515624406265, 53.3533321880501], [-6.204341875511442, 53.35329270092355], [-6.2034129454783065, 53.353255437312946], [-6.202584092116243, 53.35325993733967], [-6.201618854926804, 53.35324646815816], [-6.200681738664118, 53.353209509203175], [-6.198587729711125, 53.35327973157016], [-6.196968954895518, 53.35327028412278], [-6.195691420078666, 53.35310106012907], [-6.195683373172474, 53.3526083460445], [-6.195760450690313, 53.3521855822176], [-6.195794045374001, 53.3517950540861], [-6.195808592061459, 53.351374489957266], [-6.195824433827395, 53.35084115509606], [-6.195351704792964, 53.35059224660982], [-6.194660195663473, 53.35054601366629], [-6.1939281528022025, 53.3505443690121], [-6.193083431107365, 53.35055620159911], [-6.192477440878754, 53.35055582826631], [-6.191630670490894, 53.35055458796778], [-6.190945630967006, 53.35055166035903], [-6.190129271824986, 53.35056650847257], [-6.189459409993748, 53.35056497095628], [-6.188821068786756, 53.35046280131717], [-6.188782110314354, 53.35009912346588], [-6.188852320267874, 53.34966160995891], [-6.1889445938087775, 53.349124402876754], [-6.188925377133468, 53.3487450273573], [-6.188884577251401, 53.348357595042664], [-6.188963292053613, 53.347929737037816], [-6.188969426796022, 53.34746662533156], [-6.188918411834831, 53.34702799005079], [-6.18894299128408, 53.346635259190705], [-6.188963802880067, 53.346185311930775], [-6.188921920711576, 53.34576209361298], [-6.189299108593125, 53.34533490217661], [-6.190049851617062, 53.34534036464916], [-6.1906654365783975, 53.34551309281797], [-6.190931385973869, 53.34588704342825], [-6.191050147746488, 53.34628536369673], [-6.191478356450462, 53.34671812387789], [-6.191484057819677, 53.347832633718276], [-6.192076257445977, 53.348146189923625], [-6.192628598057935, 53.34795288555853], [-6.193232441663267, 53.3482783857151], [-6.193320053533658, 53.347826573970984], [-6.193321874335774, 53.347443833193104], [-6.193319921076469, 53.346892613542025], [-6.193315877605972, 53.34634981023239], [-6.193319066013156, 53.345955226867424], [-6.193110957977517, 53.34515625046473], [-6.1940500465938255, 53.34515690154501], [-6.195085867611477, 53.3451546951011], [-6.19624060232121, 53.344935257880984], [-6.1969615525476955, 53.34484235486417], [-6.197635082848766, 53.3449955216936], [-6.197939492136365, 53.34531943906947], [-6.197984540204738, 53.345713762440965], [-6.197967688428762, 53.34643617487125], [-6.197957849661524, 53.34693949349548], [-6.197974547963953, 53.34737751599561], [-6.197979022787771, 53.34776763136895], [-6.198303327537648, 53.34810200370823], [-6.198977255072992, 53.348106069634376], [-6.200063167260395, 53.34797506918568], [-6.200202275557266, 53.3464699125979], [-6.200327540673195, 53.34511373548839], [-6.201470170451937, 53.34508109036421], [-6.202118311803562, 53.345096343632335], [-6.202845988696482, 53.34506704651836], [-6.203202621282954, 53.34468336023045], [-6.206946077397265, 53.34498621253304], [-6.210935488134265, 53.34534727877685], [-6.212590934136731, 53.34552694736219], [-6.213821941142411, 53.34667463610113], [-6.216041448063099, 53.34863579599499], [-6.221814293318107, 53.34881509926557], [-6.221430963583394, 53.34807018374124], [-6.221488378912199, 53.34805675009195], [-6.221570509296381, 53.34805662652618], [-6.222543364714835, 53.348952865097], [-6.2227767508467275, 53.349479489679815], [-6.223356088272391, 53.34933102278185], [-6.223682587516463, 53.3487003077466], [-6.2238159799510955, 53.34821518574441], [-6.223873855020101, 53.347824293765555], [-6.2240423850585955, 53.347447271924985], [-6.223806496157425, 53.346944967839356], [-6.222884915131631, 53.3468799242797], [-6.221078324819095, 53.34675224847708], [-6.219923812039129, 53.34667112578584], [-6.217046975441096, 53.34631962728011], [-6.2167279265017745, 53.34575827743298], [-6.220722023403299, 53.34605204043997], [-6.221376027634999, 53.3460846217406], [-6.22324424144415, 53.34621905285699], [-6.224144041510237, 53.346286285895935], [-6.224907657104015, 53.34634007179376], [-6.225638725351628, 53.3463902231096], [-6.22644139476462, 53.34644619779371], [-6.227237745751619, 53.346502252902766], [-6.227308690154174, 53.34602842167283], [-6.227376750885541, 53.34556434361184], [-6.22835275063555, 53.34574726457345], [-6.22919476043608, 53.34591174177405], [-6.23002624618118, 53.34611811707199], [-6.230980572474654, 53.34617891776654], [-6.232053906996326, 53.34625234929292], [-6.232657523837076, 53.34629355841535], [-6.233390120364011, 53.34634287595541], [-6.234113934680371, 53.346394934883286], [-6.234916490183712, 53.34644491919968], [-6.235746132813148, 53.34649889362727], [-6.236504017170085, 53.34655090268604], [-6.237228109049658, 53.346602407534505], [-6.238049783633808, 53.346657506355356], [-6.23905734163208, 53.346725589212824], [-6.2398178044911665, 53.34677833420207], [-6.240665554102366, 53.34683505793403], [-6.241544552848439, 53.34689699952148], [-6.242326881354794, 53.346951309017435], [-6.2433881199907875, 53.34702158413258], [-6.244841840196978, 53.34712027321334], [-6.245800430965006, 53.347183803811966], [-6.2468954614294985, 53.34728510108704], [-6.2477037734981336, 53.34737363886175], [-6.248981839991369, 53.34750330898849], [-6.249747034771077, 53.34758023552928], [-6.250453917435302, 53.347650460213664], [-6.251502859446823, 53.34776766536594], [-6.252350392874515, 53.34784865794593], [-6.253115465237197, 53.34785617982567], [-6.2538829194388486, 53.34786301268591], [-6.25493826685841, 53.347854101056924], [-6.255661502423503, 53.34782145089198], [-6.256260346917842, 53.34777125044562], [-6.257156968434723, 53.34765727518586], [-6.257962821744847, 53.347503053128165], [-6.259083852897971, 53.34727119317863], [-6.260014611267845, 53.34705461168433], [-6.261012593787872, 53.34681734390262], [-6.2619462242937, 53.346596655212], [-6.262901932283547, 53.3463658556418], [-6.263615559625012, 53.34622750794965], [-6.264447171137118, 53.34609959029307], [-6.265424656128048, 53.34597244012108], [-6.266074535690824, 53.34590289133112], [-6.266851443619478, 53.34580408911426], [-6.267710347181455, 53.34569910318142], [-6.268713995150041, 53.34558605650146], [-6.269654903529295, 53.345492851692214], [-6.269821537926088, 53.3458832453214], [-6.2700625549188365, 53.34647090753094], [-6.270233346330067, 53.34692705702521], [-6.2702671394630345, 53.34732217396478], [-6.270306975899945, 53.347861712530616], [-6.270367834184551, 53.34834098229239], [-6.270574407369635, 53.34913430942726], [-6.270587738435606, 53.349695302266674], [-6.2705475274141325, 53.350061216161755], [-6.270536016337605, 53.35051678873499], [-6.270309985126949, 53.35087057181005], [-6.269733239527245, 53.35131641928574], [-6.269472349320701, 53.351655854934634], [-6.269069880067256, 53.35218430302548], [-6.268747923584842, 53.352587468778495], [-6.268342928841822, 53.35292418145451], [-6.267919075282307, 53.35328587290822], [-6.267422203370672, 53.353728016046965], [-6.266971038014903, 53.354151768357454], [-6.266517518006232, 53.354584471947085], [-6.266131637385117, 53.35498957775224], [-6.26562047074711, 53.35556918921265], [-6.265235001064767, 53.35603388308536], [-6.264943886764922, 53.35635022182012], [-6.264444601669773, 53.356874460421004], [-6.264134763693155, 53.35719393994403], [-6.263813763119703, 53.35750750443446], [-6.263235140392867, 53.357980345122], [-6.262694314984989, 53.35840394455925], [-6.2619437702029845, 53.35903927979004], [-6.261871143625789, 53.35911892648016], [-6.261827690644129, 53.359166734239295], [-6.261727954999251, 53.35927618276224], [-6.261610479120725, 53.35940442550407], [-6.261379839940855, 53.359646234535695], [-6.261339719332982, 53.359688249023286], [-6.261277731510937, 53.35975304182962], [-6.2607010634916795, 53.36034372074323], [-6.260140556315511, 53.36092357838446], [-6.259623891247098, 53.36149445673922], [-6.259273266318318, 53.36189780826563], [-6.258945686187318, 53.362255480771296], [-6.258429407889799, 53.362825191357025], [-6.2579133803912, 53.36338537700969], [-6.25656282827697, 53.36320091378397], [-6.253908455568139, 53.36283846683593], [-6.252276624667399, 53.362615506785396], [-6.250300158180567, 53.36234559011221], [-6.248677114080686, 53.36212378788676], [-6.247711206295913, 53.36199178281844], [-6.247034861400734, 53.361899434424934], [-6.2462995019911585, 53.36179893507877], [-6.245369412246663, 53.36167309938085], [-6.244660812727904, 53.361578914990304], [-6.243967019018619, 53.36148332660443]]]}}, {"type": "Feature", "id": "D10", "properties": {"district": "D10"}, "geometry": {"type": "Polygon", "coordinates": [[[-6.3522918167205935, 53.34689015430706], [-6.35191905058596, 53.34636204718224], [-6.351590061267763, 53.34588091703621], [-6.351238837708522, 53.345388783965504], [-6.350942809321743, 53.34500390964272], [-6.350450309261182, 53.34464894079934], [-6.34993965399366, 53.34430567151923], [-6.3495420999872065, 53.34394922616125], [-6.349261428938027, 53.34358424161271], [-6.349055673922379, 53.343097979149526], [-6.3489439607955385, 53.342719784489645], [-6.349384538962039, 53.342273202937804], [-6.349332356561849, 53.34226466206435], [-6.349269254615235, 53.342243837497016], [-6.349244522180154, 53.342233249952045], [-6.349160754297355, 53.34219596258275], [-6.349077113815822, 53.342158587046065], [-6.348975118907124, 53.342112239931346], [-6.34889356561847, 53.34208495868155], [-6.348840178153618, 53.342072356724266], [-6.348802845425892, 53.342067346394145], [-6.348749274009502, 53.34205950500124], [-6.347766139189542, 53.34238982653056], [-6.346940176107977, 53.342437967074744], [-6.345916687870961, 53.34247922890859], [-6.345296776234696, 53.34246425007083], [-6.34455952925984, 53.342386617325865], [-6.343849686214697, 53.342237913173385], [-6.343207374570331, 53.3420501502534], [-6.342217026201269, 53.341853503050764], [-6.341554589645703, 53.34182398368005], [-6.340932964794485, 53.34184382817802], [-6.340182712857244, 53.34195795161807], [-6.3394727064389675, 53.34216133322288], [-6.338912870527935, 53.342394751842384], [-6.338045937335236, 53.3427953631506], [-6.33746659597866, 53.342985365243386], [-6.336875835372761, 53.34314087463749], [-6.336051094722627, 53.343261842308785], [-6.335417459303203, 53.34330323942539], [-6.334780533465501, 53.34326379326012], [-6.334024294395594, 53.34316830539275], [-6.333343103542132, 53.34301274907835], [-6.332712739227243, 53.34286562819825], [-6.332093468319816, 53.34272315262594], [-6.331177232270586, 53.34251342997027], [-6.330402955643042, 53.34234127626682], [-6.3302131991616175, 53.3433652167063], [-6.330104578434174, 53.343907056237605], [-6.32978632134249, 53.345496013192125], [-6.3293923517347155, 53.34546362476655], [-6.328953431240144, 53.34539933022093], [-6.328657161510468, 53.345320137132106], [-6.328240823258825, 53.34519791993845], [-6.328191003512865, 53.34387575818216], [-6.328177381272155, 53.34345479107014], [-6.328159124864676, 53.34294020321738], [-6.3281066261005465, 53.34217080027861], [-6.327378853947129, 53.3421272550431], [-6.326248844637295, 53.34207356823561], [-6.325624300629867, 53.342056984128426], [-6.324512980088737, 53.34168791585444], [-6.325151897727809, 53.34159991793884], [-6.325732463709248, 53.341496538456354], [-6.326431546392008, 53.34135213032759], [-6.327268502032259, 53.34118466753725], [-6.32800018543563, 53.341042415001134], [-6.3288098010477345, 53.34088336558209], [-6.329541544582771, 53.34073930706895], [-6.330162703431083, 53.34061706248487], [-6.330806699568281, 53.3404902812396], [-6.331450577695547, 53.340360079788105], [-6.332082026242583, 53.34023410475464], [-6.332752702579663, 53.340102473625905], [-6.33341647257067, 53.339973168768665], [-6.334055316536246, 53.339850971394476], [-6.334698736609202, 53.33972883450873], [-6.335367318686382, 53.33962510940718], [-6.336016367266917, 53.33950771729627], [-6.336705578324963, 53.33937335689745], [-6.337374281979506, 53.33924077371635], [-6.338032774186973, 53.3391127178161], [-6.338673766571351, 53.33898872836527], [-6.339310215675977, 53.338866829136755], [-6.339943497094313, 53.338746679863974], [-6.340622733190668, 53.3386197971659], [-6.341217336342694, 53.3385036864852], [-6.3419128103812055, 53.33836983263045], [-6.342583015119038, 53.338239218448926], [-6.343285007661915, 53.338109491410435], [-6.343947593871504, 53.33798990777873], [-6.3446337535513235, 53.337865884497226], [-6.345334996855958, 53.33773919067341], [-6.346003564930667, 53.337618330604904], [-6.346704552730203, 53.337491625230626], [-6.347512831839906, 53.33733791320871], [-6.347069127758868, 53.33614385172634], [-6.346539989328162, 53.33471979251502], [-6.346352580125652, 53.333870070935724], [-6.3464404408233595, 53.333285869784795], [-6.346512714588517, 53.33268842115415], [-6.346458668357607, 53.33219392085421], [-6.348510898451632, 53.331949776967605], [-6.349528054731177, 53.33181898518393], [-6.35062351442274, 53.331696367464566], [-6.350389268265797, 53.33102538687708], [-6.3497996227084474, 53.33063806439319], [-6.349144868139878, 53.33026978904399], [-6.349571324587626, 53.32997705007727], [-6.350004783926842, 53.32969519100488], [-6.349691446801564, 53.32935437882025], [-6.349163350607251, 53.329069997996456], [-6.34859768607457, 53.32876154839278], [-6.348027526338799, 53.32845429196963], [-6.347236368583929, 53.32829450426035], [-6.3466972881632575, 53.327936355707536], [-6.346143258625411, 53.327689617148856], [-6.345263115167434, 53.32751995454352], [-6.345447905282719, 53.327006388957706], [-6.345537884823427, 53.32664563667997], [-6.345659419349549, 53.32626923513017], [-6.345954249709175, 53.32587429710202], [-6.346996272293693, 53.32549070578607], [-6.347779804706292, 53.32520579784123], [-6.34855733548763, 53.32492214975754], [-6.349293824253942, 53.32464952194469], [-6.35510010453842, 53.32258740365983], [-6.355900743813585, 53.32227652638789], [-6.358093445067075, 53.32150355888632], [-6.360494882339798, 53.320621172552215], [-6.361154055125235, 53.32038524491756], [-6.3617776400840125, 53.320160418146855], [-6.362376158158186, 53.31994027669383], [-6.365202227729629, 53.31901932057166], [-6.367176899985101, 53.318407392660305], [-6.36785343187274, 53.318243382987674], [-6.369818708151979, 53.31788894284714], [-6.370520334472004, 53.3177382924594], [-6.377285412562572, 53.328541239456634], [-6.377753467826019, 53.3291172068009], [-6.378219292222202, 53.32955977389826], [-6.378671822676524, 53.32999074480433], [-6.3790409248595905, 53.33033646121114], [-6.3796651492400285, 53.33092892231114], [-6.380102215150802, 53.33134071474128], [-6.380478603565498, 53.33169407457126], [-6.380807585545877, 53.332001404963236], [-6.381564098161311, 53.33271814503122], [-6.38257226348108, 53.33366997908451], [-6.379552349890446, 53.33390399155267], [-6.378257579032184, 53.3340033149389], [-6.377118543160413, 53.33409368936432], [-6.375265494342828, 53.33423687855518], [-6.37458715517357, 53.3342894671055], [-6.3738013771442255, 53.33435065248918], [-6.373559010378005, 53.33475509050033], [-6.373330649078087, 53.33512979213327], [-6.373119131767447, 53.33548153647859], [-6.372776389330677, 53.33605338066492], [-6.37249419988603, 53.33652422679335], [-6.372290824591459, 53.337012953634286], [-6.373172517050848, 53.337309153261494], [-6.373769578970917, 53.33751276368372], [-6.374239685205353, 53.3380068097597], [-6.373666574422352, 53.33858899670645], [-6.373135056426542, 53.33904763706411], [-6.372350785378251, 53.339772348006505], [-6.372165880858599, 53.34020812319475], [-6.372678847046017, 53.34052661387935], [-6.372621940279672, 53.340950924954356], [-6.372567690290031, 53.34135747787224], [-6.372511921183257, 53.34175511284069], [-6.372299107842178, 53.342143055732556], [-6.371808301044349, 53.34244182699789], [-6.371267902879575, 53.342754747767465], [-6.370661972356744, 53.343045112209616], [-6.370125446193589, 53.34321716382181], [-6.370480439200365, 53.343625442551016], [-6.36952125714337, 53.34508728981078], [-6.369052070426723, 53.34624901213129], [-6.368194493613398, 53.34606320464555], [-6.367264197171227, 53.345975163282816], [-6.366555352827966, 53.345942541817486], [-6.365947474262899, 53.34588352928195], [-6.365319201041168, 53.34574901252419], [-6.364647916696514, 53.34566719599954], [-6.3639474440534745, 53.345558463542], [-6.363328150830083, 53.34540644475829], [-6.362756095071795, 53.34589638740829], [-6.362677528754705, 53.346288402826744], [-6.362580727261581, 53.34677156621465], [-6.361754705430168, 53.346751687045995], [-6.360948386526081, 53.3468381201487], [-6.360815023734189, 53.34723414459785], [-6.360727410866645, 53.34772579077905], [-6.360636259950107, 53.348296654072506], [-6.360554228163574, 53.348781546609615], [-6.360462950181754, 53.34943949250805], [-6.36035201930175, 53.3499865375398], [-6.360248467708751, 53.35051553002805], [-6.360074568812923, 53.35101183105134], [-6.360011924120453, 53.351507684188064], [-6.359957511114172, 53.35191494824225], [-6.359883499476135, 53.352297048671424], [-6.359799322536559, 53.352685749562994], [-6.35966323597031, 53.353116425103984], [-6.358889356388568, 53.35295506867625], [-6.358241692031658, 53.352768572978036], [-6.357568855511176, 53.352534545129245], [-6.3568437271617, 53.35229143521153], [-6.356305698603295, 53.35211821199159], [-6.355691704914413, 53.35192973970247], [-6.3550243375756414, 53.351721655414906], [-6.354328132027063, 53.35150022815505], [-6.353583152483501, 53.35126527213718], [-6.3527864305299415, 53.35103597775899], [-6.352959581400106, 53.35050345865569], [-6.353106667777381, 53.34999142943134], [-6.3531353111636015, 53.34958911460087], [-6.3531049211670085, 53.34915650718122], [-6.3530231694296155, 53.34867780592595], [-6.352957050926094, 53.34824344690966], [-6.352803193450055, 53.347784509928125], [-6.352581452992148, 53.34734827119963], [-6.3522918167205935, 53.34689015430706]]]}}, {"type": "Feature", "id": "D11", "properties": {"district": "D11"}, "geometry": {"type": "Polygon", "coordinates": [[[-6.342690075195179, 53.44678436613276], [-6.341988849965071, 53.445643535272886], [-6.341535885400417, 53.444870928284196], [-6.3408281538524855, 53.44376163357204], [-6.33952715114349, 53.441908503756245], [-6.33911652083792, 53.44137337141413], [-6.338627526251215, 53.44089026014409], [-6.337987720705527, 53.44022584779305], [-6.337028388232867, 53.439203075658824], [-6.336620676931387, 53.43868999285733], [-6.336296843129545, 53.4382669583583], [-6.335614744350771, 53.43723527512063], [-6.33522348620078, 53.43663245699375], [-6.334703213214276, 53.4357995691612], [-6.334121953082247, 53.434917567906666], [-6.333266402340387, 53.433550842011755], [-6.332892325409665, 53.43289127791469], [-6.332200065179579, 53.4318222252897], [-6.331507386947864, 53.430771046501576], [-6.329460544003724, 53.42783351794267], [-6.328149809490021, 53.426003123959], [-6.327852204480613, 53.42558977836121], [-6.327474643103913, 53.425044910592085], [-6.326842694941967, 53.42415604928421], [-6.326539071020455, 53.423725989838864], [-6.326270457069343, 53.42335879014301], [-6.32606604692015, 53.42299985938717], [-6.325504654423336, 53.422214701021545], [-6.323885479804243, 53.4198910367041], [-6.323129754852571, 53.418840806908], [-6.322761816509559, 53.41832553546611], [-6.321271142544037, 53.41631234169621], [-6.320759631677327, 53.41563525537629], [-6.319335835934108, 53.41368624480948], [-6.318654954695137, 53.41270345210054], [-6.318281562757906, 53.41223787696902], [-6.3178389349022375, 53.411603177717275], [-6.316622556991405, 53.410084477752264], [-6.315684931434562, 53.408928190842424], [-6.315367982307535, 53.40855830539315], [-6.314632971952485, 53.407778639673765], [-6.313994165392765, 53.40712947178273], [-6.311526436968333, 53.40435776606039], [-6.309812067272915, 53.40239059254975], [-6.30948558826099, 53.40198514655596], [-6.308962733239316, 53.40131530448558], [-6.308529306327996, 53.40077065878043], [-6.308178691163118, 53.40032712127855], [-6.307625532131216, 53.399625029187256], [-6.306825582358238, 53.39860488656363], [-6.306501332450739, 53.39818220827975], [-6.3059537352004735, 53.39747883871493], [-6.305364844143172, 53.39672284504248], [-6.30501922649838, 53.396270651072044], [-6.3046187795684645, 53.39585964674339], [-6.304261908638253, 53.39546004462884], [-6.303812220158231, 53.39495307490029], [-6.3035065457999035, 53.39461971369846], [-6.30303783849885, 53.3941237043522], [-6.302527892822008, 53.39357677893631], [-6.302213844475472, 53.39323934080898], [-6.3019860854854555, 53.3928525323523], [-6.301788962653568, 53.392481167766185], [-6.3014785450522135, 53.39189726383746], [-6.301054591135853, 53.391082212884], [-6.300809973371666, 53.39053402365769], [-6.300606974735199, 53.39003369852449], [-6.300423392366337, 53.38954407450566], [-6.300212285655206, 53.38907320057947], [-6.2999429985459034, 53.388724530516086], [-6.2993444592633825, 53.38822854319515], [-6.2988661352368736, 53.38784912135959], [-6.298462317043103, 53.38750428169732], [-6.297943801986122, 53.38711646419291], [-6.297391567021256, 53.38671639018055], [-6.296911420540281, 53.386339989809514], [-6.296232086088508, 53.385819916083214], [-6.295705922149853, 53.38542595793834], [-6.295314927782535, 53.38512128288274], [-6.29480356290639, 53.38470488454308], [-6.294338073201003, 53.38433820916428], [-6.293899282046529, 53.38399231431399], [-6.293495674193155, 53.38367819601898], [-6.293036004550901, 53.38332462987759], [-6.292499300222891, 53.38291055492617], [-6.292074893576437, 53.38258076609213], [-6.291421355991132, 53.382115944312105], [-6.290833347984073, 53.38175477999512], [-6.290297186069621, 53.38144881737813], [-6.289710272519601, 53.38113502508303], [-6.28921423572499, 53.380824240300484], [-6.288808797648377, 53.380415175516916], [-6.288342457026778, 53.37982495433818], [-6.287967070039441, 53.379328513535185], [-6.287697756382637, 53.37884240100827], [-6.287660517919833, 53.37838657968729], [-6.287576576469086, 53.377642860043714], [-6.287394503948468, 53.37722558166473], [-6.287122068896292, 53.37686092851297], [-6.286748186802079, 53.37645455586987], [-6.286462290275767, 53.37595004806083], [-6.286954529033182, 53.37633502403839], [-6.2874110745824305, 53.376772599453155], [-6.288030192031418, 53.3769429821615], [-6.288725874902633, 53.37712677204898], [-6.289216001478389, 53.377441608669905], [-6.289840658446139, 53.37745874122226], [-6.290459244358412, 53.377531503584294], [-6.291329482768238, 53.37750460470902], [-6.292353629297041, 53.37742606942098], [-6.29310892485504, 53.37735356564413], [-6.293746900433322, 53.377397200472416], [-6.294387308024423, 53.37730561076206], [-6.295018708305795, 53.377169492648044], [-6.296982808981855, 53.37666757176495], [-6.298001944240038, 53.37638760565562], [-6.2987796363340385, 53.376296692443354], [-6.299731844137369, 53.37625247756102], [-6.300507948292144, 53.376061234509585], [-6.301172847754149, 53.37604473003796], [-6.302076533599695, 53.376036023646314], [-6.302891756197497, 53.37620714214677], [-6.303516433740064, 53.37610494477421], [-6.3043863519731005, 53.37607264395962], [-6.304835724129942, 53.376420628120755], [-6.305196585351378, 53.376778407513164], [-6.305646122345205, 53.3770726480557], [-6.306198463519429, 53.37723470822972], [-6.306888935843733, 53.37752373621554], [-6.307587436378162, 53.37771060098898], [-6.308299583623338, 53.37787231153055], [-6.309035518620377, 53.37795625714759], [-6.309763592391972, 53.37801968617971], [-6.310505289231231, 53.378099120900636], [-6.310639289198652, 53.37812717049885], [-6.310753202711858, 53.37815223946599], [-6.310875349123992, 53.37817913241066], [-6.311029189062926, 53.37820701305948], [-6.3111506458283575, 53.37823254789679], [-6.311201286617613, 53.378233983588146], [-6.311252427600642, 53.37822904551158], [-6.311339926323642, 53.37818867363247], [-6.311416349311403, 53.3781494031474], [-6.312392998135554, 53.37814290902623], [-6.312962273620185, 53.37830715426711], [-6.313574341681858, 53.37840181250118], [-6.314310200093109, 53.378497587307905], [-6.314852613543713, 53.378162212062996], [-6.315439833281306, 53.377963261618625], [-6.31603550787227, 53.378328815747736], [-6.316714248164166, 53.37835492865696], [-6.317275950913069, 53.37852309054313], [-6.318203937662902, 53.37860034101096], [-6.318630647242761, 53.378985878212205], [-6.319337818618008, 53.37915904564184], [-6.3196315947752835, 53.37949273867391], [-6.320241969077213, 53.37961861361782], [-6.320871910192005, 53.37979544778824], [-6.322031938984076, 53.379672106670675], [-6.323184910829193, 53.37965560116628], [-6.323968730137677, 53.37962967618729], [-6.324742947782362, 53.379620956288285], [-6.32544747373107, 53.37962554280653], [-6.326065349700391, 53.379724981294395], [-6.326754691711513, 53.3796331855864], [-6.327400344621336, 53.37965023586144], [-6.328250149138419, 53.37943342393693], [-6.32919113632751, 53.38164634456192], [-6.330611742099253, 53.38344939661542], [-6.330428676451109, 53.38558663864635], [-6.332448004915641, 53.38733860249971], [-6.335498012522686, 53.3907097604677], [-6.339484612208297, 53.39302397195836], [-6.3394557438259325, 53.39706183397403], [-6.340375713244523, 53.3969963533072], [-6.34154626257486, 53.397244309863304], [-6.342123603880355, 53.39737311645557], [-6.342734441426811, 53.397508047170376], [-6.344266218480388, 53.397642183958666], [-6.346197087810513, 53.39777913566968], [-6.347593672553873, 53.39786309602464], [-6.348314105365597, 53.3979930446637], [-6.349272542266812, 53.398189729174376], [-6.3500594637791075, 53.39845727903075], [-6.3510613474372635, 53.398569982008674], [-6.351768338640953, 53.39875948746021], [-6.352306542889846, 53.39908721525286], [-6.352728575291745, 53.39946249609956], [-6.3529906686988085, 53.399840061927144], [-6.353221334033111, 53.400183761895136], [-6.353480405741146, 53.400562722777856], [-6.354215617366827, 53.401140301450795], [-6.354696106206291, 53.40149616030219], [-6.355279439629254, 53.401893246738595], [-6.355708807641389, 53.40219869888132], [-6.356212206023797, 53.40256574127683], [-6.356768868203693, 53.40297979775117], [-6.357622116970072, 53.40349939598243], [-6.358103665068748, 53.40372934761845], [-6.358792251707218, 53.40401975080751], [-6.359314755349404, 53.404223569273725], [-6.36023971566743, 53.40458928843669], [-6.360834552606113, 53.404831569522884], [-6.361635900912578, 53.40514507326087], [-6.3626378012392975, 53.40553339833823], [-6.363596155298924, 53.405915995300994], [-6.364373890557046, 53.406222056919816], [-6.365369102301602, 53.40660172942285], [-6.366175965312702, 53.40687986905822], [-6.3669032519528415, 53.40717300111332], [-6.367616608562667, 53.407558054535066], [-6.3681483185209595, 53.40785407595853], [-6.369076672720709, 53.408666693414055], [-6.369809036676066, 53.40902296519437], [-6.371222212855684, 53.40949169441362], [-6.373471007014903, 53.410177866788146], [-6.3764978029089825, 53.41109143528763], [-6.377721523561415, 53.41144732971936], [-6.378444800021295, 53.411618472822774], [-6.379159548169175, 53.41177916071942], [-6.379946038204345, 53.41221303243202], [-6.380770774558199, 53.412417801338144], [-6.38150579480957, 53.41253525323193], [-6.382229060869997, 53.412661797820256], [-6.383016345105817, 53.412677138101245], [-6.383873511385613, 53.412724154638475], [-6.3843028076743815, 53.41303642045196], [-6.384780023744766, 53.41335122033764], [-6.385370005305732, 53.41365316448947], [-6.385986537169868, 53.41394872444729], [-6.386556876514201, 53.41417355877355], [-6.3872357132683595, 53.41432787091318], [-6.388257735785878, 53.4145698524576], [-6.389396127566565, 53.41485806031712], [-6.390517108906439, 53.41510836726624], [-6.391462451868414, 53.41515768606906], [-6.39208957321567, 53.41513486025061], [-6.393435172667422, 53.415084586780615], [-6.39444568608884, 53.41501442416342], [-6.395570756958458, 53.415071339993844], [-6.397384904986319, 53.4156054467837], [-6.398119470202805, 53.41583332862656], [-6.398685081104612, 53.41603117008259], [-6.400014366214776, 53.416154859672574], [-6.400841616630433, 53.416164955855265], [-6.4017797016525115, 53.41629291068003], [-6.402045712501377, 53.416659632686105], [-6.402110282618186, 53.41701871508192], [-6.402275427453853, 53.41749147985116], [-6.402954679662011, 53.41803807563935], [-6.403590996532255, 53.418724378798636], [-6.403896614222668, 53.41930973807732], [-6.404695039537981, 53.420425888764285], [-6.405904723526999, 53.42104749499338], [-6.406577999664933, 53.42124242214176], [-6.407354482551299, 53.42146478433646], [-6.407929155641431, 53.421579303648244], [-6.408860090644348, 53.421736313926395], [-6.409809879175916, 53.42172416516196], [-6.410696963657409, 53.42160009615756], [-6.411231969839947, 53.4217704192114], [-6.412581140459177, 53.422068757424576], [-6.413259447821751, 53.42205656578424], [-6.413907951191018, 53.42205835334301], [-6.415077676795443, 53.422391394803476], [-6.41614918385011, 53.42268339965541], [-6.4170890315244025, 53.422912538422764], [-6.420343213708082, 53.423274495359934], [-6.421739426167196, 53.42339792801742], [-6.4212692963859075, 53.42385588399564], [-6.420818189666871, 53.42423221937138], [-6.420191399311205, 53.42429986592997], [-6.419516164737819, 53.42420159928226], [-6.418770299425086, 53.42422443509817], [-6.41788180533823, 53.424429067956886], [-6.417681891089428, 53.42488025573601], [-6.4175578467419045, 53.42524311929035], [-6.417539493030561, 53.42568368222608], [-6.417835607523512, 53.42602353613474], [-6.4183590073948995, 53.42625801882891], [-6.418203987880863, 53.4266095984948], [-6.418221099795264, 53.42704766561681], [-6.418196136673271, 53.42748256906642], [-6.41791849355498, 53.42781769529295], [-6.4177935678395075, 53.428204092887086], [-6.4175952679111345, 53.42858124994863], [-6.4173589631323225, 53.42896913648783], [-6.416912107149937, 53.42926876580622], [-6.416355313156022, 53.429511036957635], [-6.415763717130463, 53.429777917125406], [-6.415187464099443, 53.43006917274038], [-6.415207976960654, 53.430491738091796], [-6.415285983567284, 53.430946790183654], [-6.415597245777331, 53.4313136311773], [-6.415910483490012, 53.4316441905692], [-6.416122975889324, 53.43200405789204], [-6.416397848427197, 53.4323386004016], [-6.416799725156641, 53.43262216334265], [-6.417339359914683, 53.43287933225209], [-6.417576623973786, 53.433261093638336], [-6.418004586865554, 53.433574564889504], [-6.418414507213249, 53.433939559883164], [-6.4187619898238975, 53.43426148829461], [-6.419104369849817, 53.43464409926113], [-6.41967518156115, 53.43488162939127], [-6.419297848219289, 53.43536345272788], [-6.418906393740083, 53.435723945042305], [-6.418142646391602, 53.435671411156754], [-6.417579444050642, 53.43549625353383], [-6.416796041706297, 53.43542502744141], [-6.415977720833704, 53.43529491834195], [-6.41577531325245, 53.43595123958201], [-6.4155124089969915, 53.43653198697082], [-6.414784452301926, 53.436694692635086], [-6.41443749583624, 53.43705216653631], [-6.414031672309489, 53.43752361979051], [-6.413656968916988, 53.4378791951391], [-6.413465829888974, 53.438278458208586], [-6.412831646602479, 53.438501891116076], [-6.412531624889949, 53.439051223856204], [-6.41225684420014, 53.43956925772236], [-6.41162244483833, 53.440167074110825], [-6.411036914421988, 53.44049278623855], [-6.410476035834133, 53.440783055982806], [-6.4097421462632544, 53.440799705712486], [-6.408857676837453, 53.44075997397091], [-6.4080719818767955, 53.440717957818194], [-6.407231521020878, 53.44060690579041], [-6.406548292884911, 53.44048392663884], [-6.405647258856749, 53.44032658149671], [-6.405103443941578, 53.44014722051134], [-6.404577651483779, 53.43984812309461], [-6.403933259364235, 53.43971288638336], [-6.403097879434142, 53.43951020686507], [-6.402339920071055, 53.43922273271985], [-6.401530566709723, 53.438919108261075], [-6.400837188976727, 53.438839456747964], [-6.400181823365308, 53.43863359551347], [-6.399423674088427, 53.4384247352561], [-6.398572079979768, 53.43818244386405], [-6.397887085251491, 53.43800582920981], [-6.397186623786392, 53.43774892983878], [-6.396411955062135, 53.43790694272082], [-6.396183562229981, 53.43841433019453], [-6.395998576791255, 53.43883692494738], [-6.395865130231779, 53.43924888834144], [-6.3957485809385055, 53.439785546918905], [-6.395691659170513, 53.4402024025559], [-6.395492681593571, 53.440547970652005], [-6.394873536039199, 53.44031317992904], [-6.394275634243441, 53.440068246840234], [-6.393477580686342, 53.43975573265367], [-6.392596832803986, 53.43946384812983], [-6.391938069195758, 53.43924028143988], [-6.391256885521718, 53.43898935846452], [-6.390586749567272, 53.43881416020184], [-6.3899892179908875, 53.43862627706488], [-6.38908259164669, 53.43839297135531], [-6.388465184477484, 53.43824516350509], [-6.387773558680067, 53.43810048430017], [-6.387178086621766, 53.43801281863479], [-6.386970848582345, 53.438509331138384], [-6.386419081770087, 53.43868979201953], [-6.385847077736362, 53.43895535231515], [-6.385420478726494, 53.43950749114701], [-6.384832223567872, 53.43978540856013], [-6.384584487201504, 53.44021306877881], [-6.3842797097035815, 53.44062917238498], [-6.383693961102609, 53.44098431563583], [-6.382887093560148, 53.44134652700445], [-6.382206892085207, 53.441491618238146], [-6.381586124243814, 53.44177447150413], [-6.381104215356991, 53.44219886065694], [-6.380840236778576, 53.44268335985248], [-6.380429273771399, 53.443037172611895], [-6.379751458553304, 53.443177339606216], [-6.379110462075188, 53.443410028409374], [-6.378607534978434, 53.44376582190555], [-6.378003586041858, 53.44419546148822], [-6.377272825749315, 53.44438531187392], [-6.376324099319621, 53.44436576515026], [-6.375305351042699, 53.44436583819853], [-6.374947853355394, 53.44477113580598], [-6.374311499131616, 53.444757441398195], [-6.373656796409127, 53.44475284007741], [-6.372900366954697, 53.44474954515231], [-6.3717590883889175, 53.44471682364361], [-6.37114394529409, 53.44468093429923], [-6.3697633883658575, 53.44460736424433], [-6.36898281620786, 53.44457001396476], [-6.36827477176489, 53.44454173789091], [-6.367562127107352, 53.44452013490821], [-6.366952571142912, 53.44449733133403], [-6.366251770958065, 53.444477679887264], [-6.36489642604437, 53.44463365461948], [-6.364145973884281, 53.44485281223811], [-6.363700479250953, 53.44518030276682], [-6.36311562049268, 53.445344745944276], [-6.362442257345624, 53.44537316884857], [-6.361727386688197, 53.44555101017124], [-6.361053981804043, 53.445706140255005], [-6.360535742304991, 53.4459713298975], [-6.359985264666614, 53.44621594386679], [-6.359175406499954, 53.446213086515314], [-6.358509865009487, 53.4461026570098], [-6.3578012769360575, 53.44620057773758], [-6.3572353768133505, 53.44650652746187], [-6.356648448030232, 53.44660126206247], [-6.35610409869739, 53.446850346232466], [-6.355415177833915, 53.446962543246826], [-6.354743138440068, 53.44705546726939], [-6.354076725314093, 53.447400907818775], [-6.353529778626809, 53.44785125171587], [-6.353888288776183, 53.448157615709846], [-6.354237585290555, 53.448538622806964], [-6.354615723640587, 53.448928473930735], [-6.354485191561646, 53.4493148205042], [-6.354183140818338, 53.449715249236384], [-6.354053086276578, 53.45010834210257], [-6.3543659986418515, 53.45047383895331], [-6.354747873968576, 53.45079319360366], [-6.3552147549781575, 53.45113321942708], [-6.355660656448439, 53.45148616525579], [-6.355120391857238, 53.45203573408702], [-6.354795597558105, 53.45240421706499], [-6.35461432757012, 53.452850076973505], [-6.35475513752463, 53.45330289058237], [-6.354743832958411, 53.45384572431224], [-6.354742310145361, 53.45443102112713], [-6.354786284040641, 53.45492195298883], [-6.3547537396266875, 53.45530434717878], [-6.354736034675031, 53.455848889951604], [-6.354551991581835, 53.456385299497235], [-6.354396548194824, 53.456914194345764], [-6.354654684592618, 53.45729735811544], [-6.35480677780129, 53.45782806347896], [-6.355080809871116, 53.458214680474455], [-6.3551973736566465, 53.45871056586271], [-6.3552189707708555, 53.45908346051013], [-6.355255755540979, 53.45947148255565], [-6.3551426387078, 53.460052276270346], [-6.35502776476752, 53.460604557151804], [-6.354720517876483, 53.46092861661029], [-6.354805702866426, 53.46141382480781], [-6.35454514255303, 53.46173798770871], [-6.354245280083454, 53.462095578984076], [-6.354890258387418, 53.46245162894953], [-6.3544183055128896, 53.462990812016834], [-6.3534945434689005, 53.46195006862427], [-6.3524504054502415, 53.46077339270165], [-6.351772840738462, 53.46004473149858], [-6.350510116050122, 53.45860817477046], [-6.349766090479722, 53.457776132715686], [-6.349067329049285, 53.45681844525912], [-6.347455984780157, 53.454326463102156], [-6.3469741595750975, 53.4535823276353], [-6.346030042799814, 53.452158217909144], [-6.344468614562349, 53.449927234286704], [-6.343515601507828, 53.44830841230494], [-6.342690075195179, 53.44678436613276]]]}}, {"type": "Feature", "id": "D12", "properties": {"district": "D12"}, "geometry": {"type": "Polygon", "coordinates": [[[-6.3024511889362795, 53.31727116346899], [-6.301909219220118, 53.316565323277906], [-6.3014353765462685, 53.31594277341117], [-6.3012118000324016, 53.31560104155171], [-6.301140219385609, 53.31514715786265], [-6.301323506863615, 53.31467713323858], [-6.300191668529902, 53.314510918572765], [-6.299483087256075, 53.3144267613918], [-6.29866760281762, 53.3143355925928], [-6.297839909288697, 53.31416255040694], [-6.297159749232703, 53.313855992712725], [-6.298043358088463, 53.31315250876594], [-6.298553648258039, 53.31275428926798], [-6.299563904618567, 53.312104726952896], [-6.299620836953575, 53.3120673432832], [-6.29968437977964, 53.31202556025637], [-6.300984613954743, 53.3123625995479], [-6.302112586429598, 53.31255625280985], [-6.302740790019237, 53.31262864563319], [-6.303455735273462, 53.312710896990524], [-6.304593212950881, 53.312849480612876], [-6.3052520845694735, 53.31245424402181], [-6.305883166215425, 53.312150997197946], [-6.307066462562153, 53.31159774637592], [-6.309366733681794, 53.31070146821245], [-6.312072819126496, 53.30987443079134], [-6.314263958668841, 53.309192386055294], [-6.315624618141674, 53.30879389110947], [-6.317235545586154, 53.30818924239403], [-6.31813806622497, 53.307776972954784], [-6.318740172010669, 53.3075109962472], [-6.31970433707093, 53.30708493519847], [-6.3201819122022025, 53.30679742455619], [-6.320851244555004, 53.306533103374946], [-6.321497924191366, 53.306088985918855], [-6.321931941633821, 53.30554849560429], [-6.322169026880682, 53.30506598593011], [-6.32199965066788, 53.30427974177829], [-6.322603213160164, 53.30417670369137], [-6.323245554601813, 53.304062884090676], [-6.323908455924273, 53.304093773796765], [-6.324786277567185, 53.30406189360836], [-6.325375874500518, 53.303964486980085], [-6.326286872737784, 53.303985906236974], [-6.32701738226333, 53.303930192738534], [-6.327759258506962, 53.30392235601121], [-6.328473215319884, 53.304081194537204], [-6.329649670851792, 53.30430780129357], [-6.330260144733321, 53.30421425789193], [-6.330767747789512, 53.30395049247483], [-6.331378396135097, 53.30392524820589], [-6.331978099126985, 53.303834780698125], [-6.332759422391757, 53.30382117371164], [-6.33339032731067, 53.30384760891498], [-6.334031648986095, 53.303765441793836], [-6.334667204824823, 53.30374232615504], [-6.335150556840341, 53.30398642686367], [-6.335682554766455, 53.30424297777215], [-6.336445113589899, 53.304514786078606], [-6.337118085418697, 53.30448436052682], [-6.337734900740546, 53.30441513267274], [-6.338407514752421, 53.304514918594556], [-6.339000868437451, 53.30329383439951], [-6.339728062447742, 53.30347265134082], [-6.34058709598605, 53.30326092008659], [-6.340786789879945, 53.302821082359515], [-6.341236042970029, 53.30236871937382], [-6.341896820299393, 53.301591984755504], [-6.342521472888416, 53.301836582569656], [-6.344138620237428, 53.30249309522962], [-6.345094549345441, 53.30289416226719], [-6.345811368434381, 53.3031529632576], [-6.347147957211642, 53.303669027068686], [-6.348027833223437, 53.303986963352045], [-6.348579824352091, 53.304157097287025], [-6.350007539563892, 53.304625320930555], [-6.349538273460874, 53.30506899146153], [-6.349042353094062, 53.30545917717945], [-6.348668093103163, 53.30583900309992], [-6.348257043881883, 53.30640228477196], [-6.3479739759902944, 53.30694217434308], [-6.347510764726917, 53.30744892068247], [-6.346777078263679, 53.30814316152685], [-6.345958932200011, 53.3086527091883], [-6.34560321230692, 53.30916606194186], [-6.34550247757964, 53.30952756449476], [-6.345288416399546, 53.310220826929786], [-6.3448407300346075, 53.31060285741789], [-6.343846796367473, 53.31106708202773], [-6.343317113368576, 53.3114406884219], [-6.343059135427158, 53.31190865856471], [-6.342479879170367, 53.31255181538765], [-6.3421245651468, 53.31287715283541], [-6.341126981316825, 53.31341418998182], [-6.340008792599574, 53.313904155024474], [-6.339254286580579, 53.31417548565285], [-6.338335276397158, 53.31452657183324], [-6.337199881936338, 53.31496405583382], [-6.336364977495571, 53.31513125470092], [-6.335292394910476, 53.31537232942856], [-6.334719755383389, 53.31560294228487], [-6.334002965523872, 53.31609908557726], [-6.333572637875922, 53.316631761553886], [-6.333085895861847, 53.317118981371216], [-6.334328302805067, 53.31712079411727], [-6.334956379666711, 53.317002397564174], [-6.33563993818246, 53.316908587994455], [-6.336266473771677, 53.317147760970116], [-6.337200408631434, 53.31723600964406], [-6.338491892922438, 53.31703562385295], [-6.340442168855161, 53.31677932745851], [-6.341245157828019, 53.3166407743231], [-6.341925138382403, 53.316571683528004], [-6.344398038132278, 53.31630030025964], [-6.345072676921892, 53.31635936360796], [-6.3456876024774855, 53.31644545481548], [-6.346786233838095, 53.31650302024068], [-6.347982911381944, 53.31634237862485], [-6.348783273171912, 53.31614918673356], [-6.350484976157358, 53.31568572631406], [-6.351162661186673, 53.315485968514466], [-6.352346893227112, 53.31511067878323], [-6.352953612608021, 53.31488269937944], [-6.353855161775373, 53.31465429374085], [-6.354497312570364, 53.31456016437794], [-6.355217476982316, 53.31439736769084], [-6.3575921254049845, 53.31353974544226], [-6.358657154477739, 53.31314585594198], [-6.359186365685296, 53.31289449021487], [-6.360081338853676, 53.312558012267935], [-6.360924544271127, 53.31231895528392], [-6.36182308903251, 53.312059802577586], [-6.362489706716491, 53.31187465763798], [-6.363564173566424, 53.311577915044204], [-6.370520334472004, 53.3177382924594], [-6.369818708151979, 53.31788894284714], [-6.36785343187274, 53.318243382987674], [-6.367176899985101, 53.318407392660305], [-6.365202227729629, 53.31901932057166], [-6.362376158158186, 53.31994027669383], [-6.3617776400840125, 53.320160418146855], [-6.361154055125235, 53.32038524491756], [-6.360494882339798, 53.320621172552215], [-6.358093445067075, 53.32150355888632], [-6.355900743813585, 53.32227652638789], [-6.35510010453842, 53.32258740365983], [-6.349293824253942, 53.32464952194469], [-6.34855733548763, 53.32492214975754], [-6.347779804706292, 53.32520579784123], [-6.346996272293693, 53.32549070578607], [-6.345954249709175, 53.32587429710202], [-6.345659419349581, 53.32626923513017], [-6.345537884823427, 53.32664563667997], [-6.345447905282719, 53.327006388957706], [-6.345263115167437, 53.32751995454348], [-6.346143258625411, 53.327689617148856], [-6.3466972881632575, 53.327936355707536], [-6.347236368583929, 53.32829450426035], [-6.348027526338799, 53.32845429196963], [-6.34859768607457, 53.32876154839278], [-6.349163350607251, 53.329069997996456], [-6.349691446801565, 53.32935437882023], [-6.350004783926808, 53.32969519100485], [-6.349571324587627, 53.32997705007727], [-6.349144868139876, 53.330269789043996], [-6.349799622708448, 53.33063806439318], [-6.350389268265798, 53.33102538687706], [-6.350623514422741, 53.331696367464545], [-6.349528054731177, 53.33181898518393], [-6.348510898451632, 53.331949776967605], [-6.346458668357607, 53.33219392085421], [-6.344873471340348, 53.33239004984883], [-6.3435765234205945, 53.33252850997112], [-6.342814585422594, 53.33262271515778], [-6.342147904334789, 53.332699905936465], [-6.341547914822995, 53.3327719091516], [-6.3406962869084635, 53.33287015605699], [-6.339719540125504, 53.33299208875379], [-6.338796255058211, 53.33310190656279], [-6.337784145869607, 53.3332158716325], [-6.336872880217792, 53.33332521302064], [-6.336040022713954, 53.33342737325501], [-6.335232365538979, 53.33352143156447], [-6.334539935992015, 53.33360406219373], [-6.333707300111389, 53.333693896955026], [-6.332945107301441, 53.33378399157248], [-6.332219219236199, 53.33387656616686], [-6.331511091219626, 53.33396453177066], [-6.330663964517564, 53.334060433626085], [-6.329367087235771, 53.33420404316952], [-6.328536563163378, 53.334299443554286], [-6.327101073557378, 53.334481887449705], [-6.319019176180676, 53.33542684963058], [-6.318358677023561, 53.33549887239238], [-6.317501435783891, 53.33559534733631], [-6.3161799372666305, 53.33574233115587], [-6.315505874883626, 53.33581576437879], [-6.314320287435397, 53.33596069274906], [-6.313401862824959, 53.33607263019186], [-6.312446799450811, 53.33618404220239], [-6.311563887560351, 53.33628388601359], [-6.310563435027436, 53.33639985299321], [-6.309852232272671, 53.336485040677175], [-6.308862612882078, 53.33659925965529], [-6.30753413601905, 53.33675827159826], [-6.306664232526207, 53.336857365147054], [-6.30661566856221, 53.33686413499386], [-6.306282670757144, 53.33690488170588], [-6.306243818209407, 53.33690720586476], [-6.30546240326168, 53.33660779912374], [-6.304276722586871, 53.336148241149616], [-6.3033752819324445, 53.33580667185367], [-6.302555626428971, 53.33547650496529], [-6.301235566723635, 53.33496925913388], [-6.300275531383032, 53.33460148768202], [-6.299112000916037, 53.33414506906519], [-6.298523568377426, 53.333930600534416], [-6.297363452272131, 53.33347331456908], [-6.2967139804814884, 53.333237384982354], [-6.29614750574583, 53.33305044922046], [-6.295026440854863, 53.33272356252647], [-6.29392122449639, 53.3323940159854], [-6.293184794973239, 53.33218773882352], [-6.292383147005905, 53.33199004970019], [-6.291726012001336, 53.331851044273954], [-6.291008326348585, 53.33171530166398], [-6.29009253114613, 53.331564132540244], [-6.28928152234661, 53.33144627400772], [-6.288560885376251, 53.33134130023815], [-6.287657809837792, 53.33120683122788], [-6.28690511249134, 53.33110183644649], [-6.285904737601631, 53.330954722491335], [-6.285015728448306, 53.330821873471905], [-6.284017989311199, 53.3306896103479], [-6.284162284755045, 53.33029364417493], [-6.284341723174361, 53.32980867105106], [-6.284626756677333, 53.32944744214742], [-6.285131514232546, 53.32908101409804], [-6.285920680875508, 53.32859671588393], [-6.286391782396171, 53.32831571630681], [-6.286945181959733, 53.32798601819592], [-6.28740794247145, 53.3277274526751], [-6.287961399589659, 53.32746084074299], [-6.288609563422085, 53.32726532586756], [-6.2897378832514566, 53.3270348139524], [-6.290868717703065, 53.32684018630156], [-6.2917179057749975, 53.32667908039002], [-6.292969191265519, 53.32647186861086], [-6.293972321291458, 53.32628113550826], [-6.2958017786208265, 53.32593342594517], [-6.296757549508908, 53.325759248154505], [-6.296429634394131, 53.32528606323343], [-6.296183077588132, 53.32488395991313], [-6.295904272630936, 53.3244431098737], [-6.295627713656643, 53.323983328277926], [-6.295334209403867, 53.32354505271557], [-6.294847728887301, 53.322842580317], [-6.294313779644791, 53.32225050834339], [-6.295492384689006, 53.321763718666624], [-6.2965046284404655, 53.321344281653666], [-6.297496824133803, 53.32093973825989], [-6.298212529886404, 53.32062048402084], [-6.298988253748724, 53.32028275922863], [-6.299473465413718, 53.32006886445483], [-6.300073261878977, 53.31980294776518], [-6.300841193222207, 53.31946743664492], [-6.301385836917545, 53.31922463344924], [-6.302023961650994, 53.31893741418061], [-6.302770179451326, 53.31860553596576], [-6.303299165228421, 53.31836996063536], [-6.3027639747823665, 53.317676623381494], [-6.3024511889362795, 53.31727116346899]]]}}, {"type": "Feature", "id": "D13", "properties": {"district": "D13"}, "geometry": {"type": "MultiPolygon", "coordinates": [[[[-6.135057919839079, 53.407039467573725], [-6.134483521791524, 53.406786306669225], [-6.133733865748, 53.4067171585692], [-6.133283044217485, 53.40634459557683], [-6.133422248142322, 53.405941715495935], [-6.132843279919905, 53.40559240086844], [-6.132373367420852, 53.40526815683277], [-6.131970140400645, 53.40491116238233], [-6.131772746725608, 53.40451901282145], [-6.131666985725797, 53.40396347033483], [-6.131410638261805, 53.40354406441741], [-6.131245347499633, 53.40310172807272], [-6.131036928761052, 53.40261908211267], [-6.130661036090684, 53.40218261379186], [-6.130379070767153, 53.401759568726234], [-6.130021968506426, 53.40138702267928], [-6.129704370555952, 53.40097357323517], [-6.129282836153904, 53.40058015317793], [-6.128836113694913, 53.40026910972487], [-6.128215451274581, 53.400120613230264], [-6.127574596078384, 53.399709097698036], [-6.127118784842915, 53.3993993429988], [-6.126709272188106, 53.39907755124173], [-6.126594461101076, 53.39866763535818], [-6.126411213647472, 53.39822060585237], [-6.126061298089476, 53.39771703524685], [-6.125755731520193, 53.397276801579665], [-6.125396653999206, 53.39675349261414], [-6.124925373940104, 53.39637356477105], [-6.124726618340441, 53.396031620015975], [-6.124300576411426, 53.39568358639496], [-6.1238786695387954, 53.39534882754913], [-6.123344452216987, 53.39493159497297], [-6.122896890470024, 53.39461656067978], [-6.122365327051433, 53.39433660169177], [-6.1216529886287345, 53.39399151295519], [-6.120864337705478, 53.39368440299902], [-6.120145324462147, 53.393361848024625], [-6.119455806073033, 53.39311866214994], [-6.118760545860714, 53.39293272087287], [-6.117973780144813, 53.392738322321556], [-6.11735202575575, 53.39258696481801], [-6.116855623986022, 53.39235453921274], [-6.115748224287545, 53.392120644297016], [-6.114783061666851, 53.39209713278595], [-6.114118803462381, 53.392105420911406], [-6.113459396897368, 53.392382413569926], [-6.113089693803832, 53.392776055738324], [-6.113380193518238, 53.393222466109265], [-6.113561461691227, 53.39365744276184], [-6.113907332792948, 53.39402132450523], [-6.1143421901455595, 53.39435281888943], [-6.1146135338558425, 53.39471695882832], [-6.114724625949374, 53.39511280838231], [-6.115104983582786, 53.395446045171596], [-6.115339363986347, 53.39578542357863], [-6.115332380561962, 53.39615100775939], [-6.114734522144475, 53.396226764702725], [-6.114200409588735, 53.39604163512547], [-6.113660835855559, 53.39565770686793], [-6.11320638859984, 53.395331562426314], [-6.11251899975754, 53.394897569013615], [-6.1116825935581724, 53.39451343013548], [-6.110478012246443, 53.39391144510606], [-6.109606143065053, 53.39363718427981], [-6.108799327326055, 53.39348168213283], [-6.108191760117399, 53.39334362310871], [-6.107614709129755, 53.39318303726512], [-6.106505932134227, 53.393011496613525], [-6.105870119690226, 53.393021088996896], [-6.1053095841121054, 53.39326212904422], [-6.104327078282146, 53.39329631602644], [-6.103263132855538, 53.39325730175892], [-6.102462984335188, 53.393169986645034], [-6.101628562938045, 53.3930754703063], [-6.100778947749967, 53.39298528985263], [-6.099885848916913, 53.392849743809315], [-6.098964036475904, 53.39270753235748], [-6.0979701646287605, 53.39256856906144], [-6.096900508275554, 53.392499658688926], [-6.096220592829049, 53.39240010867702], [-6.095381931024254, 53.39246500651377], [-6.094529463326378, 53.392491931095954], [-6.093657057165516, 53.39247664995865], [-6.0927228455936095, 53.39245147716589], [-6.09204460434565, 53.39235076167983], [-6.091310984384922, 53.392271175649086], [-6.090580391869354, 53.39224034508507], [-6.089932171932237, 53.392327754228226], [-6.089273360583074, 53.39241624851871], [-6.088641531109743, 53.3924809054362], [-6.087943797781875, 53.39233114279729], [-6.087071791272612, 53.39217714463421], [-6.086252663538971, 53.39212428720829], [-6.085456513980709, 53.392233565634314], [-6.084614783751997, 53.392151125347475], [-6.083859160493561, 53.391860655701336], [-6.083056217862089, 53.39174036113008], [-6.082384675805121, 53.39155207107733], [-6.081696713583995, 53.39130168002253], [-6.0812458950817385, 53.39103631450714], [-6.0806877654315725, 53.39086044334735], [-6.080208426969698, 53.390603602500704], [-6.0797282977577, 53.39029560869578], [-6.079315518359738, 53.390020332539144], [-6.078487195246596, 53.38990022745563], [-6.077167383924477, 53.389691760963956], [-6.076342404436053, 53.38956926817314], [-6.075713284431172, 53.38946718392622], [-6.075107498774327, 53.38960912113516], [-6.074778521074556, 53.389991440653546], [-6.074887869124927, 53.39037355145402], [-6.074355681538146, 53.390617960201325], [-6.073722137615858, 53.39055318174547], [-6.072987819850911, 53.39065232057714], [-6.0721372069618615, 53.3907785156342], [-6.071662772034897, 53.391184899746726], [-6.07089397968014, 53.39152496023858], [-6.070366449989878, 53.391734106219005], [-6.06995246127605, 53.39207010107315], [-6.069525908082286, 53.39241505842075], [-6.069018822745292, 53.392782977204305], [-6.068251101514437, 53.3929148899744], [-6.068084056529322, 53.39244717745372], [-6.068742169666563, 53.39247643368341], [-6.07084690662931, 53.39066329586296], [-6.070875568778226, 53.390238025856824], [-6.071463459791945, 53.38991652207417], [-6.070831747067415, 53.38981706636452], [-6.070259696342235, 53.38907327628376], [-6.069729148022842, 53.38857173612958], [-6.069099666815454, 53.388667244070994], [-6.0687512907819094, 53.38915654314617], [-6.06912925637234, 53.38964860867442], [-6.0695664510369856, 53.39036362001], [-6.069197566017727, 53.39082095288429], [-6.068729095943743, 53.391174396343494], [-6.068269758050169, 53.39153957958331], [-6.067984161904008, 53.391211768975005], [-6.068712867378177, 53.39096598535666], [-6.069079192113619, 53.390581770011316], [-6.068844252316682, 53.39005535048354], [-6.068279743429637, 53.389841031190755], [-6.067886778442508, 53.3894229560828], [-6.067517092651163, 53.389022152923395], [-6.067138398654308, 53.38872177178226], [-6.066503098225427, 53.388453181567435], [-6.065852230825687, 53.38856081840387], [-6.06518261711521, 53.38878642215216], [-6.064530837847621, 53.38874457631443], [-6.063828482956852, 53.38874891051134], [-6.063629725628875, 53.389267764556045], [-6.063442996973744, 53.38982743659351], [-6.063480089879569, 53.3902802853351], [-6.064058697650818, 53.39082550317115], [-6.064736805646067, 53.39105291904321], [-6.065641028033824, 53.39099747774825], [-6.066492715631314, 53.3910614299872], [-6.065582677385665, 53.39111660371474], [-6.064698409475554, 53.39117218845031], [-6.063590892325121, 53.39123708612068], [-6.0629823715494755, 53.39143230306472], [-6.062968295840373, 53.391813140989576], [-6.063509005414879, 53.39228665566201], [-6.065032441663817, 53.39273835902611], [-6.065739540095722, 53.39294799449352], [-6.06668077338001, 53.392957764397224], [-6.066815337481273, 53.39346602522808], [-6.0663718102868796, 53.39387540587398], [-6.066245935564684, 53.39348187479699], [-6.065714891852234, 53.39328633042215], [-6.065135363740944, 53.393112735697606], [-6.064378933728003, 53.39286985195665], [-6.063002674746607, 53.3924184621331], [-6.062687826760856, 53.392047473611285], [-6.062525930312857, 53.39166162184688], [-6.062630350033321, 53.39123012367604], [-6.062734029689897, 53.39080121973799], [-6.062847883350433, 53.39041580020362], [-6.062952473751032, 53.390034993520594], [-6.0630141550398395, 53.389580602292384], [-6.063139013290832, 53.389108362869706], [-6.063158742176838, 53.38860844337121], [-6.06288654820292, 53.38803871642627], [-6.062728289874788, 53.38765220467281], [-6.06294574264887, 53.38730324809734], [-6.06272615875047, 53.38669465019401], [-6.062361601654547, 53.38638720308793], [-6.061537415114274, 53.38638595019446], [-6.060927130558659, 53.3863840334771], [-6.060400225101948, 53.386154469320125], [-6.05958958416773, 53.386245274621366], [-6.05878724761073, 53.38621892358883], [-6.058167597972726, 53.38629476140096], [-6.057536739677615, 53.38643970664026], [-6.056894194024538, 53.38643832262604], [-6.056267921610695, 53.386411765793106], [-6.055643925147219, 53.38638425413393], [-6.05536929333644, 53.38597381650463], [-6.054564021402634, 53.38596033108229], [-6.053930278785524, 53.38603789438798], [-6.053191011729186, 53.3857952179815], [-6.052639374036865, 53.385959045231814], [-6.052002917704723, 53.38595207210665], [-6.051372099620942, 53.38597637407649], [-6.0507196214738945, 53.38603240405368], [-6.050125840127689, 53.38611707094943], [-6.049439229104649, 53.38593526769114], [-6.048640880954827, 53.38570274153971], [-6.04802266661391, 53.38567923893418], [-6.04723604277208, 53.38567562560672], [-6.0473848348523225, 53.38529618384136], [-6.046804448718808, 53.38517775729844], [-6.046184100210444, 53.385274102743146], [-6.045673688807769, 53.38507619897191], [-6.045143817125816, 53.38488911860892], [-6.0455066311271155, 53.38450114188608], [-6.044942346657213, 53.384304958801685], [-6.0448503373990965, 53.383872592755985], [-6.0451914299219425, 53.38346610640717], [-6.0455052637473, 53.3830185493267], [-6.0454235833468575, 53.38264207506274], [-6.045237295138793, 53.38217311375404], [-6.044650994868371, 53.3820549389355], [-6.044698828565772, 53.381676721754026], [-6.044429636634498, 53.381318204433214], [-6.044386251243655, 53.380950355727045], [-6.0444194671187805, 53.380469172354616], [-6.044340649338838, 53.3800900477792], [-6.044876000046438, 53.3798857283959], [-6.0449891714028805, 53.37951262595183], [-6.044418879459353, 53.37918395602429], [-6.043996822575661, 53.37892628776098], [-6.043986602789612, 53.37856248753123], [-6.044385418557013, 53.378123696075065], [-6.04484105917542, 53.37787834590745], [-6.045123143930326, 53.377533086036394], [-6.044873660846534, 53.37704250691937], [-6.044403902181132, 53.37678747345366], [-6.04498473993824, 53.376566104143855], [-6.044985166756819, 53.37619429978579], [-6.045164479899874, 53.37581931493061], [-6.045199790031488, 53.375435499615776], [-6.0453968343397015, 53.37506026566047], [-6.0461601481666865, 53.37479990854018], [-6.046380964913694, 53.374443935971904], [-6.046237113437466, 53.37405296251487], [-6.046432952435841, 53.373630612832294], [-6.046704340503379, 53.3732879602718], [-6.047241195200513, 53.373040515568526], [-6.0477974852174405, 53.37262819691145], [-6.048238519977047, 53.372367136712015], [-6.048828165520316, 53.37205979331582], [-6.0491860848141, 53.37176213953228], [-6.0495081297967035, 53.3713733944691], [-6.049986560487954, 53.37110170495598], [-6.049842960611788, 53.37070202208462], [-6.049886857943503, 53.370343510689686], [-6.049668171987373, 53.36996246250069], [-6.050289000880201, 53.36995903862707], [-6.050875852010063, 53.36983120919308], [-6.051316934850663, 53.36957346399748], [-6.051533067346848, 53.36920994602132], [-6.051760976361564, 53.36882999316363], [-6.05196720307112, 53.36846882914418], [-6.052161376398917, 53.36811915168608], [-6.052604396021276, 53.367829258353254], [-6.052961383275855, 53.36749904367522], [-6.053368535913323, 53.367207303962466], [-6.0538543715335305, 53.366983623283154], [-6.05446964412717, 53.36688634810744], [-6.054892226236209, 53.366603752486185], [-6.055039190164255, 53.36623146123849], [-6.05469675973677, 53.36587581652341], [-6.054301674713855, 53.3655988510777], [-6.053875418867388, 53.36534519257817], [-6.053407976683717, 53.36505185489195], [-6.052799523640239, 53.36491052864312], [-6.053165961212118, 53.36460347555824], [-6.053784661955503, 53.364636847936566], [-6.053607211067889, 53.36412858772876], [-6.053076746699233, 53.36378281202827], [-6.052443750036847, 53.36369096370228], [-6.0522534246318775, 53.36324531349803], [-6.0519959456425125, 53.3629136060277], [-6.051891329144428, 53.362545029149516], [-6.0525476824352165, 53.36254280352881], [-6.052227488169531, 53.362230474263285], [-6.052390216303396, 53.36185502812125], [-6.051850245401421, 53.3616830888346], [-6.05167385423308, 53.361258246326116], [-6.052193955243287, 53.36105625281581], [-6.0527033480483645, 53.36127361745974], [-6.052909717136052, 53.36163639486008], [-6.0535616449122065, 53.361807010446235], [-6.054041554383203, 53.36205444557585], [-6.054451791613431, 53.362357093922945], [-6.054822422767301, 53.36267787882804], [-6.055152228166421, 53.362991885497685], [-6.055566233174385, 53.36327203273411], [-6.056080922795808, 53.36349647911647], [-6.056567713777309, 53.363715975022586], [-6.057054020274938, 53.36392988878185], [-6.057644307822643, 53.364051035302445], [-6.058238690444847, 53.36394603117628], [-6.0587896013121885, 53.364093852961425], [-6.059399145729613, 53.364170456669825], [-6.059985683771435, 53.36402532207147], [-6.0605681539051295, 53.36376507904519], [-6.06097626523983, 53.36346937494161], [-6.061336319792263, 53.36312938924559], [-6.06197835200891, 53.36341546610949], [-6.062489344552208, 53.36360746968365], [-6.063073226466308, 53.363779893457135], [-6.063604224686483, 53.36399001213715], [-6.064187449482277, 53.36422632047983], [-6.064725629660704, 53.36439853370124], [-6.0653075737876705, 53.364510249664654], [-6.065937143367595, 53.3645172222361], [-6.066460370203053, 53.3643249239312], [-6.067107231860261, 53.36426467488667], [-6.06773778303003, 53.36420334930249], [-6.068316636253148, 53.36433144750938], [-6.068927792194864, 53.36439751315558], [-6.069552599442882, 53.364372753770205], [-6.070148909795193, 53.36422179584521], [-6.0707677039518515, 53.36406679471382], [-6.071319122789845, 53.36388895158214], [-6.071509980693788, 53.36340294049839], [-6.071664277267068, 53.36304315091887], [-6.071581281696427, 53.36255154446631], [-6.072141504298754, 53.362345619405005], [-6.072727750181453, 53.3621669846029], [-6.073349914783201, 53.36217254041938], [-6.073989942364632, 53.362246326410464], [-6.074546538906163, 53.362065496438646], [-6.074552473785407, 53.36157128316386], [-6.075212367751061, 53.361264765335285], [-6.075501781750882, 53.36093033852348], [-6.075378723617075, 53.360419484546846], [-6.075935710574136, 53.360284310737754], [-6.076756061868108, 53.36008992922166], [-6.077302038699073, 53.36029807137391], [-6.077798246892203, 53.36051089141017], [-6.078316596046079, 53.36090084881005], [-6.078972526188711, 53.36090736870358], [-6.079765416119363, 53.361138888024065], [-6.080303910387623, 53.361301868736945], [-6.080963830299134, 53.361139837673996], [-6.081266574047518, 53.36081657628589], [-6.081676350879899, 53.36108658784537], [-6.082112875727544, 53.36136260017278], [-6.082288309902788, 53.361741004962624], [-6.082116888996589, 53.36208965759652], [-6.082477446423689, 53.36241028301627], [-6.083189452944503, 53.36246549396066], [-6.084015493756489, 53.36256692999926], [-6.084576613014965, 53.362734568466756], [-6.085252685271196, 53.36307723688521], [-6.085462139626752, 53.36349635643636], [-6.085734631109298, 53.363883233613244], [-6.086195941287045, 53.364135541907075], [-6.086477189437309, 53.36446000533135], [-6.086911843637625, 53.364732194767434], [-6.087587309664715, 53.364846110092415], [-6.087958548767236, 53.36516760856929], [-6.0883933787446995, 53.36553308460855], [-6.088859282138185, 53.36595477870943], [-6.089412510922412, 53.36615336392339], [-6.089642041292518, 53.36650449274213], [-6.090113791376333, 53.36674895379225], [-6.0904131812671976, 53.367078910588575], [-6.090713026228694, 53.36745974258204], [-6.091122703844989, 53.36779011430477], [-6.091690008077058, 53.36801003425782], [-6.092226390986379, 53.368187126353305], [-6.092826424693027, 53.36838761213754], [-6.093369095677937, 53.36859337946673], [-6.094118774126378, 53.36889547090222], [-6.094595288558186, 53.3691759394663], [-6.095241491728916, 53.3692033339917], [-6.096047168382681, 53.3692313827009], [-6.096421660235897, 53.369660035543816], [-6.096670109177709, 53.37016945032274], [-6.09689607700351, 53.370518889827096], [-6.097191844253426, 53.370865128127065], [-6.097627604388234, 53.3711627292517], [-6.097342391365007, 53.3715247768995], [-6.097487764738709, 53.37194195299973], [-6.097800634961609, 53.37232468150559], [-6.098019309174268, 53.372749226771866], [-6.098371168471048, 53.373136170138466], [-6.0985487085930385, 53.37365514524221], [-6.098489365359939, 53.37412181314501], [-6.098787677206155, 53.37443681148808], [-6.099491968736092, 53.37471468759158], [-6.099779464767729, 53.375103027845704], [-6.100358912161816, 53.37536794573792], [-6.100674139531605, 53.37569606040973], [-6.101468922450976, 53.37583803786425], [-6.101622061405375, 53.37630754848945], [-6.101868866967209, 53.37666108396403], [-6.102181478355071, 53.377009464291234], [-6.102277931762058, 53.37737975039967], [-6.102295509573349, 53.37775651108608], [-6.102430601251029, 53.378122108975], [-6.1026129508802205, 53.378512184831756], [-6.102770941241176, 53.37892883516065], [-6.1027812955372855, 53.379328758088114], [-6.1027083809936045, 53.37970839362976], [-6.102669136053732, 53.38032322473989], [-6.102559280208761, 53.38079196669779], [-6.10248245643937, 53.38115626135829], [-6.102279069309949, 53.381573276236054], [-6.1021281885809655, 53.38205277925599], [-6.1019423650394895, 53.382490024866414], [-6.10174186332705, 53.38289764798821], [-6.1014983488942605, 53.38333568273177], [-6.101364265664022, 53.383799544375236], [-6.101316067209084, 53.3842111178746], [-6.101418301528036, 53.3846717293559], [-6.1016262334908475, 53.38511694628767], [-6.1019672585423645, 53.38544942132919], [-6.102487242783735, 53.38577242851983], [-6.103084513241619, 53.386105739213605], [-6.103681611502142, 53.386395725020336], [-6.10437017892783, 53.38664474051344], [-6.105085681163237, 53.38685418594091], [-6.105929502884086, 53.38709460312631], [-6.106525961542064, 53.38721820832541], [-6.107121615891166, 53.38733766357455], [-6.108129896492696, 53.38749349631273], [-6.108843670668553, 53.38758605598317], [-6.109630453225136, 53.38761478939417], [-6.110297477991516, 53.38764045285722], [-6.1112741215560895, 53.38765717298666], [-6.112222253269331, 53.38767379356626], [-6.112953400278762, 53.38779149833775], [-6.113569020524238, 53.38786378375595], [-6.114257569637094, 53.38806735518364], [-6.114804759766111, 53.38830221228075], [-6.115420755900617, 53.38848126360426], [-6.116294362834035, 53.38862762023704], [-6.117118870909499, 53.388672986926096], [-6.117995641764489, 53.38863828613], [-6.119052841709298, 53.38865639257612], [-6.1197612683642095, 53.38863214673258], [-6.12045661757712, 53.38860077046754], [-6.121158747405835, 53.388575877920225], [-6.121967526752241, 53.388522372416475], [-6.12267352689795, 53.388463020535006], [-6.123471578435945, 53.388368623496724], [-6.124142416309744, 53.38825164048617], [-6.124778628247335, 53.38820582847807], [-6.125402753855194, 53.38800901589468], [-6.1260930487958465, 53.38806128934761], [-6.126918710248827, 53.388012599026425], [-6.1277437731748305, 53.38791536207161], [-6.128366614633242, 53.38782932763237], [-6.1291336628520545, 53.38771472438271], [-6.129858041917181, 53.38760043614008], [-6.130721589765348, 53.38745929458246], [-6.131427002024039, 53.38733058967204], [-6.1320264346390685, 53.38719267234963], [-6.132588064364334, 53.38705721615698], [-6.133570711654151, 53.38683172947816], [-6.1342096205818555, 53.38669235162593], [-6.135308232146646, 53.38645419426808], [-6.136316513462678, 53.38624292617439], [-6.137351530954167, 53.38603242644846], [-6.137967270887881, 53.385906327685845], [-6.138613399233984, 53.38576847705009], [-6.139246402299364, 53.38563014865528], [-6.139993552045469, 53.38546133176765], [-6.140732104652186, 53.38527628900676], [-6.141440861742187, 53.385074959990625], [-6.142119482604475, 53.38487369684302], [-6.14285344186944, 53.38460292053808], [-6.14365526852052, 53.38438199663994], [-6.1443396729769395, 53.38413848076676], [-6.145098680719605, 53.38386124998074], [-6.145884579710189, 53.38356978296199], [-6.146472110146615, 53.38334110661509], [-6.147063902118079, 53.38310835942658], [-6.147618859166115, 53.38289579819625], [-6.148149837137687, 53.38268717618569], [-6.148723308274388, 53.38246195549251], [-6.149302103606054, 53.38223960071608], [-6.149929908398167, 53.38194754262182], [-6.150806869463688, 53.381478428437994], [-6.151645097057044, 53.381098850512814], [-6.152299077765375, 53.38080844381771], [-6.152935938942853, 53.38053529381336], [-6.153674429653018, 53.38021374368185], [-6.154417089667445, 53.37989584844528], [-6.155227899481594, 53.37954970371127], [-6.1559065572236475, 53.37973688426518], [-6.1565663183322785, 53.3798451301789], [-6.157440859675782, 53.37996603598089], [-6.158866730434112, 53.38016311778347], [-6.159864420586224, 53.380251484511255], [-6.160431527016026, 53.38046774514814], [-6.161135316184289, 53.38140428328146], [-6.161472142551983, 53.38181542900504], [-6.1657927388303095, 53.382843469517205], [-6.165463875843114, 53.38355182381911], [-6.165275539779329, 53.383938526508715], [-6.165903710182301, 53.384129007156304], [-6.167363109145709, 53.38409229314111], [-6.1681540485689945, 53.38378098587758], [-6.168886955795991, 53.383507248441184], [-6.169441175791736, 53.383309404111955], [-6.170120539792776, 53.38307833616416], [-6.17070858140484, 53.38289520454227], [-6.1714572344140155, 53.38267274055009], [-6.172067006737386, 53.382502966829485], [-6.17288579516606, 53.38228669106277], [-6.173765149625452, 53.38207439234742], [-6.175280480658055, 53.381762888567565], [-6.175894779836357, 53.38165472741427], [-6.176144199413436, 53.38208103107502], [-6.176225054906832, 53.3825530195443], [-6.176170784955358, 53.383085853511176], [-6.17598594196284, 53.38357004772357], [-6.175582421942348, 53.38422192601003], [-6.175278666952099, 53.38468309110298], [-6.174991313313604, 53.385154841620945], [-6.174845137153704, 53.385647534205376], [-6.174751722839299, 53.386115330080365], [-6.174561639490515, 53.38659090401615], [-6.174292171671422, 53.386971615935444], [-6.173829508688887, 53.38731521934494], [-6.173078456845183, 53.38782651224614], [-6.172552793834632, 53.388190266340104], [-6.1709663605962195, 53.38915932326584], [-6.1700545077101845, 53.38972358415978], [-6.169527374096868, 53.3900453321086], [-6.169014770524163, 53.39039812700127], [-6.168798696541247, 53.39075511078952], [-6.167686906401521, 53.391125845708814], [-6.166954558834597, 53.39099965190086], [-6.165656440774375, 53.39096829166249], [-6.164169251764189, 53.39090767616655], [-6.16092484438891, 53.39080038270265], [-6.160197010983055, 53.390823046012926], [-6.159507523992507, 53.3907558843406], [-6.158872690907941, 53.39064345716969], [-6.158048603915802, 53.390460251699984], [-6.1574207164962536, 53.390325006394285], [-6.1570342300867535, 53.39064060306808], [-6.156268664077062, 53.39120045832057], [-6.155762108191808, 53.39157108530868], [-6.155085454942519, 53.39206696963003], [-6.1545876803774044, 53.39243763760727], [-6.154194675994042, 53.392748181465784], [-6.153737623436157, 53.39314311233977], [-6.153403014538089, 53.39345644437263], [-6.153070158271659, 53.393792180931214], [-6.152747846536668, 53.394142010077545], [-6.152393640498683, 53.39453807844054], [-6.152084436595105, 53.39491138581121], [-6.151835073709649, 53.39525721932879], [-6.152446050592671, 53.39542054167472], [-6.152974407227813, 53.39566769169515], [-6.154611731556555, 53.3959963411653], [-6.155196098497791, 53.39565451263058], [-6.15605807089875, 53.39583257055982], [-6.156641096642342, 53.39595742322418], [-6.157439256041984, 53.396123071592484], [-6.1589974162442935, 53.396451067362634], [-6.159639676396359, 53.39661177943773], [-6.15998515440583, 53.39621852126589], [-6.160690520580369, 53.39623298925767], [-6.161405341087068, 53.396120249225476], [-6.162456946501719, 53.396215173897204], [-6.162226751921091, 53.39678843173279], [-6.162072007052061, 53.39715039225551], [-6.161871901012434, 53.39758355201972], [-6.16176997271309, 53.397962952028884], [-6.161647469667518, 53.39847720339119], [-6.161648883840342, 53.39887005823551], [-6.161728022139442, 53.39938453948786], [-6.16181753773308, 53.39980220796665], [-6.162051049415327, 53.40060522063315], [-6.162179477030679, 53.401058268623686], [-6.1624955135146005, 53.402240285120996], [-6.1628390674368525, 53.40354971386208], [-6.1633254846063465, 53.40545314994349], [-6.163220955922849, 53.406019355613466], [-6.163074302377925, 53.40647787476648], [-6.162924616260125, 53.407225376854065], [-6.1630739702468995, 53.40766840997707], [-6.163252265578933, 53.40813651327359], [-6.163420355472416, 53.408665931950175], [-6.163574268861625, 53.409147320082866], [-6.162709463650232, 53.40903380367923], [-6.162088374259548, 53.408932751599245], [-6.161290886560799, 53.4088117235127], [-6.1604655626344975, 53.408668961289194], [-6.159703862659272, 53.408569683976005], [-6.159014036588794, 53.408492270917115], [-6.158316606445789, 53.40839568355393], [-6.157527119695814, 53.408279426985516], [-6.1568577467143575, 53.4081853312125], [-6.156209011998488, 53.40809595422809], [-6.155461503300528, 53.4079959701822], [-6.154664869183015, 53.40790474842875], [-6.153872154096693, 53.407797584630686], [-6.1530011133828815, 53.4076430988819], [-6.152321196447823, 53.40755231938424], [-6.151689870392385, 53.40744808858093], [-6.150885237799039, 53.40732148753328], [-6.150142392303583, 53.40722324979991], [-6.149623283175702, 53.40703734531308], [-6.149061606280994, 53.40680062947354], [-6.148065703079906, 53.40686858309027], [-6.147448995034145, 53.40684229637742], [-6.146787150903137, 53.406872734316494], [-6.146174568377905, 53.40699686209028], [-6.145598036085973, 53.40682263022795], [-6.144942448013893, 53.40672355868307], [-6.144255051785702, 53.40677677260575], [-6.1435652707888115, 53.40675939538981], [-6.142864449327119, 53.406761973894184], [-6.142279760874013, 53.406908983949144], [-6.141688714800649, 53.407082224899334], [-6.140966823527764, 53.407035932955104], [-6.140102436292708, 53.407125460848285], [-6.1395299522561695, 53.407648945060956], [-6.137546010980618, 53.40870160060543], [-6.137011936642631, 53.40899505869881], [-6.1363732621270755, 53.409348534054146], [-6.135878422270162, 53.40852916538095], [-6.135633346676324, 53.408032025598885], [-6.135380948753238, 53.40749540653851], [-6.135057919839079, 53.407039467573725]]], [[[-6.059094479896179, 53.39985361196254], [-6.06082241287313, 53.39963993951119], [-6.062966491305141, 53.400047016620704], [-6.0645570992577404, 53.40214199142607], [-6.0675771776195235, 53.40326725933229], [-6.066020440111831, 53.40406007624314], [-6.068322921979825, 53.40579202592171], [-6.070323948081441, 53.40875868551222], [-6.06016222129866, 53.408023534838485], [-6.059477060578834, 53.40735721584275], [-6.060393954812342, 53.40462170566629], [-6.059976709600186, 53.40357768800489], [-6.059231705383959, 53.40314038154961], [-6.059400476913659, 53.40241379790289], [-6.058424722421166, 53.400690320513796], [-6.059094479896179, 53.39985361196254]]]]}}, {"type": "Feature", "id": "D14", "properties": {"district": "D14"}, "geometry": {"type": "Polygon", "coordinates": [[[-6.238977481228401, 53.31329681089975], [-6.238879604046089, 53.31328422114534], [-6.238724741366457, 53.313296942552796], [-6.238794384594567, 53.31286208880593], [-6.238728339185788, 53.312434218115584], [-6.238622800674886, 53.31186843852379], [-6.238384858401331, 53.31080640291504], [-6.2379795605590465, 53.30994976919768], [-6.237564691010774, 53.309199671336614], [-6.237268785386358, 53.30869227945618], [-6.237027889699951, 53.308222547957946], [-6.236830364200976, 53.30781160492228], [-6.236900161948366, 53.306748723221716], [-6.236846850579444, 53.30603057036888], [-6.236485410075859, 53.30534857272918], [-6.2357977979428805, 53.304855513860474], [-6.235481590769888, 53.30449952180512], [-6.23504576332421, 53.304151734066295], [-6.234180175645945, 53.30350153939079], [-6.233712476790255, 53.30312298739969], [-6.233394826327186, 53.30273074936589], [-6.232578382359245, 53.30265942304824], [-6.231592361181609, 53.302607505027964], [-6.230052908329462, 53.30237211215666], [-6.229019259301807, 53.30218564492099], [-6.227731827393205, 53.301888897062554], [-6.226738278421457, 53.30152955110037], [-6.2260078210548455, 53.30114589150701], [-6.22528221691672, 53.300726080745385], [-6.224477883287967, 53.30039694325341], [-6.223457129387708, 53.300360527538956], [-6.222276978574073, 53.300095605823685], [-6.2218437841743075, 53.29977144446161], [-6.221263693779826, 53.29959400967278], [-6.220652825503465, 53.299493313676365], [-6.2192169215050335, 53.29931279949667], [-6.219253812586445, 53.29891988598404], [-6.219611634020323, 53.29851837434495], [-6.219871143972949, 53.298106586212846], [-6.220065052855682, 53.29772805980075], [-6.220146034437146, 53.297333827020246], [-6.220083414188173, 53.29684047721242], [-6.219863625941166, 53.29646718789372], [-6.219669653911273, 53.296038472414274], [-6.21967374676494, 53.29551484261373], [-6.220055398921333, 53.29518801062774], [-6.220650267803435, 53.294883502922254], [-6.221320116693335, 53.294557732572336], [-6.221887433556703, 53.29436209346336], [-6.222542918353424, 53.29403026033679], [-6.223131037659322, 53.293753410588685], [-6.223760562006253, 53.293471333138186], [-6.224361341453513, 53.29331833145661], [-6.225114841304321, 53.29319653971936], [-6.227791540963077, 53.29289223633703], [-6.228664880280999, 53.29279476183449], [-6.229456765463749, 53.29277623803446], [-6.228906486868833, 53.29214299694835], [-6.228469565414423, 53.29166152578279], [-6.2275389223244995, 53.29076549818616], [-6.22664385824456, 53.290680647949394], [-6.226009600845363, 53.29069934161141], [-6.225288106871212, 53.29063809423715], [-6.224658316158829, 53.29027174068528], [-6.22392166318541, 53.289738335135546], [-6.22334058796108, 53.2895876768804], [-6.222723573288574, 53.28939999143573], [-6.222081724672134, 53.28906579852632], [-6.223273583658794, 53.28902047709469], [-6.223328627032137, 53.28865695147271], [-6.223924397937028, 53.28799402696723], [-6.224429078279731, 53.28747803360735], [-6.2275116218467526, 53.28336808072158], [-6.229529313517321, 53.28364449786856], [-6.231672623525228, 53.28411722973132], [-6.2335292230732415, 53.28462126411991], [-6.234595537272537, 53.28500760759636], [-6.2355714277254926, 53.28544562813334], [-6.236539624610594, 53.285947785948224], [-6.237587164331045, 53.28491985168532], [-6.237973928369418, 53.28527751211136], [-6.238532105546827, 53.285954416836006], [-6.238976288243921, 53.28648323165416], [-6.239373676744686, 53.286856861885724], [-6.2401283271300425, 53.28723576550067], [-6.240973876949517, 53.28778694396314], [-6.2424107284542645, 53.28837694307391], [-6.243010450670606, 53.288746533619616], [-6.243347003995307, 53.28907269929768], [-6.243696787996216, 53.289052419042896], [-6.244354750245188, 53.28904907922806], [-6.24665172789258, 53.28852585298468], [-6.247286793456062, 53.288413863448746], [-6.248191560504185, 53.288225128309406], [-6.24927908203025, 53.288055966524865], [-6.250481131379091, 53.28791112368836], [-6.254258810806014, 53.28765203996626], [-6.256434213529721, 53.28754870871353], [-6.25780600867862, 53.287511336087974], [-6.259903163747634, 53.28738810451477], [-6.26068152077105, 53.28734041725668], [-6.261471367505443, 53.28727779387666], [-6.2629396576150835, 53.287093389672215], [-6.26370421569469, 53.28704413356672], [-6.265805905071531, 53.287210973342134], [-6.266187622588224, 53.286932977560646], [-6.266297175927248, 53.28648493802996], [-6.266368779518913, 53.286085147340486], [-6.266336795391781, 53.28571737263821], [-6.266288254628153, 53.285355288705425], [-6.2660932251219945, 53.284728645866345], [-6.265792165986906, 53.28431363815208], [-6.266479351797497, 53.284582466675204], [-6.267283323363148, 53.28473166066557], [-6.267798865401823, 53.28513764852351], [-6.268170370573046, 53.28542317933381], [-6.268941407351892, 53.28586127335963], [-6.270036602197389, 53.28625769265941], [-6.27068396996591, 53.286631788551595], [-6.2721599590065935, 53.286754567277164], [-6.281992183352188, 53.28588398924315], [-6.293335439406884, 53.28631618374939], [-6.2942357540981675, 53.28673879747894], [-6.295027681702643, 53.28710368397738], [-6.295843486986514, 53.28744392196764], [-6.296550648137941, 53.287766874226925], [-6.29720986540926, 53.28803287738958], [-6.29778236526168, 53.2882526126659], [-6.298728501000305, 53.28852036718084], [-6.300394124877849, 53.2888613743818], [-6.301465989218334, 53.28904749804153], [-6.302298654768292, 53.28917691165208], [-6.303252118880406, 53.28935773806942], [-6.304640283304405, 53.28961933340998], [-6.306480027696043, 53.29000443165329], [-6.308920449321888, 53.289426327072036], [-6.30925422328146, 53.289096557571355], [-6.30912145009483, 53.28848084834993], [-6.311011515705402, 53.287925810123625], [-6.311049319767393, 53.28859786952548], [-6.311034900763698, 53.28918902313554], [-6.311071481134938, 53.28961310818311], [-6.311116515019843, 53.290493862707834], [-6.311207390292303, 53.29094019618811], [-6.311283234232411, 53.2912972535002], [-6.311379884249445, 53.291747802683], [-6.3114868399097395, 53.29228836967455], [-6.311028855598004, 53.29260874655156], [-6.310619952261906, 53.293004950177064], [-6.31043039871824, 53.29350716466577], [-6.310249348538608, 53.294138555497796], [-6.310394731402724, 53.294510888438424], [-6.310610828123681, 53.294950368974185], [-6.310495197253452, 53.295391169953845], [-6.310001587102359, 53.29583883601714], [-6.309228671715776, 53.29585600711853], [-6.308200087685334, 53.2957716748758], [-6.30738988830799, 53.295580431093725], [-6.306508388951981, 53.29512151878154], [-6.305643770320633, 53.29499914076888], [-6.305478918920946, 53.2953756981669], [-6.305634506619879, 53.29589242667345], [-6.305519698230938, 53.29629234303486], [-6.30494392220644, 53.29682941162041], [-6.304403596470793, 53.297058451101684], [-6.303536532545348, 53.2970936587734], [-6.303117149634804, 53.296824635100265], [-6.3025991177932985, 53.29649138490643], [-6.301884659459355, 53.29644112786429], [-6.301025173015463, 53.29651632832444], [-6.300352227753745, 53.29660146174889], [-6.299583386391404, 53.29678650951694], [-6.298794050246769, 53.29700765810964], [-6.2981688196752055, 53.29721173177036], [-6.2977206848695415, 53.29754810618854], [-6.297225208922099, 53.29807594932438], [-6.296891605861748, 53.29857446791232], [-6.296535158993418, 53.29892868413177], [-6.295842467232149, 53.298834305294434], [-6.295172450015008, 53.29870501678253], [-6.294472134665168, 53.29873688110387], [-6.293540169295866, 53.298788253455896], [-6.29262372493774, 53.29881647405505], [-6.2919097875539975, 53.2988826391695], [-6.291078191508484, 53.29910043548444], [-6.290495891491946, 53.29936170405777], [-6.289920510535801, 53.299688046629036], [-6.289095082923006, 53.30012224000553], [-6.288469537210625, 53.300440126786235], [-6.287825814572733, 53.300664731606545], [-6.287314670823602, 53.30094632918255], [-6.286774036346655, 53.3012720774347], [-6.286402680404009, 53.30168383745775], [-6.286433594520689, 53.30214155135098], [-6.286626428527785, 53.30277666312208], [-6.286795274065488, 53.30321991226134], [-6.28689793312045, 53.30370615763587], [-6.286669971614622, 53.30414882761192], [-6.286298811213446, 53.30445310303372], [-6.285552592313738, 53.304695365456226], [-6.284859118641369, 53.30492121641904], [-6.284046587432651, 53.305085585025395], [-6.283280383329533, 53.305140701504065], [-6.282648491752039, 53.305132859994806], [-6.281852228630712, 53.30507672195236], [-6.2811519281415595, 53.30494826681206], [-6.280406310124632, 53.30492834868709], [-6.279644262052017, 53.30502160756859], [-6.278891280856771, 53.305040128915955], [-6.278134644998146, 53.30502030716136], [-6.27749922672878, 53.30500483814311], [-6.276742815314016, 53.305007119363815], [-6.276001893004932, 53.30501501208267], [-6.275278342776179, 53.305003289718954], [-6.274479380305454, 53.304952994878], [-6.273764405279303, 53.30484225827343], [-6.272966377500038, 53.304664707603166], [-6.272201357438772, 53.30451567003308], [-6.271469557046946, 53.304426604602185], [-6.270808921422688, 53.30430360643117], [-6.270096031101952, 53.304034702570945], [-6.269408063285837, 53.30380758728725], [-6.268710421646537, 53.30375854444168], [-6.268175419108667, 53.3040079894691], [-6.267662572603611, 53.30430295985034], [-6.267341740566879, 53.304778845620426], [-6.267293593783913, 53.3051854475846], [-6.266964421546297, 53.30563173300258], [-6.266564392485513, 53.306049126977584], [-6.265923606056979, 53.306599264941866], [-6.265032530758514, 53.30674789280143], [-6.264250758499627, 53.30674307537952], [-6.263393247850911, 53.30668349591566], [-6.262562123550298, 53.306461805420234], [-6.261986919110403, 53.30629488732724], [-6.261248827809975, 53.306116783689085], [-6.260588185194077, 53.30604270927904], [-6.259888594026037, 53.30625691288471], [-6.259630026303585, 53.30675112234725], [-6.259656105229139, 53.30711386875647], [-6.259654439155662, 53.30769927359675], [-6.258980580335196, 53.308277741170414], [-6.257923020676941, 53.308377151519274], [-6.257506843131375, 53.30810360981297], [-6.256892633375893, 53.30789772162059], [-6.255942491330542, 53.30775441122758], [-6.255276281289495, 53.30782249424929], [-6.254541061572805, 53.30785001945401], [-6.253689855234169, 53.30789040080111], [-6.25300134201437, 53.30793477763306], [-6.252155078406058, 53.3079994860491], [-6.251404447992399, 53.30801939648923], [-6.250616807888576, 53.30809394097389], [-6.24973999293464, 53.30815809417232], [-6.249051673786455, 53.30834867379279], [-6.248759933402194, 53.30877919285572], [-6.248701942759936, 53.30916182742543], [-6.248126581873328, 53.30994488317923], [-6.247701083636282, 53.31047696760458], [-6.247312532522305, 53.310961871292065], [-6.246948333053294, 53.311474453015954], [-6.246595639004002, 53.31192051738398], [-6.246247797709354, 53.31225107597581], [-6.2456897216095575, 53.31251104640524], [-6.244688492416011, 53.31257351230154], [-6.2440303029759745, 53.31253739889461], [-6.2433729680155094, 53.312836069881826], [-6.242634274561822, 53.313231948769435], [-6.242051737130061, 53.31345685102064], [-6.241229159403873, 53.31363471185192], [-6.240503056019644, 53.313666599521284], [-6.23962028208073, 53.313541588990944], [-6.239661043456903, 53.31340828051084], [-6.23931421136132, 53.313342945116176], [-6.239216766255163, 53.31332586838732], [-6.238977481228401, 53.31329681089975]]]}}, {"type": "Feature", "id": "D15", "properties": {"district": "D15"}, "geometry": {"type": "Polygon", "coordinates": [[[-6.415077676795443, 53.422391394803476], [-6.413907951191018, 53.42205835334301], [-6.413259447821751, 53.42205656578424], [-6.412581140459177, 53.422068757424576], [-6.411231969839947, 53.4217704192114], [-6.410696963657409, 53.42160009615756], [-6.409809879175916, 53.42172416516196], [-6.408860090644348, 53.421736313926395], [-6.407929155641431, 53.421579303648244], [-6.407354482551299, 53.42146478433646], [-6.406577999664933, 53.42124242214176], [-6.405904723526999, 53.42104749499338], [-6.404695039537981, 53.420425888764285], [-6.403896614222668, 53.41930973807732], [-6.403590996532255, 53.418724378798636], [-6.402954679662011, 53.41803807563935], [-6.402275427453853, 53.41749147985116], [-6.402110282618186, 53.41701871508192], [-6.402045712501377, 53.416659632686105], [-6.4017797016525115, 53.41629291068003], [-6.400841616630433, 53.416164955855265], [-6.400014366214776, 53.416154859672574], [-6.398685081104612, 53.41603117008259], [-6.398119470202805, 53.41583332862656], [-6.397384904986319, 53.4156054467837], [-6.395570756958458, 53.415071339993844], [-6.39444568608884, 53.41501442416342], [-6.393435172667422, 53.415084586780615], [-6.39208957321567, 53.41513486025061], [-6.391462451868414, 53.41515768606906], [-6.390517108906439, 53.41510836726624], [-6.389396127566565, 53.41485806031712], [-6.388257735785878, 53.4145698524576], [-6.3872357132683595, 53.41432787091318], [-6.386556876514201, 53.41417355877355], [-6.385986537169868, 53.41394872444729], [-6.385370005305732, 53.41365316448947], [-6.384780023744766, 53.41335122033764], [-6.3843028076743815, 53.41303642045196], [-6.383873511385613, 53.412724154638475], [-6.383016345105817, 53.412677138101245], [-6.382229060869997, 53.412661797820256], [-6.38150579480957, 53.41253525323193], [-6.380770774558199, 53.412417801338144], [-6.379946038204345, 53.41221303243202], [-6.379159548169175, 53.41177916071942], [-6.378444800021295, 53.411618472822774], [-6.377721523561415, 53.41144732971936], [-6.3764978029089825, 53.41109143528763], [-6.373471007014903, 53.410177866788146], [-6.371222212855684, 53.40949169441362], [-6.369809036676066, 53.40902296519437], [-6.369076672720709, 53.408666693414055], [-6.3681483185209595, 53.40785407595853], [-6.367616608562667, 53.407558054535066], [-6.3669032519528415, 53.40717300111332], [-6.366175965312702, 53.40687986905822], [-6.365369102301602, 53.40660172942285], [-6.364373890557046, 53.406222056919816], [-6.363596155298924, 53.405915995300994], [-6.3626378012392975, 53.40553339833823], [-6.361635900912578, 53.40514507326087], [-6.360834552606113, 53.404831569522884], [-6.36023971566743, 53.40458928843669], [-6.359314755349404, 53.404223569273725], [-6.358792251707218, 53.40401975080751], [-6.358103665068746, 53.40372934761848], [-6.357622116970072, 53.40349939598243], [-6.356768868203693, 53.40297979775117], [-6.356212206023796, 53.402565741276874], [-6.355708807641389, 53.40219869888132], [-6.3552794396292525, 53.40189324673861], [-6.35469610620629, 53.40149616030221], [-6.354215617366827, 53.40114030145082], [-6.353480405741146, 53.400562722777856], [-6.353221334033111, 53.400183761895136], [-6.3529906686988085, 53.399840061927144], [-6.352728575291709, 53.399462496099574], [-6.352306542889848, 53.399087215252884], [-6.351768338640953, 53.39875948746024], [-6.351061347437262, 53.398569982008695], [-6.350059463779074, 53.398457279030744], [-6.349272542266811, 53.39818972917439], [-6.3483141053655965, 53.39799304466373], [-6.347593672553873, 53.39786309602464], [-6.346197087810513, 53.39777913566968], [-6.344266218480388, 53.397642183958666], [-6.342734441426811, 53.39750804717039], [-6.342123603880355, 53.39737311645557], [-6.34154626257486, 53.397244309863304], [-6.340375713244521, 53.396996353307216], [-6.3394557438259325, 53.39706183397403], [-6.339484612208297, 53.39302397195836], [-6.335498012522686, 53.3907097604677], [-6.332448004915641, 53.38733860249971], [-6.330428676451109, 53.38558663864635], [-6.330611742099253, 53.38344939661542], [-6.32919113632751, 53.38164634456192], [-6.328250149138419, 53.37943342393693], [-6.329238442703632, 53.37931695337579], [-6.329948507182717, 53.37903742031072], [-6.330425457215998, 53.37874060183332], [-6.3309678370238816, 53.3784535938534], [-6.331507311610613, 53.378075863469846], [-6.332026760429877, 53.37786770602492], [-6.332675746690975, 53.37792252011684], [-6.333420131769632, 53.37788969132436], [-6.3333597548721015, 53.37745207743569], [-6.333305614314605, 53.37701032667336], [-6.333390091002812, 53.37660879685332], [-6.333709183152208, 53.37620137668843], [-6.33398119678664, 53.37581864185232], [-6.333052007821039, 53.375658816183204], [-6.332725679295484, 53.37526484786638], [-6.332552897279259, 53.37480813788212], [-6.332419714968767, 53.37444508692176], [-6.332288941140382, 53.374080721382605], [-6.332149979267189, 53.37370392894621], [-6.331978332441143, 53.373205803474384], [-6.331816832927413, 53.37276524686462], [-6.331828691422394, 53.37209093389086], [-6.332322168172052, 53.37176845640738], [-6.332809658502644, 53.37149433351395], [-6.333243334058335, 53.37113506843963], [-6.333789834806412, 53.37083156939449], [-6.3350193790425156, 53.37098713386851], [-6.335686003366392, 53.37107012814162], [-6.336493312383331, 53.371174941561335], [-6.337339611706568, 53.37120794704208], [-6.338285029142984, 53.37108577251159], [-6.339227714734539, 53.37096040702815], [-6.340049343860906, 53.370850155816946], [-6.340781640259704, 53.370751957574676], [-6.341597431129152, 53.37064502963967], [-6.342595069485735, 53.37051464973947], [-6.343422344731647, 53.37040535253297], [-6.344276689644259, 53.370291392512286], [-6.344990726306749, 53.370196959327856], [-6.34595774008436, 53.370072777048655], [-6.346713249398603, 53.36997288719653], [-6.348643456329919, 53.36971688503291], [-6.349284600803506, 53.36964172810002], [-6.349549648305906, 53.369200446370414], [-6.349915878412081, 53.3686036497028], [-6.350149866216504, 53.36821855545142], [-6.350432725096938, 53.36775523020401], [-6.35076641511838, 53.36721738539613], [-6.351077330358107, 53.36671391489036], [-6.351468013234893, 53.36608285132478], [-6.351707726496236, 53.36569315988696], [-6.351927998131498, 53.365335103418765], [-6.352163150660675, 53.36494777457462], [-6.3524684929498685, 53.36444656013001], [-6.3527759497576, 53.363948160086686], [-6.353179292713692, 53.36329273111997], [-6.3534724585707245, 53.36281102767501], [-6.35369008036316, 53.362459851430266], [-6.354081682039382, 53.36181576083174], [-6.3543475870194275, 53.361384995185595], [-6.354693097280125, 53.360827171538595], [-6.355040518970869, 53.3602645202486], [-6.355523497224342, 53.359495506699986], [-6.355763820971827, 53.35910087270988], [-6.3560214523755905, 53.358691019020256], [-6.356284937493319, 53.358277021518624], [-6.355674417378978, 53.35778052172111], [-6.355144261558572, 53.35743664838253], [-6.354639284572483, 53.3571115433356], [-6.354055134244356, 53.356735375768594], [-6.353412473573061, 53.35630573356544], [-6.352713894116595, 53.355867946284015], [-6.35220265247535, 53.355532768479556], [-6.351161164440792, 53.35486753566219], [-6.351806155246267, 53.35451669664679], [-6.352207585076001, 53.35411431958315], [-6.352726504473811, 53.35372012414084], [-6.353718403161946, 53.353579598642746], [-6.3546207556021415, 53.35359591220149], [-6.355724973652947, 53.353752233776085], [-6.356399747780459, 53.35379775025834], [-6.357234612953043, 53.35384564730641], [-6.358011635516157, 53.35387719476829], [-6.358646734128474, 53.353897887376185], [-6.35941537276134, 53.35390908946997], [-6.36015048130893, 53.35391919661192], [-6.360801000411361, 53.35390611867331], [-6.36146723848691, 53.35387725614973], [-6.362110021901221, 53.3539657083091], [-6.3623357342231825, 53.354353452555195], [-6.362011762796759, 53.35472520240764], [-6.361461272139199, 53.355036862519434], [-6.360879256062148, 53.3552497687064], [-6.360206978254605, 53.35542566299158], [-6.359660158883616, 53.355686318936606], [-6.35922012115024, 53.356179228424374], [-6.359071434073679, 53.356614942345615], [-6.359266725229784, 53.357110477900285], [-6.35949592927609, 53.357552197669804], [-6.35985395109161, 53.35797555702002], [-6.360308091505029, 53.358451372593755], [-6.360800499079065, 53.35893112721051], [-6.361169704893608, 53.35934457055386], [-6.3618704960761665, 53.35967997521317], [-6.362364562117806, 53.35993641800842], [-6.363014231733163, 53.360261318196095], [-6.363746905727355, 53.36061907742977], [-6.364310735496332, 53.36089210621312], [-6.365081604812448, 53.36123663058168], [-6.365707804529929, 53.36147977167088], [-6.366477383212381, 53.36176792050637], [-6.3673255585358834, 53.3620196639996], [-6.368190168380987, 53.362152907564905], [-6.368827389042095, 53.36222515970988], [-6.3697363379073275, 53.362336440781874], [-6.3707188508843755, 53.36244557407238], [-6.371935401272565, 53.3625035216762], [-6.372692229821746, 53.36246459811996], [-6.373416246710538, 53.362379478507044], [-6.374217324253053, 53.36230430178994], [-6.375026726195054, 53.36229681545737], [-6.375882893409332, 53.36233354728517], [-6.376680564945868, 53.362426005387576], [-6.377383898069787, 53.36251645617432], [-6.377999785281567, 53.362557184115644], [-6.378837125101742, 53.36254825432099], [-6.379552919568816, 53.362571728634585], [-6.3802061574975415, 53.362598034028714], [-6.380894121120849, 53.36259739672795], [-6.381553163585746, 53.362578478990486], [-6.382189004449562, 53.36255708612107], [-6.382884086908318, 53.36243718643288], [-6.383485918217222, 53.36229292266621], [-6.384343023841147, 53.362088934451684], [-6.385073111305126, 53.36194406289604], [-6.385728249019018, 53.36183474992108], [-6.386356138742185, 53.36169882278451], [-6.386979252695692, 53.3615284974456], [-6.38760613122085, 53.361350221323136], [-6.388219796552603, 53.36120016235291], [-6.38879209211273, 53.361069312962705], [-6.389388502586998, 53.36093959522778], [-6.390041719012356, 53.360824660830176], [-6.390811538068489, 53.36075209664782], [-6.391766243962352, 53.36076434083693], [-6.392453563179949, 53.360789870399095], [-6.393193879812285, 53.36082617521501], [-6.3939806114394155, 53.36090003679942], [-6.394805900978953, 53.36100299060197], [-6.395544010392113, 53.361104766277066], [-6.396448151310743, 53.361242919625276], [-6.3976210563371065, 53.361308196834386], [-6.3983719481419845, 53.36138002020216], [-6.399389545851548, 53.36151302384211], [-6.400145315276579, 53.3615970338754], [-6.400982035872171, 53.36165687066017], [-6.4018153339619115, 53.3617022765413], [-6.402524198110861, 53.36174529156597], [-6.403343726883687, 53.36193366500024], [-6.404085641829425, 53.362070487747204], [-6.405106398040202, 53.36219944051399], [-6.405866026920232, 53.36224706849019], [-6.40673030451095, 53.3622795531426], [-6.407654696337748, 53.362567345004116], [-6.40811571796854, 53.3628741114578], [-6.408486002397835, 53.363182002334625], [-6.408826792392102, 53.36352005437014], [-6.409153274647025, 53.36389305366508], [-6.409408712077938, 53.3642540509164], [-6.409963706251779, 53.36505607642528], [-6.410261344865974, 53.36555863962828], [-6.410671194007425, 53.36605299086741], [-6.411105396499041, 53.36648924964677], [-6.411466179661674, 53.36679745360526], [-6.411827779022895, 53.36717711365188], [-6.4119868347741225, 53.36754508999076], [-6.412415614522203, 53.36796464567724], [-6.413178107458938, 53.36816818826946], [-6.413942531828975, 53.368209896475925], [-6.414733768761291, 53.36814366317138], [-6.415501493137172, 53.368009710206074], [-6.416995256930742, 53.36770591774544], [-6.418003012374247, 53.36753828662603], [-6.418789681498127, 53.3673506420762], [-6.419465744042899, 53.36709439468635], [-6.420163952766014, 53.366681524532616], [-6.420600321927345, 53.3664256915265], [-6.42105376913666, 53.36617367773364], [-6.421580530500347, 53.36595624336344], [-6.422344378366908, 53.36565728481838], [-6.4232543610579915, 53.36544086570591], [-6.423968374737726, 53.36536339570492], [-6.424797237120495, 53.36539051810095], [-6.425571839750069, 53.3656389862394], [-6.426156046396613, 53.366087593592226], [-6.426492708838764, 53.36645124226757], [-6.426879172433084, 53.36680871648794], [-6.427524386534464, 53.36715953445899], [-6.428120196385528, 53.36743214068702], [-6.428887538815019, 53.367697566428554], [-6.429972053585979, 53.367938223216996], [-6.431046340358937, 53.368100099862076], [-6.432015265002712, 53.36821232235827], [-6.433012683059185, 53.36825741927889], [-6.434418875243371, 53.368067471738364], [-6.435019443148846, 53.36798539131369], [-6.435413002877389, 53.367708722513505], [-6.436811172166352, 53.36785547192853], [-6.43733588235748, 53.36739116039319], [-6.4379092111431095, 53.3668271889656], [-6.438418628515362, 53.36624503358016], [-6.438718274919252, 53.36586862806049], [-6.439071619199087, 53.365406200429575], [-6.439324032601907, 53.365063954885706], [-6.439583551532046, 53.36466958766499], [-6.439990988274195, 53.36405221110284], [-6.440382606632109, 53.36354867056468], [-6.440913167375828, 53.36300982845265], [-6.441439015710866, 53.36262684574778], [-6.4420363854029805, 53.3622021067974], [-6.4426773048727055, 53.3617754170206], [-6.443242338698854, 53.36142807686657], [-6.443826396643323, 53.361136431586985], [-6.444652585331702, 53.36087786677325], [-6.445282576337541, 53.360698970146345], [-6.446058021012185, 53.360499677234316], [-6.446834874552344, 53.36038406597584], [-6.448413443563378, 53.36034115822107], [-6.448555679146988, 53.35983659453283], [-6.449265531429145, 53.359753797217124], [-6.449896535909671, 53.359590347090446], [-6.450478051924652, 53.35942481299768], [-6.4512907994024244, 53.35910437768142], [-6.451838936787208, 53.35867679429965], [-6.452113562703857, 53.358312522828754], [-6.4525424549638375, 53.35798862597363], [-6.453209368297961, 53.35774941513736], [-6.453867001245223, 53.35743782545598], [-6.454637006343106, 53.35705058002956], [-6.45550318821707, 53.35668928889626], [-6.456050691912999, 53.35647934152444], [-6.456588322751022, 53.35626818550683], [-6.457382487769443, 53.35598934779874], [-6.4580045283553575, 53.35583841084372], [-6.458731078311621, 53.355805471144095], [-6.459472239211895, 53.35590320578863], [-6.460217362393705, 53.356028576791175], [-6.4608756067141035, 53.35622372908659], [-6.461773841942681, 53.35652172709478], [-6.462795112624407, 53.356826605915884], [-6.463562993801063, 53.35704670155882], [-6.464176133492507, 53.357236042133216], [-6.464722174759664, 53.35748958130527], [-6.465100617936455, 53.35780108423511], [-6.465543653613994, 53.35824597363794], [-6.465934997322556, 53.35859187985805], [-6.466465739850085, 53.3588995849113], [-6.466781800392831, 53.35923077056338], [-6.467063809424563, 53.359647792114224], [-6.467231061397382, 53.36010710489204], [-6.4672552584875955, 53.36057545377471], [-6.4671451393469095, 53.36098186473626], [-6.466863891867908, 53.36143011248098], [-6.466533229145231, 53.36186720976257], [-6.466258305022582, 53.36237017773438], [-6.466427742204195, 53.36277559810688], [-6.467036616488056, 53.36302768688096], [-6.467751085518065, 53.36318263222859], [-6.4684317664276225, 53.36325374110679], [-6.46930010346902, 53.36324727039818], [-6.470248108052897, 53.36322366133801], [-6.471239992262987, 53.3632030334676], [-6.472052424110215, 53.36317982971398], [-6.472763096486545, 53.36313321013145], [-6.473558550095904, 53.3630996236108], [-6.47430112638454, 53.36302698159172], [-6.4749449046682415, 53.36297976320332], [-6.474387825460609, 53.36484829523078], [-6.473798040139078, 53.365148643194686], [-6.473584653300164, 53.365530013124136], [-6.4734863900772375, 53.36592498794031], [-6.473387484637554, 53.366285894134016], [-6.473229435294057, 53.36680708847852], [-6.473131423970406, 53.36726066069378], [-6.473114467009605, 53.36776586627013], [-6.473003983050408, 53.36821119052093], [-6.473019504089262, 53.368819981117504], [-6.473018743658382, 53.369346962369164], [-6.472981142815967, 53.37006192707398], [-6.472845632422343, 53.370745802146374], [-6.472670384145912, 53.371230917726905], [-6.472305619876197, 53.37220815490732], [-6.472168859466359, 53.372587178051305], [-6.4719877396428585, 53.37309046076478], [-6.471901695374385, 53.37370397166703], [-6.47196565103786, 53.374074241341546], [-6.471745932421366, 53.374720639661916], [-6.47148784071719, 53.37544158644807], [-6.4713972161541715, 53.37588851130674], [-6.47119882279291, 53.376392380233575], [-6.47093227721267, 53.37708580745504], [-6.470649510021482, 53.37779583161346], [-6.47043538078481, 53.378395836854594], [-6.4702531722505725, 53.378886700892195], [-6.470098639386307, 53.37930737249618], [-6.469731936775358, 53.379661067105744], [-6.469222771129334, 53.38005013883435], [-6.4686688248419, 53.38047781655173], [-6.468475633054036, 53.38085943628119], [-6.468273669184923, 53.38132991315461], [-6.468126565080286, 53.38170169909683], [-6.467891540879855, 53.38222612149444], [-6.467677980319001, 53.38268431616622], [-6.467402186966808, 53.383239039051254], [-6.4671229058130395, 53.38385267037217], [-6.466865739722881, 53.384416438400805], [-6.466605791728849, 53.38499877294237], [-6.466028577781831, 53.38482986068411], [-6.46530074883449, 53.38468147593531], [-6.464590961303141, 53.38441774763722], [-6.463972947104997, 53.38422556358146], [-6.4633151441558425, 53.384212331855984], [-6.463085857871446, 53.38458233449201], [-6.462841029506149, 53.38508765858023], [-6.462594718425877, 53.385506689055994], [-6.462328002908241, 53.38586569339539], [-6.461971872997686, 53.386624179687416], [-6.4615106064492265, 53.38700772520082], [-6.461256599045919, 53.387347299609765], [-6.4608964111385925, 53.38769512010307], [-6.460531837160523, 53.38800972137909], [-6.459964001291771, 53.388463062276934], [-6.459458495668397, 53.38867671636406], [-6.458773690430606, 53.389079473363026], [-6.458191636958224, 53.38924953576301], [-6.4576315450871835, 53.389662434950836], [-6.457252810296846, 53.390209693276276], [-6.456952836033485, 53.39054345205551], [-6.456385006078155, 53.390789089548065], [-6.455710870720783, 53.3910187002419], [-6.4549584260369945, 53.39125007932444], [-6.454406623609522, 53.391480547429325], [-6.45375367335706, 53.39166216199371], [-6.452915678242869, 53.391745843892615], [-6.4523317718171, 53.39153139528219], [-6.451775419546258, 53.39115580698749], [-6.451180018544513, 53.39149039183286], [-6.450919713671486, 53.391911553650374], [-6.450764953964704, 53.392331838312735], [-6.450462715226995, 53.39268514305174], [-6.450025604973515, 53.3931226100911], [-6.44959158455113, 53.393485075243845], [-6.448873520830698, 53.393634992462346], [-6.448113994358853, 53.39362934254737], [-6.447685575431081, 53.393888434693054], [-6.447100334355101, 53.39402380255111], [-6.446895894897742, 53.394492684017905], [-6.44728599638426, 53.39484690015787], [-6.446778251483107, 53.39523050378432], [-6.44626125309071, 53.39561937694497], [-6.4459507787405075, 53.39602684397524], [-6.445443028358785, 53.39649150359603], [-6.444983681373034, 53.39689693911121], [-6.444594459106658, 53.39743305732861], [-6.444280458181985, 53.39789897870039], [-6.4440806959889345, 53.39834365174017], [-6.443930745379362, 53.39882671875648], [-6.443739582525375, 53.39932776118182], [-6.44355360499828, 53.39969343864771], [-6.4429081262030055, 53.39957744662898], [-6.442189000757574, 53.399552695284896], [-6.441136685455816, 53.39962190485698], [-6.44054656400721, 53.39980319013232], [-6.439756802692014, 53.400268274897], [-6.4401034830819786, 53.40066337614187], [-6.440294262153076, 53.40116059711623], [-6.439919799642342, 53.401500799444705], [-6.440451278611862, 53.40187908289579], [-6.4410932501422264, 53.40221045765982], [-6.4407853880979635, 53.40258109932081], [-6.440245607541986, 53.40287681475487], [-6.4399661763447, 53.403273438459244], [-6.439544156328376, 53.4035942354618], [-6.43873177218134, 53.40358774596136], [-6.438916568695063, 53.403963747555736], [-6.4393848873163355, 53.4042621248936], [-6.439951765617342, 53.40470081552531], [-6.440302466563002, 53.40509551890158], [-6.440532500256982, 53.40551030310165], [-6.440793386336433, 53.40589556353673], [-6.440713029772238, 53.406410450217194], [-6.440144527430993, 53.40666265310981], [-6.439651948126385, 53.406914318055414], [-6.439175347003434, 53.40725111587977], [-6.439348744235837, 53.40765779238946], [-6.439378406420183, 53.408094313117395], [-6.439057087213046, 53.40846162896846], [-6.438463552858298, 53.408762924445824], [-6.437680071194789, 53.409081951524406], [-6.437204012314621, 53.40943330742772], [-6.436700288457779, 53.40971689760188], [-6.436112725871143, 53.41000325166114], [-6.435424666047656, 53.40991488106225], [-6.434763221197867, 53.409784167818344], [-6.434162172151014, 53.40967419401998], [-6.433938739934719, 53.410100296353114], [-6.433969549571524, 53.4105885081603], [-6.434435078639519, 53.41082539757045], [-6.435062784596763, 53.41113549754178], [-6.435921422041077, 53.41104834493487], [-6.4365819707155225, 53.41112296178556], [-6.437392971823256, 53.41111695521621], [-6.437610188065352, 53.41146525375136], [-6.438257346339444, 53.41168886802416], [-6.438124920638717, 53.412198308464305], [-6.4374874160732585, 53.41234049557937], [-6.436844116752543, 53.412488355026134], [-6.436097515700848, 53.41238502272446], [-6.435388348481231, 53.41250558999507], [-6.434493291887598, 53.41267152551875], [-6.434390453218262, 53.41316445471714], [-6.434240851519181, 53.413620014143035], [-6.434052400285827, 53.41398825057766], [-6.433510367655447, 53.41428597358572], [-6.433125181343623, 53.41459599802383], [-6.432512989507223, 53.414723123523245], [-6.431819894525618, 53.41477306432828], [-6.431216311514066, 53.41467292842359], [-6.430570682780854, 53.41456585599412], [-6.429590477695029, 53.41444179741558], [-6.429234291208783, 53.41480566287339], [-6.428432797512051, 53.41495220446553], [-6.4275914022194005, 53.41509399129434], [-6.42644186489434, 53.415392845518596], [-6.425471131580361, 53.41563671097825], [-6.424622509234455, 53.415842458130946], [-6.4240244640378155, 53.41599848503274], [-6.42329847578355, 53.41619218171142], [-6.422478419924457, 53.41638642834581], [-6.421832302963721, 53.41660390843438], [-6.421304436311825, 53.41690113478941], [-6.421338584586422, 53.417342303057474], [-6.421509006276708, 53.41788269103682], [-6.421553429167029, 53.418257581972995], [-6.421533813972384, 53.418787009294945], [-6.421494644784559, 53.41921462629373], [-6.421509705793961, 53.41964529690764], [-6.4214990094076185, 53.420218608135215], [-6.421930155262877, 53.42078508920451], [-6.422286119156706, 53.42128461138641], [-6.422247004954908, 53.42184487542253], [-6.421849205727039, 53.422230007311505], [-6.42183130233807, 53.42268980870437], [-6.42192972269321, 53.42305426924129], [-6.421739426167196, 53.42339792801742], [-6.420343213708082, 53.423274495359934], [-6.4170890315244025, 53.422912538422764], [-6.41614918385011, 53.42268339965541], [-6.415077676795443, 53.422391394803476]]]}}, {"type": "Feature", "id": "D16", "properties": {"district": "D16"}, "geometry": {"type": "Polygon", "coordinates": [[[-6.311049319767393, 53.28859786952548], [-6.311011515705402, 53.287925810123625], [-6.30912145009483, 53.28848084834993], [-6.30925422328146, 53.289096557571355], [-6.308920449321888, 53.289426327072036], [-6.306480027696043, 53.29000443165329], [-6.304640283304405, 53.28961933340998], [-6.303252118880406, 53.28935773806942], [-6.302298654768292, 53.28917691165208], [-6.301465989218334, 53.28904749804153], [-6.300394124877849, 53.2888613743818], [-6.298728501000305, 53.28852036718084], [-6.29778236526168, 53.2882526126659], [-6.29720986540926, 53.28803287738958], [-6.296550648137941, 53.287766874226925], [-6.295843486986514, 53.28744392196764], [-6.295027681702643, 53.28710368397738], [-6.2942357540981675, 53.28673879747894], [-6.293335439406884, 53.28631618374939], [-6.281992183352188, 53.28588398924315], [-6.2721599590065935, 53.286754567277164], [-6.27068396996591, 53.286631788551595], [-6.270036602197389, 53.28625769265941], [-6.268941407351892, 53.28586127335963], [-6.268170370573046, 53.28542317933381], [-6.267798865401823, 53.28513764852351], [-6.267283323363148, 53.28473166066557], [-6.266479351797497, 53.284582466675204], [-6.265792165986906, 53.28431363815208], [-6.2660932251219945, 53.284728645866345], [-6.266288254628153, 53.285355288705425], [-6.266336795391781, 53.28571737263821], [-6.266368779518913, 53.286085147340486], [-6.266297175927248, 53.28648493802996], [-6.266187622588224, 53.286932977560646], [-6.265805905071531, 53.287210973342134], [-6.26370421569469, 53.28704413356672], [-6.2629396576150835, 53.287093389672215], [-6.261471367505443, 53.28727779387666], [-6.26068152077105, 53.28734041725668], [-6.259903163747634, 53.28738810451477], [-6.25780600867862, 53.287511336087974], [-6.256434213529721, 53.28754870871353], [-6.254258810806014, 53.28765203996626], [-6.250481131379091, 53.28791112368836], [-6.24927908203025, 53.288055966524865], [-6.248191560504185, 53.288225128309406], [-6.247286793456062, 53.288413863448746], [-6.24665172789258, 53.28852585298468], [-6.244354750245188, 53.28904907922806], [-6.243696787996216, 53.289052419042896], [-6.243347003995307, 53.28907269929768], [-6.243010450670606, 53.288746533619616], [-6.2424107284542645, 53.28837694307391], [-6.240973876949517, 53.28778694396314], [-6.2401283271300425, 53.28723576550067], [-6.239373676744686, 53.286856861885724], [-6.238976288243921, 53.28648323165416], [-6.238532105546827, 53.285954416836006], [-6.237973928369418, 53.28527751211136], [-6.237587164331045, 53.28491985168532], [-6.237114081558583, 53.28451696550103], [-6.236534222399185, 53.28410018518346], [-6.235431049255227, 53.283801029505355], [-6.234796639640881, 53.283664016882504], [-6.234098630618361, 53.28315892694866], [-6.233818267222293, 53.28268770253646], [-6.233507230134412, 53.282105748466606], [-6.23326772805344, 53.28172059751108], [-6.2327304751586, 53.281193256369], [-6.232364539964192, 53.28076138217333], [-6.23203672316723, 53.28018825223583], [-6.231830464209998, 53.27954969934618], [-6.2316539037024175, 53.27910849882832], [-6.231427731701807, 53.27861398606229], [-6.2312342094284965, 53.27799979675979], [-6.230471030685949, 53.27737517434605], [-6.230101449370442, 53.27700291431232], [-6.22977682433292, 53.276626197967325], [-6.229483901699243, 53.275991296242616], [-6.229471185958862, 53.275293870274396], [-6.229212889864206, 53.274647259242705], [-6.229128116375007, 53.27413156485968], [-6.22860409631613, 53.27313229545932], [-6.2273012682544175, 53.272374166755036], [-6.227086832192668, 53.271899860991255], [-6.227383197587429, 53.27144025270015], [-6.228287871857479, 53.269988767706494], [-6.22859541907959, 53.26953318721268], [-6.229182929331223, 53.268636802648395], [-6.229187267218998, 53.26806230640585], [-6.229165643038121, 53.26706007624737], [-6.229157733300509, 53.265187715255465], [-6.228952626044216, 53.26415013409061], [-6.229646225554474, 53.26400217203034], [-6.23028781366737, 53.264062748916906], [-6.230915962816649, 53.263969798758076], [-6.231591498861073, 53.2637919889402], [-6.232422171685184, 53.26367426491881], [-6.232956811394593, 53.26347135006743], [-6.2336346086376455, 53.26320530659224], [-6.23398952167793, 53.26269568149705], [-6.234337510439507, 53.26219188442017], [-6.234765942888333, 53.26182669435537], [-6.235854345735038, 53.26211953090246], [-6.23662123181415, 53.262475275254054], [-6.237427012605987, 53.26288353661107], [-6.237911073577724, 53.263098032440844], [-6.238562920804829, 53.263339002413886], [-6.239263976043904, 53.263519851519554], [-6.2399094206117995, 53.26382974213939], [-6.240378537867522, 53.264303291570464], [-6.240996696457517, 53.2648687324147], [-6.24223688909853, 53.265330824336], [-6.243123635966779, 53.2658022529443], [-6.243957513485745, 53.26623685665799], [-6.244582365705452, 53.26652610659218], [-6.245242374479157, 53.26674505071546], [-6.245882334435576, 53.26696162897583], [-6.246827950170173, 53.26736792890816], [-6.247495372999921, 53.26763289461259], [-6.248379254014338, 53.26788971391271], [-6.2495580520374325, 53.26810340530384], [-6.2508536137262, 53.26818596615567], [-6.25172290157343, 53.26813464102243], [-6.252431850161843, 53.268155553338104], [-6.253152390058462, 53.26816207188191], [-6.254251844046036, 53.2680662890781], [-6.254360544660279, 53.267346649806996], [-6.253543764091528, 53.267102182291765], [-6.253299897200661, 53.26674585664294], [-6.2530073918656255, 53.266378751725235], [-6.252800509659367, 53.266000948166464], [-6.252909796610369, 53.265628138841784], [-6.252565684319893, 53.26526261288629], [-6.252292150363903, 53.26491573601685], [-6.252371580681612, 53.26447175911758], [-6.252485860760843, 53.26394318327505], [-6.252684403925219, 53.26350059311275], [-6.2530349460064345, 53.26318057091858], [-6.2537243967540554, 53.262855897658596], [-6.253962535885807, 53.262478684129164], [-6.2541993312938, 53.26213434401857], [-6.254067589210657, 53.261766360732885], [-6.2535615148368295, 53.261523208412726], [-6.253066584051952, 53.26124336924133], [-6.252786632066959, 53.26089675856776], [-6.252370374074877, 53.260528016836], [-6.252515010225624, 53.26017019558111], [-6.252477803593915, 53.259791283821386], [-6.252409124969266, 53.25939905864806], [-6.252848135649149, 53.25914585186681], [-6.253383732576841, 53.258976293088544], [-6.254408103689369, 53.258690855834935], [-6.255381081980825, 53.25841652076377], [-6.255666924772965, 53.25807801852842], [-6.255192082225306, 53.257827600815965], [-6.254845162199013, 53.257504729391016], [-6.255146095817511, 53.25719323157513], [-6.25575329501795, 53.25710397882089], [-6.256414341285255, 53.257012724762525], [-6.257215681226804, 53.25688487335085], [-6.257359074807645, 53.256498538386424], [-6.257134849289152, 53.25607932618307], [-6.257145784370734, 53.255649352987824], [-6.256682915641276, 53.25541798949584], [-6.2564850112391825, 53.25503870518445], [-6.256141890387602, 53.254695671422425], [-6.25564373982711, 53.2544296356231], [-6.2551946260319795, 53.254043076665425], [-6.2553293389636595, 53.25360907386916], [-6.255476127706595, 53.25317893249584], [-6.255604335883911, 53.25274366578864], [-6.255724336772668, 53.25228527124208], [-6.255996942772128, 53.25192167953008], [-6.256285006937262, 53.251551662779946], [-6.256722366683319, 53.2512149256661], [-6.257018424248512, 53.25082129756846], [-6.257308550066246, 53.2504336035074], [-6.257431587653891, 53.25001236931086], [-6.257274409062965, 53.249628828267795], [-6.257245306814278, 53.24915306284605], [-6.257517706954173, 53.24874506727625], [-6.257781729534765, 53.24831501952235], [-6.258055038504812, 53.24792393220613], [-6.258336238589534, 53.247517950769904], [-6.2583663717685205, 53.24709562720447], [-6.2580440582119445, 53.24672827702175], [-6.258085293548282, 53.24625174240543], [-6.2580866029749815, 53.24578460003093], [-6.2578566778809455, 53.24534562260158], [-6.257381534963075, 53.244874658720505], [-6.257009454696185, 53.244443306775295], [-6.256732149099154, 53.244079037634414], [-6.256428460960103, 53.24360096155006], [-6.256012193894427, 53.24311117109489], [-6.255670687324723, 53.24272780517925], [-6.255400392830434, 53.24238915938321], [-6.255099990868831, 53.24194635811002], [-6.254854993956722, 53.24152980168485], [-6.254557555805589, 53.24107517902604], [-6.254213052211586, 53.24060225076773], [-6.253979163527533, 53.240171205733866], [-6.25368493232275, 53.23961704787406], [-6.253551511935859, 53.23917668952624], [-6.253615855765983, 53.23871622220516], [-6.253825572856846, 53.23817493220811], [-6.2539930801675725, 53.237714358796474], [-6.255484183993609, 53.23749605846955], [-6.256295385013538, 53.23737806592085], [-6.256912327495818, 53.237288322295136], [-6.257502143805156, 53.237194134472695], [-6.258435766353631, 53.23705491014695], [-6.259244555261193, 53.236932009191484], [-6.260076230074537, 53.236805212932815], [-6.260883594059696, 53.23667760667974], [-6.261591323301605, 53.236566515977685], [-6.262360546477095, 53.23644697111121], [-6.263185706393743, 53.236263977248306], [-6.263826765927634, 53.23609042807069], [-6.26467650352764, 53.235855385921894], [-6.265383298046474, 53.23576376173447], [-6.266500640378655, 53.23562894661687], [-6.267698931847685, 53.235477952491586], [-6.267854200132663, 53.235074791286856], [-6.267835176528787, 53.23468626187892], [-6.267555950052242, 53.234188347968406], [-6.2675152705732335, 53.23375798204561], [-6.267246510582728, 53.23322139417558], [-6.2665712029016625, 53.232898811481995], [-6.266257469916452, 53.232463663040306], [-6.26590548510734, 53.23194509366995], [-6.265368445078289, 53.231649860624835], [-6.265036060248628, 53.231300715672276], [-6.264890596888749, 53.23086873264651], [-6.264647412622264, 53.2302324816774], [-6.2644507157748155, 53.2298060428624], [-6.2643379810619475, 53.22938972438308], [-6.263985448399167, 53.22895607123723], [-6.263805517146364, 53.2285948540238], [-6.263825170883951, 53.22813975148783], [-6.263851806893758, 53.22774712287707], [-6.263652436744656, 53.227210188963845], [-6.262815653603632, 53.22708367105795], [-6.263275802526455, 53.22683244295673], [-6.263979398650573, 53.22679488513217], [-6.264556442380966, 53.226697960677996], [-6.265299583452752, 53.22647655072496], [-6.265707011978816, 53.22620899755647], [-6.266251058004497, 53.22598693006418], [-6.266805078178029, 53.22572573051271], [-6.266753575765134, 53.2253312454819], [-6.266902991875251, 53.22497743034444], [-6.267215070694754, 53.22456549622268], [-6.267370733455922, 53.22415470168737], [-6.267423180312414, 53.223605258896775], [-6.26719745123635, 53.22315458544734], [-6.267686450282849, 53.222863137402875], [-6.267509489292141, 53.222507720579834], [-6.26742514081105, 53.22213747319297], [-6.267447023055503, 53.221742347928405], [-6.267551454858767, 53.22128784841055], [-6.267361308177026, 53.22082178489125], [-6.267164899116225, 53.22044056042021], [-6.267212476542488, 53.21993517450541], [-6.267499510995139, 53.21945430175125], [-6.267798989718297, 53.21903822835596], [-6.268123921509882, 53.21864616101583], [-6.268280897685774, 53.218263245011336], [-6.268585739559954, 53.217946468045916], [-6.268994087107214, 53.217604591853785], [-6.269226142667189, 53.21720613898716], [-6.269663976946399, 53.216812562291004], [-6.269609041994678, 53.21627000641804], [-6.2695577577127715, 53.21586051640003], [-6.269572151503751, 53.21537181319566], [-6.269550436990066, 53.21493030829286], [-6.269544857148937, 53.21445308830467], [-6.2691597226660685, 53.21409159328993], [-6.268893569036424, 53.21361831576024], [-6.268597348502254, 53.21327527679546], [-6.2680623669067685, 53.212964894946296], [-6.267835146212312, 53.21259212042046], [-6.267457013672138, 53.212125209741224], [-6.267790177912778, 53.21174512627522], [-6.268116067663929, 53.211208555949966], [-6.2683514731609415, 53.21084574324436], [-6.268524629517723, 53.21046189352038], [-6.2685579082985825, 53.210077628077364], [-6.268822245776064, 53.20955741682079], [-6.269620521923479, 53.209632646803456], [-6.2703955319355344, 53.20969396265631], [-6.271187330305426, 53.20978607415829], [-6.27190078304926, 53.209978061719355], [-6.272676653169336, 53.21019620460759], [-6.273246263807552, 53.21035473211563], [-6.274020204011352, 53.2105628622053], [-6.2747999745862275, 53.21077664381787], [-6.275351761334521, 53.21093049918352], [-6.27608113246022, 53.21117284135383], [-6.27675904868241, 53.211589867768865], [-6.277350024083825, 53.21193373408725], [-6.277861233341387, 53.212231687179646], [-6.27843429571769, 53.21257313202711], [-6.279042177389121, 53.21294563409032], [-6.279674114317398, 53.21334670064994], [-6.280161079187616, 53.21368042258705], [-6.28097745037338, 53.21421266381351], [-6.281465285440335, 53.21450972444115], [-6.282259883985606, 53.215068424772255], [-6.283121169196838, 53.21567382635519], [-6.283805209624949, 53.21615731619035], [-6.284588487166182, 53.21669489686045], [-6.285216125406503, 53.217138201552565], [-6.28567408288892, 53.21747372947526], [-6.286723087593554, 53.21826065343374], [-6.2871849885894475, 53.21860935355838], [-6.287733766473913, 53.21903101949055], [-6.288669562683335, 53.219741433936555], [-6.28917798668975, 53.2201289905138], [-6.289668175913732, 53.22050639698268], [-6.290267758480782, 53.22095601180013], [-6.290917314663388, 53.221413260689346], [-6.291397576239546, 53.22174297442167], [-6.291658511140748, 53.22215312322552], [-6.29204520311382, 53.222720914550095], [-6.292932851324116, 53.223071380786415], [-6.2936631789664546, 53.22326931914062], [-6.294419091521526, 53.22348559389683], [-6.295065368332647, 53.223719707403305], [-6.295877680375159, 53.22384106506272], [-6.296604933916657, 53.22399265656388], [-6.297377651488209, 53.224150285753254], [-6.2982787225046275, 53.22433230155037], [-6.298905518615933, 53.224419982093025], [-6.299979835382229, 53.22450667671111], [-6.300969840797029, 53.22454551510661], [-6.301953532953362, 53.224590995754276], [-6.302877932218075, 53.22460237059488], [-6.3037588636814545, 53.224597930820984], [-6.304550045717157, 53.22457989468354], [-6.3050429455147885, 53.22428367697007], [-6.305529376388463, 53.22397595136545], [-6.30620337767187, 53.223622089778445], [-6.306957570155188, 53.223326523320516], [-6.3079029451572906, 53.2229963705139], [-6.308829545816742, 53.222744223113104], [-6.309454690806852, 53.222572810872514], [-6.310160851063833, 53.22236686503365], [-6.310570184693269, 53.2220741127344], [-6.3101700255497, 53.221697980870644], [-6.309782192398547, 53.2212348456967], [-6.309462649069545, 53.2207751947367], [-6.309222169754472, 53.22037463311175], [-6.308963306995832, 53.21990478752534], [-6.30874694898691, 53.21942511949255], [-6.308564852925991, 53.21895986780223], [-6.308380898227036, 53.21849800455728], [-6.3082545848079254, 53.21804325069109], [-6.308118783377229, 53.21750972297065], [-6.307979868226175, 53.217080313675496], [-6.307862778588592, 53.21659540303383], [-6.3077664457420735, 53.21611653897166], [-6.307659035857832, 53.21535181088614], [-6.307630285851514, 53.21491282176813], [-6.307647217210769, 53.21447088669664], [-6.307699621610816, 53.213855820723], [-6.307733028689754, 53.213371789406736], [-6.3078086093826995, 53.21277952083229], [-6.307908332604324, 53.21204146142114], [-6.307991103962771, 53.211645667579], [-6.308095234625931, 53.21119661266265], [-6.308199579612171, 53.21080471999891], [-6.308320554272829, 53.21029470047819], [-6.308510468863688, 53.20947011518357], [-6.308680011292228, 53.20877070319225], [-6.308790379927375, 53.208357236033414], [-6.308976051318576, 53.20761796912805], [-6.309135257121731, 53.20698626388285], [-6.309306575097915, 53.206325881025286], [-6.309455124156737, 53.20569492275107], [-6.3095972406858305, 53.205189605573146], [-6.309710778701432, 53.20473591923071], [-6.309805634083038, 53.20437103199796], [-6.309886118475456, 53.204010524291064], [-6.310017521224563, 53.20344465971588], [-6.310173443409156, 53.202857932762605], [-6.31030419580439, 53.20233663571109], [-6.310435441609218, 53.20181840118321], [-6.3105164124123165, 53.20142329867413], [-6.310636849958866, 53.20089098021538], [-6.310788163038673, 53.20035505522061], [-6.310905132361433, 53.19986366945776], [-6.310997710274522, 53.19945569954091], [-6.3111403310905265, 53.1988863077898], [-6.3112535241958, 53.19834948207344], [-6.311358369313178, 53.197883627624506], [-6.311573171200131, 53.196937880752365], [-6.311704290470177, 53.196443998461234], [-6.311827481666231, 53.196082656615516], [-6.3119271616770725, 53.19561600937508], [-6.312146787779658, 53.19449660455057], [-6.312826411450389, 53.19395171612604], [-6.313600508174473, 53.193304358009634], [-6.3143660384913405, 53.19267341038273], [-6.315134295168168, 53.19204474331695], [-6.31583719874484, 53.191448669927745], [-6.316186911178537, 53.19115388748535], [-6.316997317429187, 53.19050324633014], [-6.317592390421589, 53.190018519692494], [-6.318366350328666, 53.18936465827728], [-6.318931558837789, 53.18892327163796], [-6.3196515089945695, 53.188295691445774], [-6.320971157382473, 53.187220366876694], [-6.3219671962805535, 53.1863975059997], [-6.323286145712974, 53.18531810203095], [-6.324294167182624, 53.18449260463799], [-6.3254258532843135, 53.18356413553773], [-6.325899303447548, 53.183171575266826], [-6.326621867583838, 53.18257310929217], [-6.3273322541891845, 53.1820397159586], [-6.328816236471045, 53.1808278496613], [-6.330472674312863, 53.179465328997516], [-6.330989828613475, 53.179015662900305], [-6.3315752016810585, 53.17854052770851], [-6.332309285531398, 53.17824838743413], [-6.333433857637606, 53.178464998843445], [-6.334261032503695, 53.17862603218219], [-6.3361530373343005, 53.178963804970216], [-6.340626454801539, 53.179745033082234], [-6.342037865652501, 53.17998991510453], [-6.344833638939542, 53.180484824802065], [-6.346473444289765, 53.18076913704408], [-6.347282621777309, 53.180957779899266], [-6.3482283778552375, 53.18165402733786], [-6.34945425004413, 53.182446808999764], [-6.350265894062849, 53.18283911763688], [-6.351015704044148, 53.18320647844393], [-6.351687374587677, 53.183546060600804], [-6.352622594764623, 53.18398293268918], [-6.353113110370767, 53.18422689205982], [-6.353850442694322, 53.18458300771162], [-6.354348141663562, 53.184810524571574], [-6.355252804779527, 53.185012295191], [-6.355993312465132, 53.1851797980243], [-6.357766578489513, 53.18560123377851], [-6.35852069585351, 53.18578769186367], [-6.359921887363674, 53.18611085769449], [-6.360978549200689, 53.186444184412125], [-6.363716942441261, 53.18755501282238], [-6.3660617601558505, 53.18856978620943], [-6.366864885960839, 53.188920431531635], [-6.3685716180241245, 53.18968707149609], [-6.3706499321522, 53.1906572995356], [-6.371420766925889, 53.19101205526939], [-6.372581484081726, 53.191545858055655], [-6.374583054380504, 53.19261481575658], [-6.3744432480458135, 53.193126169656146], [-6.374168579290072, 53.194008204014935], [-6.373968605900283, 53.19459261113996], [-6.373784996508689, 53.1951065116809], [-6.373668005129328, 53.19550053298177], [-6.37350004161038, 53.196015006194635], [-6.373185639110441, 53.19701629552296], [-6.372850956624203, 53.19806377096792], [-6.3724782348665885, 53.199098323200936], [-6.372131312770492, 53.200112825782846], [-6.371944232001399, 53.200651930035455], [-6.371834068444739, 53.20107336394494], [-6.3716870144723465, 53.20178071691388], [-6.371590062503153, 53.20225400782897], [-6.371488394096564, 53.202705125536504], [-6.371341695988873, 53.203386509700195], [-6.371134401380309, 53.204337401218936], [-6.370954848783828, 53.20512627226868], [-6.370859012031098, 53.20558600695559], [-6.370801691263345, 53.20604249373188], [-6.370474082720957, 53.20795723720809], [-6.370140498566642, 53.210009042841214], [-6.370042072876358, 53.210500645900176], [-6.369814222172787, 53.210934397322696], [-6.369531956089849, 53.211510120768594], [-6.369284132523328, 53.211959055828004], [-6.369033124732444, 53.2124624094088], [-6.368791317744563, 53.21293793815696], [-6.368561301254043, 53.21341174057296], [-6.36835474683711, 53.21380416997014], [-6.369211225340708, 53.2140536107215], [-6.370048644887542, 53.214314198241304], [-6.370890105153666, 53.21460197649212], [-6.3719622233120745, 53.214919503531654], [-6.372614484189637, 53.21511085686495], [-6.37331371229236, 53.21530446566051], [-6.374232831372585, 53.21558060846857], [-6.374804946180536, 53.21574326505103], [-6.375847925898704, 53.21605892122117], [-6.375034709137275, 53.216426013130004], [-6.374462410295805, 53.216711368186395], [-6.373727522984421, 53.21705399640469], [-6.373949623491306, 53.21751825244367], [-6.374658149858728, 53.217826207476584], [-6.375470270452084, 53.218193538539225], [-6.376284555654202, 53.218543188649306], [-6.377196201768324, 53.21893109688134], [-6.377619558478715, 53.21930291249537], [-6.377458615721796, 53.219682587213406], [-6.377246760078878, 53.220242660520555], [-6.377118806927404, 53.2205988781546], [-6.376964343490522, 53.22099310986129], [-6.376756746396509, 53.22152187491219], [-6.376581843316884, 53.22200569970673], [-6.376337274269061, 53.22262023739196], [-6.376146946838901, 53.223129554719435], [-6.375959429091319, 53.22359388411362], [-6.375764910756168, 53.22408642746714], [-6.3756171833044215, 53.22446843672404], [-6.375470803985334, 53.225124663887655], [-6.375672158071666, 53.22569477178006], [-6.375898694112186, 53.22631761794912], [-6.375979097760857, 53.22682676071218], [-6.376000271270575, 53.227383357284154], [-6.375982326879125, 53.227854132017775], [-6.375921167216372, 53.22822330146161], [-6.375784761305084, 53.22871699627215], [-6.375800046696347, 53.229226779005735], [-6.375940041421797, 53.22965306307025], [-6.3762046822908856, 53.2303500327062], [-6.376351823036815, 53.23076068596221], [-6.376562495876866, 53.231284634546846], [-6.376800242010765, 53.23184409147317], [-6.3770484265204335, 53.23244125650652], [-6.37720252937355, 53.23278909295898], [-6.377441444962758, 53.2333507212297], [-6.377721676352923, 53.23398292172514], [-6.377888184663796, 53.23439500472929], [-6.378191676392737, 53.23512790752565], [-6.378401572624095, 53.2356343166487], [-6.3787398463735965, 53.23644435188858], [-6.378980704798274, 53.23712885778779], [-6.378334692229102, 53.237334501382804], [-6.377516125762134, 53.23759441122258], [-6.376420214662272, 53.23794490211085], [-6.375313340835614, 53.23829730057861], [-6.374613668646003, 53.23852259340522], [-6.374053948300849, 53.238702878894976], [-6.373358142926025, 53.23894313591766], [-6.3726574944299585, 53.23917406596156], [-6.372295073843702, 53.23963743814318], [-6.372758154852447, 53.239875003659385], [-6.373436641017304, 53.24031008067848], [-6.373563305384328, 53.24076233747102], [-6.373551853723379, 53.2412206176163], [-6.373720878749411, 53.24187548431902], [-6.373821390532256, 53.24242129983035], [-6.373892968545097, 53.242954677518135], [-6.374028584384643, 53.24350681345406], [-6.374183889190674, 53.2439992732985], [-6.374395813096136, 53.244504188648946], [-6.374674654483803, 53.24507265697263], [-6.375039950652386, 53.2454892518742], [-6.374316721120071, 53.2457428014056], [-6.3735831536899274, 53.24598524112676], [-6.372748537126112, 53.24630798997675], [-6.371941398838965, 53.2466454879607], [-6.371552939193909, 53.24709951482915], [-6.371431349269323, 53.24754173004957], [-6.371217550180819, 53.248029957375564], [-6.370456447410358, 53.24825079198394], [-6.369510200048853, 53.24857927147794], [-6.369878270884521, 53.24897435082909], [-6.3702287759231595, 53.24929854949926], [-6.3705296669182925, 53.24962440534126], [-6.370343241199225, 53.2499836798539], [-6.3698010344582885, 53.25019294453719], [-6.3695029077174, 53.25051249411268], [-6.3698236008909825, 53.25095141169503], [-6.370146804528349, 53.2514447351058], [-6.370331865022402, 53.25182697427573], [-6.370586908941817, 53.25235800907984], [-6.370803767942441, 53.25283055394652], [-6.3710354990450275, 53.253406204788526], [-6.3711441617194335, 53.25404622874019], [-6.370807400314228, 53.254474537436074], [-6.370492895709613, 53.25486666160538], [-6.370200722189733, 53.255227185896246], [-6.369807158290096, 53.2558290660968], [-6.36973615585267, 53.25620420795781], [-6.36942539622901, 53.25661750042343], [-6.369063102995825, 53.25706612540235], [-6.369273390939264, 53.257571835269744], [-6.36906468703804, 53.258063812882554], [-6.368522906623706, 53.258479782889815], [-6.368118946297264, 53.258759235300055], [-6.3675538473670805, 53.25921900866971], [-6.366985305147271, 53.259509324057895], [-6.367867275461103, 53.259496062089575], [-6.368847056653347, 53.259049962245754], [-6.3694407047030985, 53.25878478615069], [-6.370166642126065, 53.25847639066318], [-6.370910250867756, 53.258411694723264], [-6.371416009873998, 53.25866647322593], [-6.372051885744298, 53.25880214962978], [-6.3726910989446175, 53.258986758355526], [-6.373009923215495, 53.2593666848972], [-6.372796672720361, 53.259761185789955], [-6.373538661616852, 53.25982757392507], [-6.37421706687998, 53.25987898021458], [-6.374717386329815, 53.26022273297337], [-6.375148476226672, 53.26090588341679], [-6.375642248398118, 53.26160219889124], [-6.375648513031125, 53.262170632031385], [-6.375718171134108, 53.262622287245335], [-6.3758014544055515, 53.26301130785211], [-6.3760769978750025, 53.26351375977413], [-6.376263919981877, 53.263911561521454], [-6.376469426838649, 53.264318153889356], [-6.376793193942397, 53.26471961617577], [-6.377188352394152, 53.2651131523264], [-6.376988833034591, 53.26555008687252], [-6.3763372620960865, 53.26592011051287], [-6.376257029915539, 53.26631472167599], [-6.376557332024656, 53.26678111141711], [-6.376846837738942, 53.26725526198738], [-6.377222118189097, 53.26770092207944], [-6.3777863709719735, 53.26811913600924], [-6.377146996916587, 53.2681337087871], [-6.376402661020662, 53.26828516056297], [-6.375451694764169, 53.26843738637026], [-6.374555495044759, 53.26842337030584], [-6.373917600342575, 53.26843138534784], [-6.373125916240911, 53.268565993904375], [-6.3723060162321685, 53.268769502836975], [-6.371302990848951, 53.26899279207328], [-6.370600897185874, 53.269228904778835], [-6.370000520431357, 53.26943656712965], [-6.369312575710787, 53.269674124013335], [-6.368582678771153, 53.2698507989464], [-6.367553251915702, 53.26999676543785], [-6.36679019097393, 53.26999224353251], [-6.365965781674998, 53.27003693416893], [-6.365171683806939, 53.27027220313275], [-6.364397715162562, 53.27044959616045], [-6.363557215064692, 53.27069832752631], [-6.362994952745685, 53.270910162893976], [-6.362225072495535, 53.27144897177968], [-6.360844439602609, 53.272450934483174], [-6.359777416360833, 53.27323081082274], [-6.3587471805514655, 53.27396930413135], [-6.357611226789439, 53.274838892664164], [-6.356911985471791, 53.27551183076989], [-6.35643262816101, 53.27595170421036], [-6.355990052302085, 53.276280372645985], [-6.3558453934905215, 53.27621537738371], [-6.355628087611974, 53.27610363512111], [-6.355511833248719, 53.2760718344324], [-6.355467623247144, 53.2760606196379], [-6.354662834163682, 53.27577792142144], [-6.353655988505942, 53.27541190206438], [-6.35317781197653, 53.27517064163133], [-6.352604418551382, 53.274942442762544], [-6.351864058126641, 53.27482130637453], [-6.351043643622958, 53.27473689390179], [-6.350734333144712, 53.274230860775866], [-6.35098907920332, 53.27376786130979], [-6.3520076511948504, 53.27362188699978], [-6.351351932875719, 53.27284118065391], [-6.351022023682279, 53.27253321005099], [-6.350631782509919, 53.272205890065266], [-6.349887176937975, 53.271884987251156], [-6.348866862807099, 53.27183005574554], [-6.348114830907082, 53.271618862156174], [-6.347002556030592, 53.27144158280597], [-6.346033325268235, 53.27123284574666], [-6.345214454936345, 53.27107211286033], [-6.344511616313101, 53.27066700675804], [-6.343949467143305, 53.27041932955139], [-6.342812516736568, 53.2702546993378], [-6.341917053414614, 53.27007391566028], [-6.3403358462594674, 53.2698143771201], [-6.3395857803549385, 53.2695033987191], [-6.338899325422452, 53.269105047825775], [-6.3382838942778195, 53.26893505912368], [-6.337418586012447, 53.2686665872219], [-6.33660676483436, 53.26859702313403], [-6.33545437317553, 53.268860346699874], [-6.334857588118434, 53.26909214863155], [-6.3342572685515055, 53.26933836759933], [-6.333538620978641, 53.26935887832781], [-6.332650734932433, 53.26937557939269], [-6.331704420428132, 53.26932423176132], [-6.330945418022553, 53.26900642290048], [-6.330625802648336, 53.26868308072748], [-6.329980265805376, 53.268265119577165], [-6.329266876886731, 53.26806243591459], [-6.3286256474340625, 53.26792124376929], [-6.328225060880159, 53.267531781920944], [-6.3278572241644975, 53.26696546047383], [-6.327632356936177, 53.267398814242945], [-6.3274990674721305, 53.26790579973503], [-6.327093590868557, 53.2685757675728], [-6.326771773203299, 53.26898699843718], [-6.326443284233098, 53.269505531916685], [-6.326872453297123, 53.27002427740977], [-6.327288736479995, 53.270369836690456], [-6.327646276668079, 53.27068104797463], [-6.3280362594660815, 53.27100700289191], [-6.328403366147487, 53.27132364845206], [-6.328863417082607, 53.27170477603705], [-6.329233305496527, 53.27202649076584], [-6.329557598235265, 53.2723475652964], [-6.330037698243864, 53.27287465163805], [-6.3304490741105175, 53.273318899952514], [-6.330756293578475, 53.273675590810996], [-6.330994780225004, 53.27414617479438], [-6.331024341896024, 53.27462192151916], [-6.331019164824839, 53.2749927505839], [-6.331230396526415, 53.275531524602705], [-6.331168886487058, 53.27609137445814], [-6.331125673163624, 53.27661957588074], [-6.3311370050082605, 53.27721729295334], [-6.331163716656814, 53.27764249147788], [-6.331220758205955, 53.27805418443846], [-6.3313406647909245, 53.27874724758185], [-6.3314101940048975, 53.27916226068846], [-6.33145168987181, 53.279541381926435], [-6.331386756498658, 53.28011915802163], [-6.331232109416752, 53.28058396740219], [-6.330959013705826, 53.28113357489066], [-6.330762747118751, 53.281498312742684], [-6.330511494886971, 53.28196635181176], [-6.33033094419745, 53.282409946932155], [-6.330190572706017, 53.28285068947108], [-6.330125068759352, 53.28322687417409], [-6.329685549181732, 53.28408186848908], [-6.3293644719387565, 53.28504537875245], [-6.328782630947692, 53.285746311951016], [-6.3281851984654836, 53.28667179313726], [-6.328957297413336, 53.286411205725585], [-6.32957002663761, 53.28634843495061], [-6.330228490580385, 53.28647665013123], [-6.3309437435994695, 53.286680699706885], [-6.331620279722326, 53.286919882192464], [-6.3317684308283635, 53.28788870613071], [-6.331468881386003, 53.288351128103514], [-6.330941160834543, 53.28855520907363], [-6.3297344257970245, 53.28872874615036], [-6.329135203910918, 53.28887241213617], [-6.328522183334981, 53.2890367319172], [-6.327875720493014, 53.28919572642695], [-6.325334368015158, 53.28971114756048], [-6.324571881387406, 53.29009380303987], [-6.323363726538347, 53.29036494674691], [-6.3223740043707375, 53.29074043790585], [-6.321215470936516, 53.29119955123337], [-6.320585866905678, 53.291450682843234], [-6.319898495100466, 53.291827626520316], [-6.319109847871718, 53.29205520930912], [-6.318207322855932, 53.2925078373822], [-6.31734702050433, 53.29292124140884], [-6.3165034181913775, 53.29327133570451], [-6.315344880619351, 53.29364231810161], [-6.314410155745211, 53.293547412460434], [-6.313913589940587, 53.29328039118939], [-6.313394041969171, 53.29290609506738], [-6.312962362917327, 53.29261895764212], [-6.312231425196577, 53.292319763479945], [-6.3114868399097395, 53.29228836967455], [-6.311379884249445, 53.291747802683], [-6.311283234232411, 53.2912972535002], [-6.311207390292303, 53.29094019618811], [-6.311116515019843, 53.290493862707834], [-6.311071481134938, 53.28961310818311], [-6.311034900763698, 53.28918902313554], [-6.311049319767393, 53.28859786952548]]]}}, {"type": "Feature", "id": "D17", "properties": {"district": "D17"}, "geometry": {"type": "Polygon", "coordinates": [[[-6.163074302377925, 53.40647787476648], [-6.163220955922849, 53.406019355613466], [-6.1633254846063465, 53.40545314994349], [-6.1628390674368525, 53.40354971386208], [-6.1624955135146005, 53.402240285120996], [-6.162179477030679, 53.401058268623686], [-6.162051049415327, 53.40060522063315], [-6.16181753773308, 53.39980220796665], [-6.161728022139442, 53.39938453948786], [-6.161648883840342, 53.39887005823551], [-6.161647469667518, 53.39847720339119], [-6.16176997271309, 53.397962952028884], [-6.161871901012434, 53.39758355201972], [-6.162072007052061, 53.39715039225551], [-6.162226751921091, 53.39678843173279], [-6.162456946501719, 53.396215173897204], [-6.161405341087068, 53.396120249225476], [-6.160690520580369, 53.39623298925767], [-6.15998515440583, 53.39621852126589], [-6.159639676396359, 53.39661177943773], [-6.1589974162442935, 53.396451067362634], [-6.157439256041984, 53.396123071592484], [-6.156641096642342, 53.39595742322418], [-6.15605807089875, 53.39583257055982], [-6.155196098497791, 53.39565451263058], [-6.154611731556555, 53.3959963411653], [-6.152974407227813, 53.39566769169515], [-6.152446050592671, 53.39542054167472], [-6.151835073709649, 53.39525721932879], [-6.152084436595105, 53.39491138581121], [-6.152393640498683, 53.39453807844054], [-6.152747846536668, 53.394142010077545], [-6.153070158271659, 53.393792180931214], [-6.153403014538089, 53.39345644437263], [-6.153737623436157, 53.39314311233977], [-6.154194675994042, 53.392748181465784], [-6.1545876803774044, 53.39243763760727], [-6.155085454942519, 53.39206696963003], [-6.155762108191808, 53.39157108530868], [-6.156268664077062, 53.39120045832057], [-6.1570342300867535, 53.39064060306808], [-6.1574207164962536, 53.390325006394285], [-6.158048603915802, 53.390460251699984], [-6.158872690907941, 53.39064345716969], [-6.159507523992507, 53.3907558843406], [-6.160197010983055, 53.390823046012926], [-6.16092484438891, 53.39080038270265], [-6.164169251764189, 53.39090767616655], [-6.165656440774375, 53.39096829166249], [-6.166954558834597, 53.39099965190086], [-6.167686906401521, 53.391125845708814], [-6.167532698172724, 53.391759685999], [-6.167485718796014, 53.392004586401754], [-6.168668389965276, 53.392068576149434], [-6.169801455349809, 53.392129906074715], [-6.170597733228471, 53.39216548211008], [-6.171751017445397, 53.39207926312169], [-6.172710102623846, 53.39196732189539], [-6.173636223724332, 53.39190402877203], [-6.174671700108851, 53.391985747773525], [-6.175741294491218, 53.392200451323625], [-6.176626868959576, 53.39244163214823], [-6.178243898001652, 53.3930143696083], [-6.17873623979252, 53.39244103886932], [-6.178713714990484, 53.391153901659315], [-6.179734812652563, 53.391043569592576], [-6.183318403866337, 53.39078991417907], [-6.184095851297041, 53.390731556442766], [-6.184982556175545, 53.39067269847696], [-6.18590842734088, 53.390608318005626], [-6.1870394135360005, 53.39052565701521], [-6.187983654268201, 53.390457764912], [-6.188732298243749, 53.39040289407362], [-6.18941910215749, 53.39035597768829], [-6.190319632814244, 53.39029234694764], [-6.191185135385901, 53.390221348213196], [-6.192129871668743, 53.39013851210138], [-6.192852307588107, 53.3899966714697], [-6.193520431400803, 53.39044608266608], [-6.193987607846383, 53.39068097976562], [-6.194546567098003, 53.390956358013845], [-6.195209604526046, 53.391283546192795], [-6.19593812533625, 53.390748947499446], [-6.196349181237109, 53.39043485632863], [-6.197041808826244, 53.389886317571836], [-6.197567981394077, 53.38942387486131], [-6.198367520047, 53.389763082986356], [-6.198945428074577, 53.38992485859089], [-6.1998431462649926, 53.39018869767396], [-6.200764697515161, 53.390540334831705], [-6.201634523761518, 53.39088102974409], [-6.202274381312622, 53.391082816905914], [-6.202866754244042, 53.39125225054768], [-6.203549066268845, 53.39144433481325], [-6.204496217983609, 53.39171939757798], [-6.205266407050565, 53.391939216398185], [-6.207178431522043, 53.392602991413966], [-6.208928154879771, 53.39320579296859], [-6.209873547101932, 53.39353336117053], [-6.210576419856712, 53.39377783886611], [-6.2112944183498655, 53.394031436385276], [-6.21208955021086, 53.394335434911206], [-6.213004196859773, 53.39471428352706], [-6.213992872420708, 53.395129103172216], [-6.21444156650757, 53.394636578838416], [-6.214575915074793, 53.39407563133955], [-6.2146469720370705, 53.39364908391307], [-6.214733559229321, 53.393088500132414], [-6.214828758594405, 53.392523551487436], [-6.214896977497356, 53.392120238216606], [-6.214969747660502, 53.39168814408178], [-6.2150519680721406, 53.391249450837215], [-6.215134417903115, 53.39076375793246], [-6.21618257175664, 53.3909999755196], [-6.21676583296653, 53.39085483169742], [-6.2173338050794635, 53.390977454647135], [-6.218022503189255, 53.39116352972742], [-6.218611621658756, 53.391320343988006], [-6.219183141079086, 53.39148596974855], [-6.219485849609227, 53.391811778332894], [-6.220097357181223, 53.39199102765473], [-6.220690141769267, 53.392155525289844], [-6.221332804342466, 53.39225398858291], [-6.222243519407758, 53.39239787263328], [-6.222962030408751, 53.39239626130996], [-6.223590350296241, 53.39247310932739], [-6.224194436871723, 53.39250663472105], [-6.224849105815165, 53.39253443868632], [-6.225579665826329, 53.39264560011685], [-6.226140958902656, 53.39285840257728], [-6.226757620813764, 53.39295348425174], [-6.227484401711116, 53.393054422276066], [-6.2281153700054475, 53.393136588105875], [-6.228725498498018, 53.39325780508433], [-6.229311532769727, 53.39336509080751], [-6.229699050008651, 53.392970461427396], [-6.230613828784647, 53.39318776672685], [-6.231168686453136, 53.39347576234695], [-6.231636332103076, 53.39375590246054], [-6.232196734982358, 53.393967314836246], [-6.23294418118338, 53.39410591209712], [-6.233615183941771, 53.39421308650202], [-6.2342763095105775, 53.39387012381692], [-6.235029341389617, 53.39391882915295], [-6.235709628982957, 53.39381663839682], [-6.236311685356388, 53.39363608798655], [-6.236957055692778, 53.393451501128396], [-6.237639492032613, 53.39369605571117], [-6.2384229924317625, 53.3933014037883], [-6.238670215213352, 53.39289694594218], [-6.239471775228527, 53.392664951688715], [-6.240096442752696, 53.392545648833696], [-6.240717457520547, 53.39242763695515], [-6.241398965723202, 53.392297931290884], [-6.241253570955526, 53.3927596156734], [-6.241045725443842, 53.393346379321386], [-6.240820951684589, 53.3939044936618], [-6.240503026100846, 53.39455622845715], [-6.2402519654320585, 53.39502381303228], [-6.239908753926914, 53.39558772842111], [-6.239332930682525, 53.39641800570316], [-6.239037408777057, 53.39681752819381], [-6.238645168262282, 53.39732472661875], [-6.238042390040726, 53.397152622500656], [-6.236903871779692, 53.39716987011186], [-6.2369351814256335, 53.39801413639829], [-6.236661529316698, 53.39837281504019], [-6.236201612757787, 53.39897399988403], [-6.235857812146197, 53.399418186281345], [-6.235526888076948, 53.399847733272246], [-6.234905901654041, 53.4005491651264], [-6.234542246868253, 53.40090012703085], [-6.233941764182925, 53.40148008135081], [-6.233615389649589, 53.40179896875339], [-6.233088933972757, 53.40229194033021], [-6.232482321089303, 53.40284528459599], [-6.2319687021050365, 53.40263043357522], [-6.231434865570651, 53.40234697835552], [-6.230878763647143, 53.402136975202126], [-6.230322160849049, 53.4018674670153], [-6.229747781174966, 53.401664826571], [-6.229118327335513, 53.40146846602956], [-6.228330741854236, 53.401212596581075], [-6.2281724096712425, 53.40076987533598], [-6.227582586095066, 53.40068274963745], [-6.226801065448796, 53.400433700342425], [-6.226328288776525, 53.400180516951814], [-6.2257526478749465, 53.39999725048187], [-6.2252887949461, 53.3997444651565], [-6.224664498220321, 53.39946116164674], [-6.223986476107298, 53.39920248902665], [-6.2233594829500465, 53.39922533129805], [-6.22253110129024, 53.399039544711755], [-6.221711181748179, 53.39882350176454], [-6.2208425323744585, 53.39864905629263], [-6.220307825601185, 53.398217069197244], [-6.2197300482555296, 53.39797334758893], [-6.218884522777723, 53.397824846057354], [-6.218280238460005, 53.39765190019248], [-6.217583751676071, 53.39754282117311], [-6.216736270905173, 53.39738807394617], [-6.21595719013562, 53.397338504590095], [-6.215264031045372, 53.39730720083245], [-6.214974348043607, 53.397771999482146], [-6.214768785800271, 53.398238684865525], [-6.214916543869749, 53.39874678345798], [-6.215381891205552, 53.39938877689039], [-6.215684346371387, 53.399836816396935], [-6.2159374743630575, 53.40029013913706], [-6.216303430226365, 53.40094295529925], [-6.216559203688666, 53.401416357494675], [-6.216627648465756, 53.40187329963848], [-6.216223091547136, 53.40249536773368], [-6.215733085335179, 53.40284438492663], [-6.21502419600094, 53.40275712474904], [-6.214167643476422, 53.40276929599393], [-6.21345306475133, 53.40280308849099], [-6.212531436859654, 53.40288230685249], [-6.211927060219607, 53.40296474354471], [-6.211197271511387, 53.40308007805107], [-6.210184566297236, 53.40320725294185], [-6.209389238629945, 53.40326749077366], [-6.208709226847446, 53.403192669108385], [-6.207983095006147, 53.40305549900532], [-6.207409981356101, 53.40286319462466], [-6.206888529343494, 53.40262816561375], [-6.206257554280111, 53.40244648991625], [-6.205321477355875, 53.40233553614941], [-6.205332958702431, 53.402271989609396], [-6.2053358872169655, 53.402249565667745], [-6.205336781287599, 53.402222437795615], [-6.205336595089072, 53.40217678006682], [-6.205337168897565, 53.4020865572989], [-6.203986772713364, 53.40188335485048], [-6.203287350343844, 53.4017342453602], [-6.202544769954851, 53.40152930039556], [-6.201826478716683, 53.40130440563794], [-6.20105332851304, 53.40106007613637], [-6.2003052134951195, 53.40080461544982], [-6.199753283545774, 53.40059677574851], [-6.199155218206592, 53.40037143126798], [-6.196053045836527, 53.39905010717433], [-6.195149118260983, 53.39872404551194], [-6.194398589855674, 53.3985390603004], [-6.1934610703348305, 53.398365349943646], [-6.192320324658124, 53.398249487512366], [-6.191104301653985, 53.3982097632703], [-6.19049237175744, 53.398181434038655], [-6.189668366407984, 53.39812121573226], [-6.1888496307953815, 53.39801874188448], [-6.187868271997476, 53.39783560444442], [-6.186534965223616, 53.39762050936946], [-6.18605177078136, 53.39821306347402], [-6.18547015975368, 53.398830272224686], [-6.185071766000367, 53.3991868489887], [-6.184601535727679, 53.39962258768405], [-6.184078107239664, 53.399993885608374], [-6.183574335222359, 53.400308231818975], [-6.182934813750321, 53.40069384503035], [-6.182434394362646, 53.4009757037964], [-6.181774338003671, 53.401365401906226], [-6.181229779534764, 53.40170760652897], [-6.180666688132413, 53.40206246780994], [-6.180217374963604, 53.402392818626126], [-6.179801856555696, 53.40273905133364], [-6.179462654518431, 53.40309004161916], [-6.179096346801962, 53.403607959585244], [-6.17882795045769, 53.40393001098345], [-6.1784987364627195, 53.40438063958168], [-6.17830826051347, 53.40481792686672], [-6.1781819594700975, 53.40517854378452], [-6.177976122928094, 53.4056297060163], [-6.177745876543391, 53.406077259821785], [-6.177640179491887, 53.40656500045706], [-6.17770120895601, 53.40698851151894], [-6.17712143603829, 53.406788500156], [-6.176466001460617, 53.40675089751705], [-6.175726912637887, 53.40674059210176], [-6.174882768316958, 53.406689581288944], [-6.174102343815323, 53.40662210405084], [-6.1732665016456325, 53.40660032740613], [-6.172654806912709, 53.406665198543315], [-6.171724325684665, 53.40702212208904], [-6.171885542288383, 53.407445193880044], [-6.171214685994966, 53.407726372985984], [-6.170320884804265, 53.407961980888366], [-6.169374757729621, 53.40821996670437], [-6.168209750425264, 53.40850801869001], [-6.16756582410537, 53.408678328822965], [-6.166640399802647, 53.408814744050396], [-6.165858758253397, 53.408999735804805], [-6.165089866243246, 53.409176560346324], [-6.164250041927352, 53.40918278971625], [-6.163574268861625, 53.409147320082866], [-6.163420355472416, 53.408665931950175], [-6.163252265578933, 53.40813651327359], [-6.1630739702468995, 53.40766840997707], [-6.162924616260125, 53.407225376854065], [-6.163074302377925, 53.40647787476648]]]}}, {"type": "Feature", "id": "D18", "properties": {"district": "D18"}, "geometry": {"type": "Polygon", "coordinates": [[[-6.200663519735512, 53.27359021789843], [-6.200917822843234, 53.27299981154577], [-6.199198047195537, 53.27305319890027], [-6.197853532786091, 53.273227544052205], [-6.19677439227996, 53.2734923478218], [-6.195302833604916, 53.27382579608798], [-6.19413285758422, 53.27409450327887], [-6.192109946389063, 53.27339508555232], [-6.191158360762746, 53.273039576626864], [-6.190543581311294, 53.27278443996213], [-6.189869216072908, 53.272485255675754], [-6.189336903868128, 53.27221896247238], [-6.188643949503109, 53.27185684658364], [-6.187797996281222, 53.27130905752897], [-6.186976610374523, 53.27065459609825], [-6.186623347613537, 53.27032181097881], [-6.186147312602223, 53.2697758626397], [-6.185885453217463, 53.26940177606398], [-6.185643176858126, 53.26893325977407], [-6.185500121582377, 53.268553880710826], [-6.185335542407605, 53.268020129644], [-6.185217910692335, 53.26755440880442], [-6.18510378815985, 53.26719560146904], [-6.184988612944104, 53.266779977563885], [-6.184801387480385, 53.266104059381135], [-6.184577682343991, 53.265195080895346], [-6.1838515039654744, 53.26241229971575], [-6.183605871922315, 53.26184064160199], [-6.183293499108581, 53.26121925371822], [-6.1828492467381215, 53.260513079977876], [-6.182576629246889, 53.26014978563766], [-6.182327207438765, 53.25981677251679], [-6.181995841503356, 53.25947774544817], [-6.181558525975548, 53.25905468612824], [-6.181197586101326, 53.25870792563466], [-6.180758543616547, 53.25832590938504], [-6.180175126938407, 53.25785963164539], [-6.1794578272926515, 53.2573300114485], [-6.178868056108971, 53.25697318670491], [-6.177696282974927, 53.25634493771245], [-6.176314769736233, 53.255725869975265], [-6.174766230197724, 53.25520156164464], [-6.173909351440577, 53.254927708532676], [-6.1722680840203035, 53.25451554751505], [-6.172043536258372, 53.255088557608005], [-6.171986850890576, 53.255551080405716], [-6.171959853968338, 53.25591160178767], [-6.171724255862171, 53.25630586133789], [-6.171266909058313, 53.25665366790116], [-6.170773338118908, 53.25720996451726], [-6.170417747443336, 53.25764938390873], [-6.169985591659185, 53.257916146211954], [-6.169286707369659, 53.25774246958664], [-6.1682994087288945, 53.257517711262395], [-6.167681905473622, 53.25735480265789], [-6.166754908678873, 53.256974846680734], [-6.166179794670834, 53.25674310932876], [-6.164812718608697, 53.25633596352774], [-6.162335807086602, 53.25555462090422], [-6.16149636367545, 53.25531105488073], [-6.160818256624147, 53.25511005705385], [-6.160057852240311, 53.25487417157511], [-6.1587315389912485, 53.25494499825148], [-6.157614498166352, 53.254998105086806], [-6.156755352155326, 53.25491175095638], [-6.155160337381521, 53.25469797251757], [-6.154532758214208, 53.25459029174409], [-6.153776602516507, 53.25469002362791], [-6.153847839383671, 53.255096461953585], [-6.153738461987076, 53.25581637092636], [-6.153642730472629, 53.256276843355096], [-6.153393774313412, 53.257206603502155], [-6.152639164946214, 53.25821840016698], [-6.152374793073052, 53.25899459307163], [-6.152122577421133, 53.25937974967049], [-6.151575099605444, 53.25995553408322], [-6.151116378427813, 53.260530985446124], [-6.1505909487010415, 53.260901743991575], [-6.150129542090827, 53.26116375716749], [-6.149354335239001, 53.26182182670193], [-6.14848009249155, 53.26127816683737], [-6.147723012271827, 53.26078997662254], [-6.146821318656589, 53.25977870894483], [-6.146588348888585, 53.25937757015431], [-6.1463946425635285, 53.258977580820975], [-6.146187274213381, 53.258482021527854], [-6.1459289948981, 53.257754781558404], [-6.145772459072361, 53.25706453468382], [-6.145615339969638, 53.25633931714263], [-6.145494863823945, 53.25580142928587], [-6.1453089241871925, 53.25530539265557], [-6.144555835063254, 53.25427430941234], [-6.143931704279031, 53.25354262546392], [-6.1435204914636365, 53.25307192646185], [-6.143032129026392, 53.25253073020847], [-6.142745839551067, 53.25212389878456], [-6.142424627211814, 53.251701692860244], [-6.14209790282185, 53.251204354541365], [-6.141655692105547, 53.25060581261981], [-6.140767880707588, 53.25002053893035], [-6.139553864736864, 53.24909556137205], [-6.138979237051273, 53.24870749564176], [-6.138376137411613, 53.24826101287139], [-6.137586504802086, 53.24759123810765], [-6.137103190016035, 53.24730668816893], [-6.135948528905607, 53.24636732161766], [-6.136757487401155, 53.246068197775486], [-6.136446739061505, 53.24560946924432], [-6.13584791502756, 53.245643152317086], [-6.134887929825126, 53.245405868522404], [-6.134255052210463, 53.24529071667623], [-6.13432992996548, 53.24491890759315], [-6.135083350724886, 53.24460077078711], [-6.135208907377485, 53.24423694437106], [-6.134571298114249, 53.24400371404258], [-6.134024033275418, 53.24381287816497], [-6.133566575498972, 53.24339570304466], [-6.1331234920441355, 53.243000501078505], [-6.1329305351768175, 53.24252536362861], [-6.132688172409424, 53.242086749699425], [-6.132493521095484, 53.24169894349424], [-6.130197446175626, 53.24224909907299], [-6.129693539660791, 53.241832887306416], [-6.129307131108752, 53.24153041276583], [-6.128864711270667, 53.24074757311642], [-6.128511371059984, 53.23997655639512], [-6.128222097592345, 53.23920151194299], [-6.128020289723959, 53.238755256425705], [-6.12767116675438, 53.238264713825224], [-6.127261379477363, 53.237528216597696], [-6.126980995299916, 53.23705969314309], [-6.126712489463117, 53.2362543233644], [-6.126530222716885, 53.23586481385942], [-6.126138755482649, 53.23548190016248], [-6.1257100823787605, 53.235198520912085], [-6.125301431124181, 53.23483312931075], [-6.124922116266531, 53.23442703504523], [-6.124307330588596, 53.233665190730655], [-6.123746196037928, 53.233103531550626], [-6.123851846543001, 53.23253529553889], [-6.123896230376541, 53.23212499431758], [-6.123969258963112, 53.23128005731557], [-6.1240226715722565, 53.23075081324542], [-6.124104953227517, 53.23022238319789], [-6.124153584797135, 53.22947754245473], [-6.124204156500597, 53.228934053139746], [-6.124308782701294, 53.22836058757504], [-6.124426525335322, 53.22792214155698], [-6.124582305366945, 53.22751206573403], [-6.124708149944159, 53.22688815415487], [-6.124951071214645, 53.226338075452134], [-6.125102671503857, 53.225972511365406], [-6.1251212678365645, 53.225470669830926], [-6.124992428274943, 53.22492264855133], [-6.12469220713513, 53.22433669808794], [-6.1242536681041235, 53.223852285228126], [-6.1233240989910005, 53.22309590205013], [-6.122497935757407, 53.22246094521801], [-6.121977607579759, 53.22204587662271], [-6.121500489019269, 53.221577831338664], [-6.121200374206474, 53.2212054173444], [-6.120855217000285, 53.22085485077829], [-6.120620208210376, 53.220383520568966], [-6.120446548946076, 53.21989608148042], [-6.120247785393346, 53.219463070053315], [-6.119963769837727, 53.218940814396355], [-6.119784238398855, 53.21856796277819], [-6.119726425645086, 53.21812863685384], [-6.119684295152599, 53.21738496982708], [-6.119657862346386, 53.216860847110794], [-6.119559069663852, 53.21636479164498], [-6.11951978720905, 53.215978964367466], [-6.119492795685026, 53.21513226882647], [-6.119521338448497, 53.214655569393656], [-6.1193555372267046, 53.214124842137025], [-6.118794705859802, 53.21310982738979], [-6.118088358872792, 53.2118207263895], [-6.117752579778625, 53.21122475721571], [-6.117232942675131, 53.21069104081205], [-6.1182480042767615, 53.21059293935365], [-6.119150790381641, 53.21042232417105], [-6.119211249653099, 53.21000904149296], [-6.118942589888217, 53.20956629504064], [-6.11908860421894, 53.20907716020712], [-6.119191849069487, 53.208690527216355], [-6.119412603383683, 53.20828202234648], [-6.120156798215462, 53.20788034162795], [-6.120760422658916, 53.20773653898973], [-6.121439458451224, 53.207576307093206], [-6.122071338630796, 53.20742988773929], [-6.122715556142703, 53.20726945914671], [-6.1233470944246005, 53.207277524085335], [-6.124176999400909, 53.20748149339367], [-6.124987123846045, 53.207604257327674], [-6.125601403189235, 53.2077108119701], [-6.126193009289233, 53.20743737179761], [-6.125942577297952, 53.20701416151909], [-6.125583536297248, 53.20640355823281], [-6.125575555167579, 53.205992520833384], [-6.1262407482308046, 53.20592209944481], [-6.125791883749654, 53.20513500557074], [-6.1254555866143745, 53.204546779057694], [-6.125175988194526, 53.20405695920493], [-6.125725590758856, 53.20386509664278], [-6.126606398383618, 53.20373587229634], [-6.127196612536919, 53.20403635191769], [-6.127808949794299, 53.20434778163697], [-6.128666567651989, 53.20378479685454], [-6.1288084095634145, 53.20333737722863], [-6.12900897068449, 53.202873893369954], [-6.129269319832991, 53.20238959836826], [-6.128818411075707, 53.20206255737909], [-6.128577262519594, 53.20171535323717], [-6.1286918234106365, 53.201279098944944], [-6.128785518145764, 53.20084287619429], [-6.129305477646216, 53.20063021974989], [-6.12991244402008, 53.20045478771231], [-6.130515341444225, 53.200293309353334], [-6.13112597551442, 53.20018937995974], [-6.131842474748703, 53.20014894259447], [-6.132214713144375, 53.19984399074811], [-6.132268530158926, 53.199336048329606], [-6.131697082488893, 53.19912126977552], [-6.131954630965852, 53.19879375820776], [-6.132791103454913, 53.19863943712242], [-6.133499190534728, 53.19887711326962], [-6.134064687874672, 53.199027259167444], [-6.134740885429106, 53.19906157877254], [-6.135403859516011, 53.19908490241948], [-6.136038351218286, 53.19909043059393], [-6.1366815117263664, 53.19910669634216], [-6.137471395352605, 53.19951684146475], [-6.138097306673582, 53.19975742895547], [-6.138631573771564, 53.1999395098095], [-6.139046502782161, 53.20028617319814], [-6.139513981790734, 53.20058826882188], [-6.140169044292359, 53.20083190696984], [-6.140653642555308, 53.20109247318971], [-6.141117018000015, 53.2014014186995], [-6.14168947577578, 53.20159747308556], [-6.142722553898398, 53.20169294787783], [-6.143478939632491, 53.20186094448755], [-6.144257512864832, 53.20213839082844], [-6.144981632561448, 53.20229347221501], [-6.1454280702049715, 53.20258685794644], [-6.145992670689139, 53.2027884311716], [-6.146462857968966, 53.203063848024996], [-6.146912551988953, 53.20332510329856], [-6.147556255344626, 53.20341330851073], [-6.148180386053228, 53.20333996937891], [-6.148799979443476, 53.20329450772331], [-6.149383878503915, 53.20312050563715], [-6.149998291053602, 53.20309203360254], [-6.150613237777023, 53.20312279458805], [-6.150936590262237, 53.20345172604205], [-6.151591119990079, 53.2034349232529], [-6.15221066281399, 53.20334180913254], [-6.152868623543378, 53.20326528544636], [-6.153481886271106, 53.20315445177707], [-6.154202861059168, 53.203073684919055], [-6.154822749844756, 53.20286309556341], [-6.155474232333634, 53.202825013711326], [-6.156074121289601, 53.20264583415127], [-6.1567365712696835, 53.202697251289784], [-6.157351176674511, 53.20253168452089], [-6.1579648374852365, 53.2023966576031], [-6.158579278538465, 53.20239591330713], [-6.159222939267473, 53.20247956097294], [-6.159920729939122, 53.20255613242358], [-6.160527945817769, 53.20265781411058], [-6.16116451930628, 53.20253238178972], [-6.162148889112967, 53.202806865787785], [-6.162608193716895, 53.203079353994596], [-6.163114477742488, 53.20335328394415], [-6.163670874571631, 53.203517887207354], [-6.163995322586667, 53.203852461509285], [-6.164356065971601, 53.20416117096775], [-6.164730757039786, 53.204455624300564], [-6.165150204948679, 53.20477754871666], [-6.165555025524082, 53.20508944991472], [-6.165835222622933, 53.20544032378879], [-6.166068727746762, 53.20580054403542], [-6.166402379889216, 53.20611700848757], [-6.166906253748956, 53.20639672656254], [-6.1670296540885285, 53.20678275195522], [-6.167349263825516, 53.20721448701907], [-6.1677295971413635, 53.20754272043688], [-6.168112309093526, 53.20784717226944], [-6.1686538475771755, 53.20814480783148], [-6.169124202233465, 53.20839497115114], [-6.169755323572704, 53.2083872350042], [-6.170373638917138, 53.20857567578218], [-6.171039741581257, 53.20855256227284], [-6.17161233823274, 53.20873912614913], [-6.172301261972838, 53.208847034160144], [-6.172781303563548, 53.2091255522077], [-6.173351927691145, 53.20932690671509], [-6.173519168405728, 53.209708474207225], [-6.173647351809379, 53.21020133690253], [-6.173925941048673, 53.21072292858186], [-6.174207094984568, 53.211103095652305], [-6.1742045169730915, 53.211523670927036], [-6.174208387534249, 53.2119087545416], [-6.174701593729921, 53.21218656744422], [-6.174808300494555, 53.21256064429696], [-6.1750335074863925, 53.212956039496966], [-6.175492381207816, 53.21339995103004], [-6.175817721278689, 53.21374645851816], [-6.176270993250156, 53.21412206605928], [-6.176652242868592, 53.21456253751379], [-6.1770417690259585, 53.21497113887763], [-6.17746649627011, 53.21537973823627], [-6.17792601794877, 53.215774668010084], [-6.178359196171098, 53.216176562806616], [-6.178782867926573, 53.216569862370726], [-6.178974356560181, 53.2169434336339], [-6.179230808564791, 53.21738387577126], [-6.179497415650916, 53.217800475921365], [-6.179763232500036, 53.21821544559207], [-6.180221185277292, 53.21853790295412], [-6.180573104687127, 53.21884768442489], [-6.180883570900149, 53.21920320715447], [-6.1810172821603935, 53.21958865466566], [-6.181359266277931, 53.22003120669246], [-6.181783355863492, 53.220427826655374], [-6.182315429480883, 53.22086734527255], [-6.183443199343341, 53.22055353975453], [-6.184164124912437, 53.22029850210153], [-6.184795988978211, 53.22006412234257], [-6.185413286546247, 53.219811901943125], [-6.1860827866715695, 53.219531174154184], [-6.186793995826857, 53.219198410967735], [-6.1873029943154725, 53.21894543113501], [-6.187852951996609, 53.218772251836164], [-6.1884313049210045, 53.218607950071], [-6.188988078800894, 53.218375462096006], [-6.189578082188994, 53.21817187697051], [-6.190477497249066, 53.217949172737335], [-6.191330023104508, 53.21791286880396], [-6.192035466725874, 53.21775344515953], [-6.192766443386737, 53.21750956311318], [-6.193276687111931, 53.217243275505794], [-6.193724552446694, 53.21696840054274], [-6.194539429084075, 53.21665819423537], [-6.195315314265783, 53.21648498968826], [-6.196283911728963, 53.21640106782258], [-6.197131927403393, 53.216412467562584], [-6.197973021312671, 53.216509317122664], [-6.198592043616945, 53.2165983088737], [-6.199298776387284, 53.2167719370074], [-6.200050530393886, 53.216946960198186], [-6.200848544368451, 53.217043767489095], [-6.201631551455399, 53.2169683230698], [-6.2023202431270095, 53.21709843114699], [-6.2030997594962844, 53.21674943638151], [-6.203891334827359, 53.21677000246909], [-6.204784174204817, 53.2166488295719], [-6.205802660090676, 53.216532059070346], [-6.20648629451668, 53.21634301262037], [-6.207213420254568, 53.2161503028763], [-6.207772094785153, 53.215872010416376], [-6.208164473713926, 53.21542692354766], [-6.208694310798578, 53.21507880998969], [-6.208792575793919, 53.21467414515095], [-6.208918933128625, 53.21424132255898], [-6.208858951356258, 53.21380560812811], [-6.208635692553511, 53.213379661167075], [-6.208784364893637, 53.21286475936813], [-6.208956869916064, 53.21249473384716], [-6.208924661656243, 53.21210365516303], [-6.208550874596299, 53.211802436960745], [-6.208461812562879, 53.21128261161619], [-6.209310585660694, 53.21088572685886], [-6.209859363064406, 53.21069768985057], [-6.210440933346186, 53.21043078388075], [-6.211109444556673, 53.210335133461435], [-6.211595171432552, 53.21064359664655], [-6.212316301254485, 53.210882523114954], [-6.212866321728928, 53.21106468373513], [-6.21356593962621, 53.21112065497392], [-6.214144158266652, 53.21126926001456], [-6.214651253358206, 53.21155457363155], [-6.215437520067897, 53.21144520542216], [-6.216130499467537, 53.21140264963771], [-6.216832639919537, 53.21161807650729], [-6.217384434704777, 53.21179089568206], [-6.217653412192716, 53.21221795930986], [-6.218259792168047, 53.21234027286046], [-6.218949864670219, 53.21238887955], [-6.219600453093217, 53.21233263787522], [-6.220219565296353, 53.21201106278294], [-6.2207299317721985, 53.211792653608505], [-6.221365850678271, 53.211583576682294], [-6.222202830342593, 53.21147761739298], [-6.222843715440181, 53.211515131905536], [-6.22345934273587, 53.211172457594564], [-6.224041056484809, 53.211076248989926], [-6.224488606526783, 53.21080260322305], [-6.224992018683014, 53.210554413813114], [-6.225234543598526, 53.21019241917179], [-6.2256557062002225, 53.209887638920804], [-6.226024108205277, 53.20956274846701], [-6.226479588937603, 53.20926081319137], [-6.226719884867981, 53.208901478622636], [-6.227074358363118, 53.20855768376931], [-6.227246281902845, 53.20802405285413], [-6.227276644054001, 53.20759373738961], [-6.227311052866885, 53.20719098364701], [-6.227449996178658, 53.20679508816941], [-6.227524451170319, 53.20641809508662], [-6.227404309291654, 53.205901147753536], [-6.227315916238104, 53.205494409284356], [-6.227643296622654, 53.2051122825846], [-6.228179608700268, 53.20489045340111], [-6.2296862607562025, 53.20424068713946], [-6.230427284022532, 53.20428728921796], [-6.231115818687012, 53.20420557557822], [-6.231788713418923, 53.20405990494067], [-6.233239446999623, 53.20366297900025], [-6.234261791669777, 53.20338883463362], [-6.234822220841257, 53.20323662640613], [-6.235639282621549, 53.20300670158965], [-6.236273337844263, 53.20283499604405], [-6.236872049097527, 53.20267309948052], [-6.237620503891114, 53.20251107906582], [-6.238224019778657, 53.20239130797521], [-6.23896418360719, 53.20227166702083], [-6.2401827080753725, 53.202299473974065], [-6.241214649329857, 53.20244314721102], [-6.242250367528752, 53.20259423687746], [-6.2435786936218385, 53.20278693069174], [-6.244511078642495, 53.20291742337536], [-6.245703911687204, 53.20307601117321], [-6.246653206327364, 53.20320386008875], [-6.247704082294696, 53.203341374471236], [-6.248829840739471, 53.203498494588985], [-6.2498741198078225, 53.20365584476267], [-6.251701437445955, 53.203916892934025], [-6.253402431771665, 53.204170128858784], [-6.254169691325172, 53.20428248588339], [-6.255231470968695, 53.20445972772001], [-6.2560353858112965, 53.20458474258652], [-6.256815725666115, 53.20470671074649], [-6.257669201976595, 53.20483360822708], [-6.258272782174089, 53.20492467067526], [-6.259169287405269, 53.20508058670242], [-6.259996293144954, 53.20539491687501], [-6.260837732385661, 53.205779913053455], [-6.2614641011475625, 53.20607090170011], [-6.262514101843478, 53.206611176074496], [-6.263325066298818, 53.20701512249792], [-6.263926926714865, 53.20729935952899], [-6.264578546049802, 53.207617302117896], [-6.265214097977422, 53.207926738666586], [-6.265934560384695, 53.208270840970606], [-6.266895480446752, 53.208729701451624], [-6.267433915489909, 53.20898360880874], [-6.26809450166002, 53.20927029625784], [-6.268822245776064, 53.20955741682079], [-6.2685579082985825, 53.210077628077364], [-6.268524629517723, 53.21046189352038], [-6.2683514731609415, 53.21084574324436], [-6.268116067663929, 53.211208555949966], [-6.267790177912778, 53.21174512627522], [-6.267457013672138, 53.212125209741224], [-6.267835146212312, 53.21259212042046], [-6.2680623669067685, 53.212964894946296], [-6.268597348502254, 53.21327527679546], [-6.268893569036424, 53.21361831576024], [-6.2691597226660685, 53.21409159328993], [-6.269544857148937, 53.21445308830467], [-6.269550436990066, 53.21493030829286], [-6.269572151503751, 53.21537181319566], [-6.2695577577127715, 53.21586051640003], [-6.269609041994678, 53.21627000641804], [-6.269663976946399, 53.216812562291004], [-6.269226142667189, 53.21720613898716], [-6.268994087107214, 53.217604591853785], [-6.268585739559954, 53.217946468045916], [-6.268280897685774, 53.218263245011336], [-6.268123921509882, 53.21864616101583], [-6.267798989718297, 53.21903822835596], [-6.267499510995139, 53.21945430175125], [-6.267212476542488, 53.21993517450541], [-6.267164899116225, 53.22044056042021], [-6.267361308177026, 53.22082178489125], [-6.267551454858767, 53.22128784841055], [-6.267447023055503, 53.221742347928405], [-6.26742514081105, 53.22213747319297], [-6.267509489292141, 53.222507720579834], [-6.267686450282849, 53.222863137402875], [-6.26719745123635, 53.22315458544734], [-6.267423180312414, 53.223605258896775], [-6.267370733455922, 53.22415470168737], [-6.267215070694754, 53.22456549622268], [-6.266902991875251, 53.22497743034444], [-6.266753575765134, 53.2253312454819], [-6.266805078178029, 53.22572573051271], [-6.266251058004497, 53.22598693006418], [-6.265707011978816, 53.22620899755647], [-6.265299583452752, 53.22647655072496], [-6.264556442380966, 53.226697960677996], [-6.263979398650573, 53.22679488513217], [-6.263275802526455, 53.22683244295673], [-6.262815653603632, 53.22708367105795], [-6.263652436744656, 53.227210188963845], [-6.263851806893758, 53.22774712287707], [-6.263825170883951, 53.22813975148783], [-6.263805517146364, 53.2285948540238], [-6.263985448399167, 53.22895607123723], [-6.2643379810619475, 53.22938972438308], [-6.2644507157748155, 53.2298060428624], [-6.264647412622264, 53.2302324816774], [-6.264890596888749, 53.23086873264651], [-6.265036060248628, 53.231300715672276], [-6.265368445078289, 53.231649860624835], [-6.26590548510734, 53.23194509366995], [-6.266257469916452, 53.232463663040306], [-6.2665712029016625, 53.232898811481995], [-6.267246510582728, 53.23322139417558], [-6.2675152705732335, 53.23375798204561], [-6.267555950052242, 53.234188347968406], [-6.267835176528787, 53.23468626187892], [-6.267854200132663, 53.235074791286856], [-6.267698931847685, 53.235477952491586], [-6.266500640378655, 53.23562894661687], [-6.265383298046474, 53.23576376173447], [-6.26467650352764, 53.235855385921894], [-6.263826765927634, 53.23609042807069], [-6.263185706393743, 53.236263977248306], [-6.262360546477095, 53.23644697111121], [-6.261591323301605, 53.236566515977685], [-6.260883594059696, 53.23667760667974], [-6.260076230074537, 53.236805212932815], [-6.259244555261193, 53.236932009191484], [-6.258435766353631, 53.23705491014695], [-6.257502143805156, 53.237194134472695], [-6.256912327495818, 53.237288322295136], [-6.256295385013538, 53.23737806592085], [-6.255484183993609, 53.23749605846955], [-6.2539930801675725, 53.237714358796474], [-6.253825572856846, 53.23817493220811], [-6.253615855765983, 53.23871622220516], [-6.253551511935859, 53.23917668952624], [-6.25368493232275, 53.23961704787406], [-6.253979163527533, 53.240171205733866], [-6.254213052211586, 53.24060225076773], [-6.254557555805589, 53.24107517902604], [-6.254854993956722, 53.24152980168485], [-6.255099990868831, 53.24194635811002], [-6.255400392830434, 53.24238915938321], [-6.255670687324723, 53.24272780517925], [-6.256012193894427, 53.24311117109489], [-6.256428460960103, 53.24360096155006], [-6.256732149099154, 53.244079037634414], [-6.257009454696185, 53.244443306775295], [-6.257381534963075, 53.244874658720505], [-6.2578566778809455, 53.24534562260158], [-6.2580866029749815, 53.24578460003093], [-6.258085293548282, 53.24625174240543], [-6.2580440582119445, 53.24672827702175], [-6.2583663717685205, 53.24709562720447], [-6.258336238589534, 53.247517950769904], [-6.258055038504812, 53.24792393220613], [-6.257781729534765, 53.24831501952235], [-6.257517706954173, 53.24874506727625], [-6.257245306814278, 53.24915306284605], [-6.257274409062965, 53.249628828267795], [-6.257431587653891, 53.25001236931086], [-6.257308550066246, 53.2504336035074], [-6.257018424248512, 53.25082129756846], [-6.256722366683319, 53.2512149256661], [-6.256285006937262, 53.251551662779946], [-6.255996942772128, 53.25192167953008], [-6.255724336772668, 53.25228527124208], [-6.255604335883911, 53.25274366578864], [-6.255476127706595, 53.25317893249584], [-6.2553293389636595, 53.25360907386916], [-6.2551946260319795, 53.254043076665425], [-6.25564373982711, 53.2544296356231], [-6.256141890387602, 53.254695671422425], [-6.2564850112391825, 53.25503870518445], [-6.256682915641276, 53.25541798949584], [-6.257145784370734, 53.255649352987824], [-6.257134849289152, 53.25607932618307], [-6.257359074807645, 53.256498538386424], [-6.257215681226804, 53.25688487335085], [-6.256414341285255, 53.257012724762525], [-6.25575329501795, 53.25710397882089], [-6.255146095817511, 53.25719323157513], [-6.254845162199013, 53.257504729391016], [-6.255192082225306, 53.257827600815965], [-6.255666924772965, 53.25807801852842], [-6.255381081980825, 53.25841652076377], [-6.254408103689369, 53.258690855834935], [-6.253383732576841, 53.258976293088544], [-6.252848135649149, 53.25914585186681], [-6.252409124969266, 53.25939905864806], [-6.252477803593915, 53.259791283821386], [-6.252515010225624, 53.26017019558111], [-6.252370374074877, 53.260528016836], [-6.252786632066959, 53.26089675856776], [-6.253066584051952, 53.26124336924133], [-6.2535615148368295, 53.261523208412726], [-6.254067589210657, 53.261766360732885], [-6.2541993312938, 53.26213434401857], [-6.253962535885807, 53.262478684129164], [-6.2537243967540554, 53.262855897658596], [-6.2530349460064345, 53.26318057091858], [-6.252684403925219, 53.26350059311275], [-6.252485860760843, 53.26394318327505], [-6.252371580681612, 53.26447175911758], [-6.252292150363903, 53.26491573601685], [-6.252565684319893, 53.26526261288629], [-6.252909796610369, 53.265628138841784], [-6.252800509659367, 53.266000948166464], [-6.2530073918656255, 53.266378751725235], [-6.253299897200661, 53.26674585664294], [-6.253543764091528, 53.267102182291765], [-6.254360544660279, 53.267346649806996], [-6.254251844046036, 53.2680662890781], [-6.253152390058462, 53.26816207188191], [-6.252431850161843, 53.268155553338104], [-6.25172290157343, 53.26813464102243], [-6.2508536137262, 53.26818596615567], [-6.2495580520374325, 53.26810340530384], [-6.248379254014338, 53.26788971391271], [-6.247495372999921, 53.26763289461259], [-6.246827950170173, 53.26736792890816], [-6.245882334435576, 53.26696162897583], [-6.245242374479157, 53.26674505071546], [-6.244582365705452, 53.26652610659218], [-6.243957513485745, 53.26623685665799], [-6.243123635966779, 53.2658022529443], [-6.24223688909853, 53.265330824336], [-6.240996696457517, 53.2648687324147], [-6.240378537867522, 53.264303291570464], [-6.2399094206117995, 53.26382974213939], [-6.239263976043904, 53.263519851519554], [-6.238562920804829, 53.263339002413886], [-6.237911073577724, 53.263098032440844], [-6.237427012605987, 53.26288353661107], [-6.23662123181415, 53.262475275254054], [-6.235854345735038, 53.26211953090246], [-6.234765942888333, 53.26182669435537], [-6.234337510439507, 53.26219188442017], [-6.23398952167793, 53.26269568149705], [-6.2336346086376455, 53.26320530659224], [-6.232956811394593, 53.26347135006743], [-6.232422171685184, 53.26367426491881], [-6.231591498861073, 53.2637919889402], [-6.230915962816649, 53.263969798758076], [-6.23028781366737, 53.264062748916906], [-6.229646225554474, 53.26400217203034], [-6.228952626044216, 53.26415013409061], [-6.229157733300509, 53.265187715255465], [-6.229165643038121, 53.26706007624737], [-6.229187267218998, 53.26806230640585], [-6.229182929331223, 53.268636802648395], [-6.22859541907959, 53.26953318721268], [-6.228287871857479, 53.269988767706494], [-6.227383197587429, 53.27144025270015], [-6.227086832192668, 53.271899860991255], [-6.2273012682544175, 53.272374166755036], [-6.22860409631613, 53.27313229545932], [-6.229128116375007, 53.27413156485968], [-6.229212889864206, 53.274647259242705], [-6.229471185958862, 53.275293870274396], [-6.229483901699243, 53.275991296242616], [-6.22977682433292, 53.276626197967325], [-6.230101449370442, 53.27700291431232], [-6.230471030685949, 53.27737517434605], [-6.2312342094284965, 53.27799979675979], [-6.231427731701807, 53.27861398606229], [-6.2316539037024175, 53.27910849882832], [-6.231830464209998, 53.27954969934618], [-6.23203672316723, 53.28018825223583], [-6.232364539964192, 53.28076138217333], [-6.2327304751586, 53.281193256369], [-6.23326772805344, 53.28172059751108], [-6.233507230134412, 53.282105748466606], [-6.233818267222293, 53.28268770253646], [-6.234098630618361, 53.28315892694866], [-6.234796639640881, 53.283664016882504], [-6.235431049255227, 53.283801029505355], [-6.236534222399185, 53.28410018518346], [-6.237114081558583, 53.28451696550103], [-6.237587164331045, 53.28491985168532], [-6.236539624610594, 53.285947785948224], [-6.2355714277254926, 53.28544562813334], [-6.234595537272537, 53.28500760759636], [-6.2335292230732415, 53.28462126411991], [-6.231672623525228, 53.28411722973132], [-6.229529313517321, 53.28364449786856], [-6.2275116218467526, 53.28336808072158], [-6.224694064488783, 53.283056981481224], [-6.223917530139022, 53.283001915255596], [-6.223221048069351, 53.282946149864785], [-6.221995455703831, 53.28281014144696], [-6.221254852684987, 53.28270310773971], [-6.22046310091514, 53.2825978222835], [-6.21953453193019, 53.28254980445418], [-6.218899587978342, 53.28234996714485], [-6.218156009267037, 53.28211866460977], [-6.217514807868882, 53.281911985783694], [-6.216970288740162, 53.281741890185806], [-6.216416266868122, 53.281544687858485], [-6.215676180014338, 53.28130146872563], [-6.214950412760395, 53.28105315683992], [-6.214332385752939, 53.280849054526655], [-6.213597248033524, 53.280609311631714], [-6.212862234949023, 53.28036381410546], [-6.212202540000498, 53.28013921382463], [-6.21148072958603, 53.27990370188404], [-6.210744855725127, 53.279673456692684], [-6.209550779321819, 53.27929261743951], [-6.20895826686624, 53.27909471189098], [-6.208383859389391, 53.27890462486399], [-6.207699796215639, 53.2786782849257], [-6.207039487407645, 53.27845778060937], [-6.20639466951797, 53.27824847025985], [-6.205516741699304, 53.27795368243353], [-6.204721855161851, 53.27769015659882], [-6.203918942304499, 53.27742362848688], [-6.20334375857625, 53.277238358300814], [-6.202769005019923, 53.27704590189397], [-6.20151959807119, 53.276619659293814], [-6.200843197867896, 53.27640984194431], [-6.2001342857148085, 53.276214628549916], [-6.199520908724501, 53.27604440094922], [-6.198920701738153, 53.27591103764144], [-6.199252655681666, 53.2752687826286], [-6.199834264161684, 53.27466768498737], [-6.20034825791006, 53.27413917025864], [-6.200663519735512, 53.27359021789843]]]}}, {"type": "Feature", "id": "D2", "properties": {"district": "D2"}, "geometry": {"type": "Polygon", "coordinates": [[[-6.267839446790335, 53.32989574211785], [-6.268835735495461, 53.32983597363496], [-6.268879194917166, 53.33027616849086], [-6.268912834634831, 53.3306622975616], [-6.268947150685162, 53.3311845924925], [-6.268113375489388, 53.33130010609825], [-6.268306853371322, 53.33247179070862], [-6.268558238703434, 53.33399319837761], [-6.268753446573924, 53.33517470277843], [-6.268819283767819, 53.335573072144925], [-6.26892558453787, 53.33621675000083], [-6.2690062449314174, 53.336704756881794], [-6.2690725083663725, 53.33708048444778], [-6.269179426450382, 53.33766018204126], [-6.269263375390114, 53.3381405073419], [-6.269237367751185, 53.33890484989622], [-6.269256244675069, 53.33934989977371], [-6.269566299515153, 53.339721075684444], [-6.269910591852799, 53.34014298572207], [-6.2700642941351665, 53.340662697214434], [-6.270066954504807, 53.341199540355916], [-6.270064440619944, 53.341616419375086], [-6.2699990970061865, 53.34209538726476], [-6.2698669164445215, 53.34252431562794], [-6.269846676768282, 53.34291092026987], [-6.26996683729735, 53.34328347427557], [-6.270152323088891, 53.34371593142133], [-6.269905669832858, 53.34410572302883], [-6.269809382745901, 53.344525915050646], [-6.269922454975553, 53.344899264883196], [-6.270098561664219, 53.3454472509184], [-6.269654903529295, 53.345492851692214], [-6.268713995150041, 53.34558605650146], [-6.267710347181455, 53.34569910318142], [-6.266851443619478, 53.34580408911426], [-6.266074535690824, 53.34590289133112], [-6.265424656128048, 53.34597244012108], [-6.264447171137118, 53.34609959029307], [-6.263615559625012, 53.34622750794965], [-6.262901932283547, 53.3463658556418], [-6.2619462242937, 53.346596655212], [-6.261012593787872, 53.34681734390262], [-6.260014611267845, 53.34705461168433], [-6.259083852897971, 53.34727119317863], [-6.257962821744847, 53.347503053128165], [-6.257156968434723, 53.34765727518586], [-6.256260346917842, 53.34777125044562], [-6.255661502423503, 53.34782145089198], [-6.25493826685841, 53.347854101056924], [-6.2538829194388486, 53.34786301268591], [-6.253115465237197, 53.34785617982567], [-6.252350392874515, 53.34784865794593], [-6.251502859446823, 53.34776766536594], [-6.250453917435302, 53.347650460213664], [-6.249747034771077, 53.34758023552928], [-6.248981839991369, 53.34750330898849], [-6.2477037734981336, 53.34737363886175], [-6.2468954614294985, 53.34728510108704], [-6.245800430965006, 53.347183803811966], [-6.244841840196978, 53.34712027321334], [-6.2433881199907875, 53.34702158413258], [-6.243544172378388, 53.34630211899963], [-6.243649069189645, 53.34580846807565], [-6.243775879503939, 53.34526076702919], [-6.243862682597244, 53.34486364178122], [-6.244082888446334, 53.344445203448345], [-6.244280364129588, 53.343937816190405], [-6.244514573320051, 53.34333813127811], [-6.244648664457174, 53.34295940618157], [-6.244837374658078, 53.34251731592027], [-6.245065809456657, 53.3419492698062], [-6.245223913394626, 53.34155256341811], [-6.245544103669252, 53.34096052227306], [-6.2459472785643175, 53.34053398701955], [-6.246292358364236, 53.34017391053535], [-6.246720065007855, 53.33972562484767], [-6.246886474218059, 53.33903839169461], [-6.2472485804655795, 53.33867937159973], [-6.2477046969877525, 53.3382201760338], [-6.248505235086655, 53.33740663813621], [-6.249476307891106, 53.33641971812063], [-6.2497947415470865, 53.336100941297694], [-6.250507271648283, 53.33538738468194], [-6.250946612817771, 53.33493997374756], [-6.251269654659292, 53.334601848242215], [-6.251736128104066, 53.334138565398966], [-6.2521552856836475, 53.33371170458271], [-6.252468936209541, 53.33340291633836], [-6.252853942351384, 53.33300539027858], [-6.2532791029694454, 53.332573490807704], [-6.253142429537136, 53.332445578119014], [-6.253076718309915, 53.332384041782674], [-6.253005993400491, 53.33231793835836], [-6.252965340839196, 53.332279506678994], [-6.2528866555892835, 53.332205198076664], [-6.252846664568116, 53.33215967614144], [-6.2527948459421445, 53.33210058996258], [-6.252758854341793, 53.33205719364707], [-6.253454363350928, 53.3319057007626], [-6.254598376093451, 53.33166559374327], [-6.255241172809719, 53.33153111376459], [-6.256439670431176, 53.331272194129774], [-6.257079168653289, 53.33113936366101], [-6.258173739174603, 53.33090829608596], [-6.258866601970227, 53.330753947171], [-6.260168231861927, 53.33046674822927], [-6.260782249614235, 53.330326606169926], [-6.26144261433102, 53.330221917111515], [-6.262662981479778, 53.33013284281431], [-6.263572097292933, 53.3301101338345], [-6.264267769209377, 53.33009311916459], [-6.26509334198615, 53.330075653488755], [-6.265966702794884, 53.33002166989705], [-6.266603446230533, 53.32998302436468], [-6.267839446790335, 53.32989574211785]]]}}, {"type": "Feature", "id": "D20", "properties": {"district": "D20"}, "geometry": {"type": "Polygon", "coordinates": [[[-6.368827389042095, 53.36222515970988], [-6.368190168380987, 53.362152907564905], [-6.3673255585358834, 53.3620196639996], [-6.366477383212381, 53.36176792050637], [-6.365707804529929, 53.36147977167088], [-6.365081604812448, 53.36123663058168], [-6.364310735496332, 53.36089210621312], [-6.363746905727355, 53.36061907742977], [-6.363014231733163, 53.360261318196095], [-6.362364562117806, 53.35993641800842], [-6.3618704960761665, 53.35967997521317], [-6.361169704893608, 53.35934457055386], [-6.360800499079065, 53.35893112721051], [-6.360308091505029, 53.358451372593755], [-6.35985395109161, 53.35797555702002], [-6.35949592927609, 53.357552197669804], [-6.359266725229784, 53.357110477900285], [-6.359071434073679, 53.356614942345615], [-6.35922012115024, 53.356179228424374], [-6.359660158883616, 53.355686318936606], [-6.360206978254605, 53.35542566299158], [-6.360879256062148, 53.3552497687064], [-6.361461272139199, 53.355036862519434], [-6.362011762796759, 53.35472520240764], [-6.3623357342231825, 53.354353452555195], [-6.362110021901221, 53.3539657083091], [-6.36146723848691, 53.35387725614973], [-6.360801000411361, 53.35390611867331], [-6.36015048130893, 53.35391919661192], [-6.35941537276134, 53.35390908946997], [-6.358646734128474, 53.353897887376185], [-6.358011635516157, 53.35387719476829], [-6.357234612953043, 53.35384564730641], [-6.356399747780459, 53.35379775025834], [-6.355724973652947, 53.353752233776085], [-6.3546207556021415, 53.35359591220149], [-6.353718403161946, 53.353579598642746], [-6.352726504473811, 53.35372012414084], [-6.352207585076001, 53.35411431958315], [-6.351806155246267, 53.35451669664679], [-6.351161164440792, 53.35486753566219], [-6.350555174325683, 53.354487453765614], [-6.350105478753919, 53.35418583054726], [-6.349490914564187, 53.353790885722624], [-6.348961363632271, 53.353446722838186], [-6.348501724735711, 53.353149718915645], [-6.348011525930292, 53.35282946283301], [-6.347145339338425, 53.35226646765016], [-6.346500375885349, 53.35183900192825], [-6.345075171122298, 53.350908489088226], [-6.343306235943602, 53.349797128693716], [-6.342838742631482, 53.34953854777085], [-6.3422570321927045, 53.349213311329535], [-6.3416689295053805, 53.348890229886045], [-6.341168420294368, 53.34862111774158], [-6.340583196883211, 53.3483072376757], [-6.339812191283254, 53.34788157613724], [-6.339097348015941, 53.34748365273805], [-6.3384066051207135, 53.34710017037868], [-6.337833973404154, 53.34690301440172], [-6.337186391259818, 53.346887698100446], [-6.3365201067620935, 53.346792851353996], [-6.335900819688669, 53.346744400796936], [-6.335036550335073, 53.346685967288344], [-6.33409257671367, 53.34662596504963], [-6.3330750084456975, 53.34656654459439], [-6.33200719501915, 53.346512434216244], [-6.331023255780976, 53.34645472465093], [-6.329597266704081, 53.34639036820922], [-6.32978632134249, 53.345496013192125], [-6.330104578434174, 53.343907056237605], [-6.3302131991616175, 53.3433652167063], [-6.330402955643042, 53.34234127626682], [-6.331177232270586, 53.34251342997027], [-6.332093468319816, 53.34272315262594], [-6.332712739227243, 53.34286562819825], [-6.333343103542132, 53.34301274907835], [-6.334024294395594, 53.34316830539275], [-6.334780533465501, 53.34326379326012], [-6.335417459303203, 53.34330323942539], [-6.336051094722627, 53.343261842308785], [-6.336875835372761, 53.34314087463749], [-6.33746659597866, 53.342985365243386], [-6.338045937335236, 53.3427953631506], [-6.338912870527935, 53.342394751842384], [-6.3394727064389675, 53.34216133322288], [-6.340182712857244, 53.34195795161807], [-6.340932964794485, 53.34184382817802], [-6.341554589645703, 53.34182398368005], [-6.342217026201269, 53.341853503050764], [-6.343207374570331, 53.3420501502534], [-6.343849686214697, 53.342237913173385], [-6.34455952925984, 53.342386617325865], [-6.345296776234696, 53.34246425007083], [-6.345916687870961, 53.34247922890859], [-6.346940176107977, 53.342437967074744], [-6.347766139189542, 53.34238982653056], [-6.348749274009502, 53.34205950500124], [-6.348802845425892, 53.342067346394145], [-6.348840178153618, 53.342072356724266], [-6.34889356561847, 53.34208495868155], [-6.348975118907124, 53.342112239931346], [-6.349077113815822, 53.342158587046065], [-6.349160754297355, 53.34219596258275], [-6.349244522180154, 53.342233249952045], [-6.349269254615235, 53.342243837497016], [-6.349332356561849, 53.34226466206435], [-6.349384538962039, 53.342273202937804], [-6.3489439607955385, 53.342719784489645], [-6.349055673922379, 53.343097979149526], [-6.349261428938027, 53.34358424161271], [-6.3495420999872065, 53.34394922616125], [-6.34993965399366, 53.34430567151923], [-6.350450309261182, 53.34464894079934], [-6.350942809321743, 53.34500390964272], [-6.351238837708522, 53.345388783965504], [-6.351590061267763, 53.34588091703621], [-6.35191905058596, 53.34636204718224], [-6.3522918167205935, 53.34689015430706], [-6.352581452992148, 53.34734827119963], [-6.352803193450055, 53.347784509928125], [-6.352957050926094, 53.34824344690966], [-6.3530231694296155, 53.34867780592595], [-6.3531049211670085, 53.34915650718122], [-6.3531353111636015, 53.34958911460087], [-6.353106667777381, 53.34999142943134], [-6.352959581400106, 53.35050345865569], [-6.3527864305299415, 53.35103597775899], [-6.353583152483501, 53.35126527213718], [-6.354328132027063, 53.35150022815505], [-6.3550243375756414, 53.351721655414906], [-6.355691704914413, 53.35192973970247], [-6.356305698603295, 53.35211821199159], [-6.3568437271617, 53.35229143521153], [-6.357568855511176, 53.352534545129245], [-6.358241692031658, 53.352768572978036], [-6.358889356388568, 53.35295506867625], [-6.35966323597031, 53.353116425103984], [-6.359799322536559, 53.352685749562994], [-6.359883499476135, 53.352297048671424], [-6.359957511114172, 53.35191494824225], [-6.360011924120453, 53.351507684188064], [-6.360074568812923, 53.35101183105134], [-6.360248467708751, 53.35051553002805], [-6.36035201930175, 53.3499865375398], [-6.360462950181754, 53.34943949250805], [-6.360554228163574, 53.348781546609615], [-6.360636259950107, 53.348296654072506], [-6.360727410866645, 53.34772579077905], [-6.360815023734189, 53.34723414459785], [-6.360948386526081, 53.3468381201487], [-6.361754705430168, 53.346751687045995], [-6.362580727261581, 53.34677156621465], [-6.362677528754705, 53.346288402826744], [-6.362756095071795, 53.34589638740829], [-6.363328150830083, 53.34540644475829], [-6.3639474440534745, 53.345558463542], [-6.364647916696514, 53.34566719599954], [-6.365319201041168, 53.34574901252419], [-6.365947474262899, 53.34588352928195], [-6.366555352827966, 53.345942541817486], [-6.367264197171227, 53.345975163282816], [-6.368194493613398, 53.34606320464555], [-6.369052070426723, 53.34624901213129], [-6.36952125714337, 53.34508728981078], [-6.370480439200365, 53.343625442551016], [-6.370125446193589, 53.34321716382181], [-6.370661972356744, 53.343045112209616], [-6.371267902879575, 53.342754747767465], [-6.371808301044349, 53.34244182699789], [-6.372299107842178, 53.342143055732556], [-6.372511921183257, 53.34175511284069], [-6.372567690290031, 53.34135747787224], [-6.372621940279672, 53.340950924954356], [-6.372678847046017, 53.34052661387935], [-6.372165880858599, 53.34020812319475], [-6.372350785378251, 53.339772348006505], [-6.373135056426542, 53.33904763706411], [-6.373666574422352, 53.33858899670645], [-6.374239685205353, 53.3380068097597], [-6.373769578970917, 53.33751276368372], [-6.373172517050848, 53.337309153261494], [-6.372290824591459, 53.337012953634286], [-6.37249419988603, 53.33652422679335], [-6.372776389330677, 53.33605338066492], [-6.373119131767447, 53.33548153647859], [-6.373330649078087, 53.33512979213327], [-6.373559010378005, 53.33475509050033], [-6.3738013771442255, 53.33435065248918], [-6.37458715517357, 53.3342894671055], [-6.375265494342828, 53.33423687855518], [-6.377118543160413, 53.33409368936432], [-6.378257579032184, 53.3340033149389], [-6.379552349890446, 53.33390399155267], [-6.38257226348108, 53.33366997908451], [-6.381564098161311, 53.33271814503122], [-6.380807585545877, 53.332001404963236], [-6.380478603565498, 53.33169407457126], [-6.380102215150802, 53.33134071474128], [-6.3796651492400285, 53.33092892231114], [-6.3790409248595905, 53.33033646121114], [-6.378671822676524, 53.32999074480433], [-6.378219292222202, 53.32955977389826], [-6.377753467826019, 53.3291172068009], [-6.377285412562572, 53.328541239456634], [-6.378211001895519, 53.32846323993506], [-6.383643806659664, 53.32859621783479], [-6.3843361480079475, 53.32862249460167], [-6.385274120251308, 53.32865883349508], [-6.386236294350685, 53.32869693040655], [-6.3871829477288475, 53.328736247586086], [-6.3880278165090205, 53.3287660932268], [-6.388795874957853, 53.32879067131898], [-6.389444955679289, 53.32881516563515], [-6.390149681009673, 53.328838250634746], [-6.39090088956662, 53.328869777345986], [-6.391750058895703, 53.328907203722295], [-6.392811821313702, 53.32893122254885], [-6.393733824089249, 53.32896125830099], [-6.394789769970145, 53.328995156777694], [-6.395755816744487, 53.32902612915048], [-6.397146743819536, 53.32908787841893], [-6.397385825169548, 53.329467558174244], [-6.3978824285914335, 53.32985420195271], [-6.398227604446336, 53.3302147247356], [-6.3987052768715795, 53.33058493404198], [-6.399232587152256, 53.33107470600262], [-6.399512006827349, 53.33149554396924], [-6.399759752923844, 53.33208122770001], [-6.399995313235305, 53.3325857742398], [-6.40029223603303, 53.33302904293191], [-6.400612519056643, 53.333400817745904], [-6.400971487100054, 53.33370516838793], [-6.401245542739772, 53.334101485299634], [-6.4014418760766345, 53.33473518556552], [-6.400921325727168, 53.33508544184336], [-6.400535307829014, 53.3354935790675], [-6.400283428127863, 53.335917264359566], [-6.400095944157, 53.336423415074414], [-6.400082429787906, 53.336890199405396], [-6.400114347055095, 53.33738716039747], [-6.400070219070605, 53.337791793201845], [-6.400008060042346, 53.33819178046082], [-6.40004326861177, 53.338706669686424], [-6.399975126772361, 53.33912086598702], [-6.399876346893332, 53.33953303356017], [-6.399705841031641, 53.34011103778287], [-6.399593971570792, 53.34063446847237], [-6.3993465268803025, 53.34106099716385], [-6.399167349400202, 53.34144368622053], [-6.398868211585973, 53.342195119704655], [-6.398691279446447, 53.342791908851936], [-6.3985294412734675, 53.34345836997417], [-6.398448430913542, 53.3439046558358], [-6.398337301512633, 53.34540857809048], [-6.398221158484076, 53.346008788800596], [-6.398037918629238, 53.34682261822213], [-6.3978757820047605, 53.34741376305157], [-6.397536822327644, 53.34795373296422], [-6.398768842118494, 53.34798537506315], [-6.399890357201563, 53.34801749933917], [-6.400764163799329, 53.348042428029665], [-6.4015111280833406, 53.348074098460934], [-6.402442008325366, 53.34815945332025], [-6.403036199105728, 53.3482322057003], [-6.404115182210289, 53.3483884603526], [-6.404962710094288, 53.34851366104063], [-6.4055529849263975, 53.34859201027246], [-6.404976749927894, 53.34996866387673], [-6.404519825121461, 53.351327228870254], [-6.4042193614530385, 53.352963426254846], [-6.404176520770118, 53.353433591856046], [-6.4037391193947615, 53.35370471904623], [-6.403472741633174, 53.35465656158376], [-6.4037860613514015, 53.35530907575513], [-6.403745223004432, 53.355682388114694], [-6.40366809876754, 53.35611165320312], [-6.4034128992636665, 53.35705564650302], [-6.405478523622245, 53.357577197366645], [-6.407406763553471, 53.35802992520348], [-6.410726904976645, 53.35868531491614], [-6.411616509403625, 53.35880114163367], [-6.41066325553957, 53.35919699427406], [-6.409898149930909, 53.35938091793321], [-6.40919579665725, 53.35954311616559], [-6.4083935126852065, 53.35979672279576], [-6.407271478808773, 53.36024170233946], [-6.40574178642168, 53.360749615571024], [-6.405064485489132, 53.360939984082144], [-6.402524198110861, 53.36174529156597], [-6.4018153339619115, 53.3617022765413], [-6.400982035872171, 53.36165687066017], [-6.400145315276579, 53.3615970338754], [-6.399389545851548, 53.36151302384211], [-6.3983719481419845, 53.36138002020216], [-6.3976210563371065, 53.361308196834386], [-6.396448151310743, 53.361242919625276], [-6.395544010392113, 53.361104766277066], [-6.394805900978953, 53.36100299060197], [-6.3939806114394155, 53.36090003679942], [-6.393193879812285, 53.36082617521501], [-6.392453563179949, 53.360789870399095], [-6.391766243962352, 53.36076434083693], [-6.390811538068489, 53.36075209664782], [-6.390041719012356, 53.360824660830176], [-6.389388502586998, 53.36093959522778], [-6.38879209211273, 53.361069312962705], [-6.388219796552603, 53.36120016235291], [-6.38760613122085, 53.361350221323136], [-6.386979252695692, 53.3615284974456], [-6.386356138742185, 53.36169882278451], [-6.385728249019018, 53.36183474992108], [-6.385073111305126, 53.36194406289604], [-6.384343023841147, 53.362088934451684], [-6.383485918217222, 53.36229292266621], [-6.382884086908318, 53.36243718643288], [-6.382189004449562, 53.36255708612107], [-6.381553163585746, 53.362578478990486], [-6.380894121120849, 53.36259739672795], [-6.3802061574975415, 53.362598034028714], [-6.379552919568816, 53.362571728634585], [-6.378837125101742, 53.36254825432099], [-6.377999785281567, 53.362557184115644], [-6.377383898069787, 53.36251645617432], [-6.376680564945868, 53.362426005387576], [-6.375882893409332, 53.36233354728517], [-6.375026726195054, 53.36229681545737], [-6.374217324253053, 53.36230430178994], [-6.373416246710538, 53.362379478507044], [-6.372692229821746, 53.36246459811996], [-6.371935401272565, 53.3625035216762], [-6.3707188508843755, 53.36244557407238], [-6.3697363379073275, 53.362336440781874], [-6.368827389042095, 53.36222515970988]]]}}, {"type": "Feature", "id": "D22", "properties": {"district": "D22"}, "geometry": {"type": "Polygon", "coordinates": [[[-6.410261344865974, 53.36555863962828], [-6.409963706251779, 53.36505607642528], [-6.409408712077938, 53.3642540509164], [-6.409153274647025, 53.36389305366508], [-6.408826792392102, 53.36352005437014], [-6.408486002397835, 53.363182002334625], [-6.40811571796854, 53.3628741114578], [-6.407654696337748, 53.362567345004116], [-6.40673030451095, 53.3622795531426], [-6.405866026920232, 53.36224706849019], [-6.405106398040202, 53.36219944051399], [-6.404085641829425, 53.362070487747204], [-6.403343726883687, 53.36193366500024], [-6.402524198110861, 53.36174529156597], [-6.405064485489132, 53.360939984082144], [-6.40574178642168, 53.360749615571024], [-6.407271478808773, 53.36024170233946], [-6.4083935126852065, 53.35979672279576], [-6.40919579665725, 53.35954311616559], [-6.409898149930909, 53.35938091793321], [-6.41066325553957, 53.35919699427406], [-6.411616509403625, 53.35880114163367], [-6.410726904976645, 53.35868531491614], [-6.407406763553471, 53.35802992520348], [-6.405478523622245, 53.357577197366645], [-6.4034128992636665, 53.35705564650302], [-6.40366809876754, 53.35611165320312], [-6.403745223004432, 53.355682388114694], [-6.4037860613514015, 53.35530907575513], [-6.403472741633174, 53.35465656158376], [-6.4037391193947615, 53.35370471904623], [-6.404176520770118, 53.353433591856046], [-6.4042193614530385, 53.352963426254846], [-6.404519825121461, 53.351327228870254], [-6.404976749927894, 53.34996866387673], [-6.4055529849263975, 53.34859201027246], [-6.404962710094288, 53.34851366104063], [-6.404115182210289, 53.3483884603526], [-6.403036199105728, 53.3482322057003], [-6.402442008325366, 53.34815945332025], [-6.4015111280833406, 53.348074098460934], [-6.400764163799329, 53.348042428029665], [-6.399890357201563, 53.34801749933917], [-6.398768842118494, 53.34798537506315], [-6.397536822327644, 53.34795373296422], [-6.3978757820047605, 53.34741376305157], [-6.398037918629238, 53.34682261822213], [-6.398221158484076, 53.346008788800596], [-6.398337301512633, 53.34540857809048], [-6.398448430913542, 53.3439046558358], [-6.3985294412734675, 53.34345836997417], [-6.398691279446447, 53.342791908851936], [-6.398868211585973, 53.342195119704655], [-6.399167349400202, 53.34144368622053], [-6.3993465268803025, 53.34106099716385], [-6.399593971570792, 53.34063446847237], [-6.399705841031641, 53.34011103778287], [-6.399876346893332, 53.33953303356017], [-6.399975126772361, 53.33912086598702], [-6.40004326861177, 53.338706669686424], [-6.400008060042346, 53.33819178046082], [-6.400070219070605, 53.337791793201845], [-6.400114347055095, 53.33738716039747], [-6.400082429787906, 53.336890199405396], [-6.400095944157, 53.336423415074414], [-6.400283428127863, 53.335917264359566], [-6.400535307829014, 53.3354935790675], [-6.400921325727168, 53.33508544184336], [-6.4014418760766345, 53.33473518556552], [-6.401245542739772, 53.334101485299634], [-6.400971487100054, 53.33370516838793], [-6.400612519056643, 53.333400817745904], [-6.40029223603303, 53.33302904293191], [-6.399995313235305, 53.3325857742398], [-6.399759752923844, 53.33208122770001], [-6.399512006827349, 53.33149554396924], [-6.399232587152256, 53.33107470600262], [-6.3987052768715795, 53.33058493404198], [-6.398227604446336, 53.3302147247356], [-6.3978824285914335, 53.32985420195271], [-6.397385825169548, 53.329467558174244], [-6.397146743819536, 53.32908787841893], [-6.395755816744487, 53.32902612915048], [-6.394789769970145, 53.32899515677773], [-6.393733824089216, 53.32896125830101], [-6.3928118213137, 53.32893122254889], [-6.391750058895703, 53.32890720372231], [-6.39090088956662, 53.328869777345986], [-6.3901496810096745, 53.32883825063472], [-6.389444955679289, 53.32881516563515], [-6.388795874957818, 53.32879067131901], [-6.388027816508986, 53.328766093226825], [-6.387182947728845, 53.32873624758613], [-6.386236294350684, 53.32869693040656], [-6.385274120251308, 53.32865883349508], [-6.384336148007946, 53.32862249460167], [-6.383643806659629, 53.32859621783483], [-6.378211001895518, 53.328463239935104], [-6.377285412562572, 53.328541239456634], [-6.370520334472004, 53.3177382924594], [-6.371307620568568, 53.31758736999023], [-6.372483599326694, 53.31732491576756], [-6.374025867991082, 53.31697326036053], [-6.379542044331019, 53.31572643730692], [-6.380247377587045, 53.31556427697255], [-6.383201486563719, 53.31476110930377], [-6.388506591887436, 53.3133364835692], [-6.389384965147299, 53.31313904198612], [-6.390489942436448, 53.312885697634165], [-6.391180546099688, 53.31275409990655], [-6.39178539226737, 53.31266160369603], [-6.393167521645276, 53.31249851765144], [-6.394180540107641, 53.312402431889595], [-6.395185750294863, 53.312286730538936], [-6.396014877215224, 53.31215687927507], [-6.396967124252401, 53.3119614542786], [-6.397828854515026, 53.311727419396945], [-6.3989964945507785, 53.31135162604757], [-6.400600631145911, 53.310588043821625], [-6.401411917144855, 53.31009645658611], [-6.402060469169209, 53.30969372210365], [-6.402877459290437, 53.309164455834896], [-6.40343252997812, 53.308795421497585], [-6.403863592906366, 53.3084728054568], [-6.404942224914706, 53.30784511407365], [-6.405586058523587, 53.30746090075844], [-6.406291536173854, 53.30707589028151], [-6.406837325320005, 53.30678175815696], [-6.407542314718194, 53.3064990065213], [-6.408669699395135, 53.30599496570417], [-6.409497696290286, 53.30569137659123], [-6.410106035922461, 53.30548442960074], [-6.410897802375139, 53.30519625483515], [-6.411756457229002, 53.30485261704394], [-6.412614012536876, 53.30454490669475], [-6.413953051769408, 53.304042825202735], [-6.415080206953619, 53.303641353447915], [-6.4159197548833635, 53.303334099145594], [-6.416729454187696, 53.303054032872005], [-6.417528658324532, 53.30273293079444], [-6.418511341158798, 53.30236177286106], [-6.419308386206336, 53.30200126707624], [-6.420360876923396, 53.30149118107751], [-6.420959307973624, 53.301107093052636], [-6.421549833537163, 53.30071229269342], [-6.421981817986815, 53.30040903624488], [-6.422716175884193, 53.29979720933942], [-6.423501264013213, 53.29903695370261], [-6.4245050434572635, 53.298072251896095], [-6.425245473233478, 53.297293330839565], [-6.425938157493063, 53.29663114570555], [-6.426495041189716, 53.296044722601074], [-6.42691683942872, 53.295649466494815], [-6.427235010969427, 53.295323480118114], [-6.427654616089031, 53.2949134537533], [-6.428285332011948, 53.29442406761427], [-6.429470900376735, 53.29364047331085], [-6.429983580431452, 53.29331578366709], [-6.430715724790131, 53.29291300756369], [-6.431791752539157, 53.29258116517983], [-6.433289481923914, 53.29240781510772], [-6.434115811996504, 53.29223236999099], [-6.43508964032898, 53.292055530175716], [-6.4360645343541485, 53.29193055164303], [-6.437004989238462, 53.29182371683579], [-6.437898457120727, 53.29173315461317], [-6.439031081152233, 53.291624418022984], [-6.439922583979536, 53.291540016001456], [-6.440865031817734, 53.29146624920663], [-6.4416676848319145, 53.29137914437104], [-6.442519565648107, 53.291261492273655], [-6.443284801026646, 53.29112481856451], [-6.444056464554394, 53.29103576525609], [-6.444812305602683, 53.29091567505631], [-6.445591504658681, 53.29075517339751], [-6.446527963722896, 53.29052526908797], [-6.447106073203223, 53.290291588946786], [-6.4477012917504375, 53.28973603372902], [-6.448624926818234, 53.28924127816779], [-6.449360627839908, 53.28883250356833], [-6.45319783032992, 53.28650528444234], [-6.454106683489086, 53.28589894587949], [-6.455021825325017, 53.28539180886871], [-6.455829521946823, 53.2849894099616], [-6.456457720128123, 53.28473512441523], [-6.457199606798485, 53.28447305034883], [-6.45795395173308, 53.28423225236667], [-6.458847514905304, 53.284033691157966], [-6.461204127095419, 53.28371993144681], [-6.462389013614629, 53.283667009004795], [-6.464251637388804, 53.2837455705195], [-6.465503781753563, 53.28372080410939], [-6.466848250349666, 53.283656321060256], [-6.467899576493921, 53.283519844286054], [-6.469296349523519, 53.28326512178211], [-6.471221982330539, 53.282853513030375], [-6.474203222259369, 53.28218281330499], [-6.475874696341257, 53.28183132474167], [-6.477548116681209, 53.281438227905944], [-6.478307607816451, 53.28127402682776], [-6.479322506140035, 53.28107407576843], [-6.480526493202866, 53.28076589651883], [-6.4813800011788105, 53.280575823469505], [-6.48292202812222, 53.28022339635265], [-6.4838104816546895, 53.28003069515949], [-6.484458680904279, 53.27986135486813], [-6.485091121263216, 53.27967239889174], [-6.4859187097042, 53.27942723333779], [-6.48773027069598, 53.27895855070028], [-6.488402995389739, 53.27879417348558], [-6.48903473726, 53.278645090137886], [-6.489898672557503, 53.278437564014695], [-6.490919168965512, 53.27824019196087], [-6.491556737908912, 53.278135834448825], [-6.492990421041047, 53.2778843585275], [-6.494000765905322, 53.277700581981826], [-6.494749662832307, 53.277573708542256], [-6.495870420778743, 53.277396972240325], [-6.4967627787111715, 53.277244665788665], [-6.497557072307385, 53.27711340443231], [-6.4982090698692465, 53.27700568844081], [-6.499472539859595, 53.2767289836615], [-6.500125544982845, 53.2766239660189], [-6.5010014694255265, 53.27648804713101], [-6.502024128363058, 53.276317928111666], [-6.50295354843599, 53.276165322325824], [-6.503803543971479, 53.27601359968725], [-6.504582228995504, 53.27587122157562], [-6.505298853191278, 53.27575663880611], [-6.505962171854324, 53.27564578725444], [-6.506533326927948, 53.27552892437013], [-6.50723649771365, 53.275342355495305], [-6.507855305528453, 53.27510682588255], [-6.508466292219781, 53.274726415022194], [-6.509356536499325, 53.27419491766724], [-6.510055035225336, 53.27377910599034], [-6.510529359312791, 53.27349448504725], [-6.5109462654026915, 53.27323233136486], [-6.511939201816373, 53.27270425464215], [-6.512683519798396, 53.27232413881798], [-6.513382133750769, 53.27198155315518], [-6.514125522789546, 53.27161678456434], [-6.515078600583898, 53.271130603615056], [-6.515673809675051, 53.27082733752943], [-6.516184987286837, 53.270572540672546], [-6.516739764506434, 53.27031172372296], [-6.51770501178482, 53.269858026538856], [-6.518193833513288, 53.26963763285132], [-6.519090921944922, 53.269219833906426], [-6.519867376499142, 53.26892221390132], [-6.520405374862004, 53.26867698877104], [-6.521033000425583, 53.268406721309084], [-6.521654761516304, 53.26812703138624], [-6.522687846804261, 53.26768932362139], [-6.523368513326595, 53.267389415297224], [-6.523896656499345, 53.267590525121676], [-6.524789347128184, 53.2678648055367], [-6.525410958718292, 53.26800873996208], [-6.52619265762985, 53.26782267219148], [-6.526854580825119, 53.26769685946135], [-6.527670646174471, 53.26758966300992], [-6.528092706110659, 53.267845612172394], [-6.528624606165359, 53.26817571019648], [-6.529401476194025, 53.26859096933448], [-6.529869388991649, 53.26887677527392], [-6.530317953806635, 53.269478052652275], [-6.530713784682511, 53.27001307338867], [-6.531144011691977, 53.27059093502415], [-6.531834278337223, 53.27093761848044], [-6.532624049463907, 53.27124571066566], [-6.533574792154357, 53.27170612975121], [-6.534163155345996, 53.27228574567577], [-6.534569485262521, 53.27265336533588], [-6.535207479745935, 53.272794843202675], [-6.535814372505955, 53.27299264322988], [-6.536468510417612, 53.27337480328967], [-6.53710489920753, 53.273795475578176], [-6.537780015881561, 53.27427009177441], [-6.5383221474047835, 53.27471790993997], [-6.538744989231143, 53.27507079905756], [-6.539291465795819, 53.275355552940994], [-6.539942975819956, 53.27545403340899], [-6.540620471338346, 53.27553755064715], [-6.54155429602644, 53.27565035252892], [-6.542246223118691, 53.2756588164012], [-6.543767040490424, 53.275477086613726], [-6.544673666655243, 53.27534248091508], [-6.545346705204887, 53.2752406961293], [-6.546326468687049, 53.27509313053816], [-6.545938360886591, 53.275703911884285], [-6.545718251902038, 53.27608640663155], [-6.545385666217525, 53.27667845177002], [-6.545087658276424, 53.27719515818143], [-6.544794390517226, 53.27771407857512], [-6.544888719216912, 53.27813330209869], [-6.545359998623764, 53.27844254265464], [-6.54595027256657, 53.27882755474017], [-6.546880112595752, 53.27942106635164], [-6.546378759328693, 53.279895125262115], [-6.545924765864648, 53.280288877454886], [-6.5452581110951265, 53.28088843973665], [-6.544778148829018, 53.281296070045514], [-6.544189449928928, 53.281831602563415], [-6.543787553067361, 53.282139618564216], [-6.543174052435664, 53.28226566840475], [-6.542191097237269, 53.282472753161684], [-6.541118237987471, 53.28269023291666], [-6.540135907963589, 53.28289290487586], [-6.5395371559609865, 53.28306090593723], [-6.538683283166603, 53.283387541671566], [-6.53700588512611, 53.28402382261529], [-6.536250514841627, 53.28429709921839], [-6.535340317112091, 53.284464669866324], [-6.534885405103398, 53.285014562142074], [-6.534443196730306, 53.285529020622036], [-6.533892327941494, 53.286203995841696], [-6.53338911328838, 53.28688827212602], [-6.5331049285757405, 53.28724425291441], [-6.532397619894938, 53.28731463264995], [-6.531506534886755, 53.287247221639035], [-6.530677138131714, 53.28718802343019], [-6.530324830957551, 53.287715347730334], [-6.529875677530186, 53.28841519418144], [-6.529529061466987, 53.2889814997349], [-6.529332081090909, 53.28933612076837], [-6.52914812788343, 53.28972550188587], [-6.528860378504864, 53.29025919022147], [-6.528582546840338, 53.290863997017944], [-6.528435049460427, 53.29154904761185], [-6.528389305804512, 53.29227507624645], [-6.528287999096478, 53.292832543092764], [-6.528203848164641, 53.293333514091785], [-6.528007526388685, 53.29420399061933], [-6.527910477297061, 53.29466615830563], [-6.527749157775639, 53.29535669886915], [-6.527587703094651, 53.29605820154676], [-6.527431680721391, 53.29670953414647], [-6.527236538384849, 53.297562768786804], [-6.527107810729224, 53.29811090867508], [-6.5269937531243905, 53.298617350580194], [-6.526794238915603, 53.299517981265915], [-6.526134862418913, 53.299936261618946], [-6.52646384600833, 53.30036379156103], [-6.5268975248287555, 53.30095977076821], [-6.527018834479189, 53.30140378532759], [-6.527528585593902, 53.3017168949695], [-6.5282613148176685, 53.30193623540473], [-6.528841155984734, 53.30211495138127], [-6.52940124687151, 53.302281648056116], [-6.530171124975214, 53.302468273099976], [-6.531230675808216, 53.30280962161719], [-6.531782842683288, 53.30298420772529], [-6.532872424006651, 53.303345412857446], [-6.533465332591143, 53.30353747763806], [-6.534018725285205, 53.30372015656378], [-6.534559537164581, 53.30389818481641], [-6.535094382248742, 53.304073531077805], [-6.535907696707257, 53.30431951657543], [-6.536727454611758, 53.304576359821766], [-6.537404049174618, 53.30477913760779], [-6.538010915287345, 53.304980337629004], [-6.538929589180594, 53.305269113546636], [-6.539579206453416, 53.30546894208467], [-6.540150923790162, 53.305645525826414], [-6.540847775607122, 53.3059192587363], [-6.541367957196083, 53.3062684732317], [-6.541778345261585, 53.30654992959474], [-6.542261132682839, 53.30704552858835], [-6.541537247752522, 53.307378807728014], [-6.540784623985171, 53.30772350365724], [-6.540022078173172, 53.30807211750118], [-6.5393659835459985, 53.30836882811253], [-6.538093892735635, 53.30895410280571], [-6.536945078840138, 53.30947626090153], [-6.535923769339294, 53.30994946725777], [-6.534764434440109, 53.31047372210002], [-6.533997103534995, 53.3108290690417], [-6.533026574996779, 53.31127753207935], [-6.532106436623583, 53.31169955704111], [-6.5312872125472765, 53.31208354519897], [-6.530408718292567, 53.3124775816348], [-6.529765151231057, 53.312769541410866], [-6.529140153385206, 53.31305750294987], [-6.528203139014256, 53.31370153595382], [-6.528776091187884, 53.313923213259095], [-6.529452765259927, 53.31410168175054], [-6.530080690011607, 53.314287094461235], [-6.530456741809717, 53.3146097754932], [-6.530856145478541, 53.315229220621845], [-6.531417778693145, 53.315529201120384], [-6.5313020392277625, 53.3160017444348], [-6.5310877388274875, 53.31636001850696], [-6.530929900973667, 53.316879673392265], [-6.531089590378177, 53.3174087216524], [-6.530378226213892, 53.31773732511021], [-6.5297618184680495, 53.317996637864866], [-6.529189388200847, 53.31827626102681], [-6.52845316075327, 53.31863231595982], [-6.527829110267316, 53.318940323338744], [-6.527529114825473, 53.31939908505618], [-6.527212745944891, 53.319916148476615], [-6.5269319369537815, 53.320367327046114], [-6.526489716300936, 53.32071046538738], [-6.526088555573454, 53.32105087429864], [-6.525672601145367, 53.32141446490746], [-6.525159675938018, 53.32186169115834], [-6.524748257604252, 53.32224762216963], [-6.5241367244404245, 53.3224022692242], [-6.52330151173082, 53.32260312227648], [-6.522287960722345, 53.32284903096481], [-6.520782158631078, 53.32350051617793], [-6.520450427729697, 53.323971717982886], [-6.520079885316895, 53.3246412273389], [-6.518735372944875, 53.3248759889954], [-6.517242394582258, 53.3248400018981], [-6.516653005324741, 53.32454724884967], [-6.515972030880681, 53.32420769978087], [-6.515341031338695, 53.323876677358086], [-6.5146296548518885, 53.32347212617851], [-6.5139893391567965, 53.32355932069772], [-6.513372521781085, 53.32367556279722], [-6.512413970136047, 53.32354093899511], [-6.511882236767483, 53.32332877476345], [-6.5111825044996365, 53.32344774541974], [-6.510728184473649, 53.32374627966593], [-6.510068993899907, 53.32411540633169], [-6.509342524817945, 53.32416276608524], [-6.508671675707223, 53.32414161776533], [-6.507972602211521, 53.32393246592942], [-6.507264083385666, 53.32396565853284], [-6.506411643344004, 53.32416033673926], [-6.50586828903281, 53.32443715757343], [-6.505194872168245, 53.32449998515601], [-6.504507648532464, 53.32429212978195], [-6.504004212836724, 53.324032744357346], [-6.504375642806171, 53.32351831889709], [-6.504718104376034, 53.323127548485], [-6.505124213231666, 53.32267232992685], [-6.504516974168681, 53.32240823029538], [-6.503707024292879, 53.322142752648546], [-6.502981470232611, 53.32191724221463], [-6.502188688899633, 53.321656912447345], [-6.501609003648746, 53.32127155082715], [-6.501093572308823, 53.32102745948001], [-6.500722391351595, 53.32141426388548], [-6.500231845168019, 53.321918283305095], [-6.499912032938524, 53.32246704642006], [-6.499668532621731, 53.322862283594226], [-6.499528041393175, 53.32323230491965], [-6.49945646129675, 53.323649296030624], [-6.499417842120437, 53.3241817343582], [-6.499420719740723, 53.32467110821725], [-6.499169293658066, 53.32511881806976], [-6.498926676446156, 53.325519996165404], [-6.498710531196724, 53.326037977432854], [-6.498359265563329, 53.326543203176605], [-6.498121745315758, 53.32695037517199], [-6.497715527252649, 53.32733493169321], [-6.49730258557079, 53.327745014842044], [-6.496945446477099, 53.32816640440733], [-6.496766273266504, 53.32857197243203], [-6.496273197108964, 53.32900341943429], [-6.495748356941692, 53.32931691496293], [-6.495191012857338, 53.32953006361388], [-6.494611579273129, 53.32984996503774], [-6.494044623486394, 53.33013173697154], [-6.493581290590469, 53.330459210454755], [-6.494479748917007, 53.33083335675189], [-6.495243508955685, 53.33105283957891], [-6.495181785400988, 53.331490712040626], [-6.495127102516069, 53.331876279585515], [-6.495051056763271, 53.33241489424279], [-6.4946581254607585, 53.33274335005166], [-6.49404724759717, 53.33301603016487], [-6.493486431341563, 53.333385769077914], [-6.493314634719038, 53.333787740430196], [-6.492957477075158, 53.33434401145907], [-6.492299591486608, 53.3342599374749], [-6.49121554668078, 53.33415366424697], [-6.4910419902756, 53.33459074898357], [-6.490856217963881, 53.335015995907604], [-6.4905929963760505, 53.33557245992802], [-6.49069038461252, 53.335980979157696], [-6.490537688834913, 53.33644411950817], [-6.489995082995289, 53.33700774061349], [-6.48945833947727, 53.337464669023554], [-6.489337243157954, 53.33789864107239], [-6.4898582715849304, 53.33831755819249], [-6.490581269281573, 53.3384039970216], [-6.491160575571065, 53.338172544348005], [-6.491952059361522, 53.33793954781776], [-6.492567812307576, 53.3381699369393], [-6.492648002459874, 53.33884901236961], [-6.492933770627157, 53.33934897005429], [-6.493203908113216, 53.33976910556523], [-6.493387048916714, 53.34046502805341], [-6.492973863232534, 53.3409193087893], [-6.493534193901515, 53.34123014402953], [-6.49424632598818, 53.34158782742114], [-6.495228591000068, 53.34135092634578], [-6.496324676102052, 53.34110646521137], [-6.496524325101182, 53.34145452801725], [-6.496283989832225, 53.34196689703679], [-6.4964650721651545, 53.342349954447855], [-6.497168066205421, 53.3425778240235], [-6.4977340660079905, 53.34282400495185], [-6.498021981269697, 53.34324417308653], [-6.498203672716566, 53.34371971044822], [-6.498410807002917, 53.344229088857695], [-6.498387608092377, 53.34469881118753], [-6.498451371777463, 53.34515749586848], [-6.498579072493174, 53.34579870011945], [-6.498440181501203, 53.34615238331013], [-6.497833374095206, 53.34654753583274], [-6.4973894203729685, 53.34688317659476], [-6.4969522584881885, 53.347212161136966], [-6.49656182263297, 53.347497876990126], [-6.4961458943010415, 53.3478179595985], [-6.495591574173123, 53.34823029841452], [-6.495078595418002, 53.3486361464638], [-6.4948028884795415, 53.34898711084715], [-6.4942780340832655, 53.34948339348742], [-6.493839924140242, 53.34990806516505], [-6.4934700483269046, 53.350491047258146], [-6.493214115438157, 53.35096546795267], [-6.493017415377948, 53.351481257089965], [-6.492869008134952, 53.35202201046952], [-6.492990233964446, 53.35256401322339], [-6.493393386273851, 53.35333496762473], [-6.494226796554459, 53.353290759723244], [-6.494988153262015, 53.35337882261842], [-6.494456769946298, 53.35364064574993], [-6.493970892788706, 53.35392568796502], [-6.49349870119833, 53.35427560659926], [-6.4930632844138945, 53.354667956658446], [-6.4927841699916415, 53.35505419176051], [-6.492514009513157, 53.35548493455332], [-6.492255677183404, 53.35591034422509], [-6.491867098818857, 53.35654718587062], [-6.491183812774771, 53.35749493014131], [-6.4912348126201795, 53.35831661646114], [-6.4910741951079025, 53.35879834881733], [-6.4909358469825245, 53.359400067840845], [-6.490774130191402, 53.360354315852945], [-6.490371751463068, 53.36127801878994], [-6.490118999746748, 53.36161057008253], [-6.489828191502743, 53.362048594406126], [-6.489576756843452, 53.36255029422401], [-6.489268610250395, 53.362977223568485], [-6.488605322173345, 53.36321200784218], [-6.487973208689095, 53.36331157158475], [-6.487319795072203, 53.36326383663622], [-6.4866042474936565, 53.36311285956571], [-6.485692688608852, 53.363014120601534], [-6.484813609019791, 53.362981391353124], [-6.483943383313076, 53.36295757526935], [-6.483290653934194, 53.36296060277435], [-6.482324182562141, 53.362960355118865], [-6.481702582028405, 53.36294516705676], [-6.481025066620681, 53.36292045674542], [-6.48030256795761, 53.36292374791531], [-6.4791660556986574, 53.362935058600925], [-6.478491664460204, 53.36293050434638], [-6.477655917557625, 53.36292325846648], [-6.4766461300258396, 53.3629180983963], [-6.475646502336876, 53.36294765911717], [-6.4749449046682415, 53.36297976320332], [-6.47430112638454, 53.36302698159172], [-6.473558550095904, 53.3630996236108], [-6.472763096486545, 53.36313321013145], [-6.472052424110215, 53.36317982971398], [-6.471239992262987, 53.3632030334676], [-6.470248108052897, 53.36322366133801], [-6.46930010346902, 53.36324727039818], [-6.4684317664276225, 53.36325374110679], [-6.467751085518065, 53.36318263222859], [-6.467036616488056, 53.36302768688096], [-6.466427742204195, 53.36277559810688], [-6.466258305022582, 53.36237017773438], [-6.466533229145231, 53.36186720976257], [-6.466863891867908, 53.36143011248098], [-6.4671451393469095, 53.36098186473626], [-6.4672552584875955, 53.36057545377471], [-6.467231061397382, 53.36010710489204], [-6.467063809424563, 53.359647792114224], [-6.466781800392831, 53.35923077056338], [-6.466465739850085, 53.3588995849113], [-6.465934997322556, 53.35859187985805], [-6.465543653613994, 53.35824597363794], [-6.465100617936455, 53.35780108423511], [-6.464722174759664, 53.35748958130527], [-6.464176133492507, 53.357236042133216], [-6.463562993801063, 53.35704670155882], [-6.462795112624407, 53.356826605915884], [-6.461773841942681, 53.35652172709478], [-6.4608756067141035, 53.35622372908659], [-6.460217362393705, 53.356028576791175], [-6.459472239211895, 53.35590320578863], [-6.458731078311621, 53.355805471144095], [-6.4580045283553575, 53.35583841084372], [-6.457382487769443, 53.35598934779874], [-6.456588322751022, 53.35626818550683], [-6.456050691912999, 53.35647934152444], [-6.45550318821707, 53.35668928889626], [-6.454637006343106, 53.35705058002956], [-6.453867001245223, 53.35743782545598], [-6.453209368297961, 53.35774941513736], [-6.4525424549638375, 53.35798862597363], [-6.452113562703857, 53.358312522828754], [-6.451838936787208, 53.35867679429965], [-6.4512907994024244, 53.35910437768142], [-6.450478051924652, 53.35942481299768], [-6.449896535909671, 53.359590347090446], [-6.449265531429145, 53.359753797217124], [-6.448555679146988, 53.35983659453283], [-6.448413443563378, 53.36034115822107], [-6.446834874552344, 53.36038406597584], [-6.446058021012185, 53.360499677234316], [-6.445282576337541, 53.360698970146345], [-6.444652585331702, 53.36087786677325], [-6.443826396643323, 53.361136431586985], [-6.443242338698854, 53.36142807686657], [-6.4426773048727055, 53.3617754170206], [-6.4420363854029805, 53.3622021067974], [-6.441439015710866, 53.36262684574778], [-6.440913167375828, 53.36300982845265], [-6.440382606632109, 53.36354867056468], [-6.439990988274195, 53.36405221110284], [-6.439583551532046, 53.36466958766499], [-6.439324032601907, 53.365063954885706], [-6.439071619199087, 53.365406200429575], [-6.438718274919252, 53.36586862806049], [-6.438418628515362, 53.36624503358016], [-6.4379092111431095, 53.3668271889656], [-6.43733588235748, 53.36739116039319], [-6.436811172166352, 53.36785547192853], [-6.435413002877389, 53.367708722513505], [-6.435019443148846, 53.36798539131369], [-6.434418875243371, 53.368067471738364], [-6.433012683059185, 53.36825741927889], [-6.432015265002712, 53.36821232235827], [-6.431046340358937, 53.368100099862076], [-6.429972053585979, 53.367938223216996], [-6.428887538815019, 53.367697566428554], [-6.428120196385528, 53.36743214068702], [-6.427524386534464, 53.36715953445899], [-6.426879172433084, 53.36680871648794], [-6.426492708838764, 53.36645124226757], [-6.426156046396613, 53.366087593592226], [-6.425571839750069, 53.3656389862394], [-6.424797237120495, 53.36539051810095], [-6.423968374737726, 53.36536339570492], [-6.4232543610579915, 53.36544086570591], [-6.422344378366908, 53.36565728481838], [-6.421580530500347, 53.36595624336344], [-6.42105376913666, 53.36617367773364], [-6.420600321927345, 53.3664256915265], [-6.420163952766014, 53.366681524532616], [-6.419465744042899, 53.36709439468635], [-6.418789681498127, 53.3673506420762], [-6.418003012374247, 53.36753828662603], [-6.416995256930742, 53.36770591774544], [-6.415501493137172, 53.368009710206074], [-6.414733768761291, 53.36814366317138], [-6.413942531828975, 53.368209896475925], [-6.413178107458938, 53.36816818826946], [-6.412415614522203, 53.36796464567724], [-6.4119868347741225, 53.36754508999076], [-6.411827779022895, 53.36717711365188], [-6.411466179661674, 53.36679745360526], [-6.411105396499041, 53.36648924964677], [-6.410671194007425, 53.36605299086741], [-6.410261344865974, 53.36555863962828]]]}}, {"type": "Feature", "id": "D24", "properties": {"district": "D24"}, "geometry": {"type": "Polygon", "coordinates": [[[-6.370520334472004, 53.3177382924594], [-6.363564173566425, 53.31157791504418], [-6.362489706716491, 53.31187465763798], [-6.36182308903251, 53.312059802577615], [-6.360924544271126, 53.312318955283935], [-6.360081338853675, 53.312558012267914], [-6.359186365685296, 53.31289449021487], [-6.358657154477739, 53.31314585594198], [-6.357592125405017, 53.313539745442235], [-6.355217476982316, 53.31439736769084], [-6.354497312570329, 53.31456016437794], [-6.353855161775341, 53.314654293740816], [-6.352953612608021, 53.31488269937944], [-6.352346893227112, 53.31511067878323], [-6.351162661186675, 53.31548596851445], [-6.350484976157392, 53.315685726314065], [-6.348783273171912, 53.31614918673356], [-6.347982911381944, 53.31634237862484], [-6.346786233838096, 53.316503020240646], [-6.3456876024774855, 53.316445454815465], [-6.345072676921892, 53.31635936360796], [-6.344398038132279, 53.31630030025966], [-6.341925138382402, 53.316571683528], [-6.34124515782802, 53.316640774323076], [-6.34044216885516, 53.31677932745853], [-6.338491892922441, 53.31703562385294], [-6.337200408631434, 53.31723600964406], [-6.336266473771677, 53.317147760970116], [-6.33563993818246, 53.316908587994455], [-6.334956379666711, 53.317002397564174], [-6.334328302805067, 53.31712079411727], [-6.333085895861847, 53.317118981371216], [-6.333572637875922, 53.316631761553886], [-6.334002965523872, 53.31609908557726], [-6.334719755383389, 53.31560294228487], [-6.335292394910476, 53.31537232942856], [-6.336364977495571, 53.31513125470092], [-6.337199881936338, 53.31496405583382], [-6.338335276397158, 53.31452657183324], [-6.339254286580579, 53.31417548565285], [-6.340008792599574, 53.313904155024474], [-6.341126981316825, 53.31341418998182], [-6.3421245651468, 53.31287715283541], [-6.342479879170367, 53.31255181538765], [-6.343059135427158, 53.31190865856471], [-6.343317113368576, 53.3114406884219], [-6.343846796367473, 53.31106708202773], [-6.3448407300346075, 53.31060285741789], [-6.345288416399546, 53.310220826929786], [-6.34550247757964, 53.30952756449476], [-6.34560321230692, 53.30916606194186], [-6.345958932200011, 53.3086527091883], [-6.346777078263679, 53.30814316152685], [-6.347510764726917, 53.30744892068247], [-6.3479739759902944, 53.30694217434308], [-6.348257043881883, 53.30640228477196], [-6.348668093103163, 53.30583900309992], [-6.349042353094062, 53.30545917717945], [-6.349538273460874, 53.30506899146153], [-6.350007539563892, 53.304625320930555], [-6.348579824352091, 53.304157097287025], [-6.348027833223437, 53.303986963352045], [-6.347147957211642, 53.303669027068686], [-6.345811368434381, 53.3031529632576], [-6.345094549345441, 53.30289416226719], [-6.344138620237428, 53.30249309522962], [-6.342521472888416, 53.301836582569656], [-6.341896820299393, 53.301591984755504], [-6.340897930897267, 53.30117393723027], [-6.339570473948668, 53.300490229188355], [-6.338156016601137, 53.29965520797849], [-6.337180344952507, 53.29898563224944], [-6.33653440728944, 53.2984629159566], [-6.335730406496717, 53.297748360688644], [-6.335122618082009, 53.29718410904485], [-6.334561449961002, 53.29655723579709], [-6.333787452599882, 53.295579043068095], [-6.333415865939546, 53.29503443970855], [-6.333019697671855, 53.29437796065541], [-6.3313487678878655, 53.29139744698049], [-6.331683640831922, 53.291029076174084], [-6.3316212378285, 53.29038948453247], [-6.331538708677979, 53.29000286966755], [-6.331229632449124, 53.289589177814605], [-6.330980205998223, 53.28918126317068], [-6.330941160834543, 53.28855520907363], [-6.331468881386003, 53.288351128103514], [-6.3317684308283635, 53.28788870613071], [-6.331620279722326, 53.286919882192464], [-6.3309437435994695, 53.286680699706885], [-6.330228490580385, 53.28647665013123], [-6.32957002663761, 53.28634843495061], [-6.328957297413336, 53.286411205725585], [-6.3281851984654836, 53.28667179313726], [-6.328782630947692, 53.285746311951016], [-6.3293644719387565, 53.28504537875245], [-6.329685549181732, 53.28408186848908], [-6.330125068759352, 53.28322687417409], [-6.330190572706017, 53.28285068947108], [-6.33033094419745, 53.282409946932155], [-6.330511494886971, 53.28196635181176], [-6.330762747118751, 53.281498312742684], [-6.330959013705826, 53.28113357489066], [-6.331232109416752, 53.28058396740219], [-6.331386756498658, 53.28011915802163], [-6.33145168987181, 53.279541381926435], [-6.3314101940048975, 53.27916226068846], [-6.3313406647909245, 53.27874724758185], [-6.331220758205955, 53.27805418443846], [-6.331163716656814, 53.27764249147788], [-6.3311370050082605, 53.27721729295334], [-6.331125673163624, 53.27661957588074], [-6.331168886487058, 53.27609137445814], [-6.331230396526415, 53.275531524602705], [-6.331019164824839, 53.2749927505839], [-6.331024341896024, 53.27462192151916], [-6.330994780225004, 53.27414617479438], [-6.330756293578475, 53.273675590810996], [-6.3304490741105175, 53.273318899952514], [-6.330037698243864, 53.27287465163805], [-6.329557598235265, 53.2723475652964], [-6.329233305496527, 53.27202649076584], [-6.328863417082607, 53.27170477603705], [-6.328403366147487, 53.27132364845206], [-6.3280362594660815, 53.27100700289191], [-6.327646276668079, 53.27068104797463], [-6.327288736479995, 53.270369836690456], [-6.326872453297123, 53.27002427740977], [-6.326443284233098, 53.269505531916685], [-6.326771773203299, 53.26898699843718], [-6.327093590868557, 53.2685757675728], [-6.3274990674721305, 53.26790579973503], [-6.327632356936177, 53.267398814242945], [-6.3278572241644975, 53.26696546047383], [-6.328225060880159, 53.267531781920944], [-6.3286256474340625, 53.26792124376929], [-6.329266876886731, 53.26806243591459], [-6.329980265805376, 53.268265119577165], [-6.330625802648336, 53.26868308072748], [-6.330945418022553, 53.26900642290048], [-6.331704420428132, 53.26932423176132], [-6.332650734932433, 53.26937557939269], [-6.333538620978641, 53.26935887832781], [-6.3342572685515055, 53.26933836759933], [-6.334857588118434, 53.26909214863155], [-6.33545437317553, 53.268860346699874], [-6.33660676483436, 53.26859702313403], [-6.337418586012447, 53.2686665872219], [-6.3382838942778195, 53.26893505912368], [-6.338899325422452, 53.269105047825775], [-6.3395857803549385, 53.2695033987191], [-6.3403358462594674, 53.2698143771201], [-6.341917053414614, 53.27007391566028], [-6.342812516736568, 53.2702546993378], [-6.343949467143305, 53.27041932955139], [-6.344511616313101, 53.27066700675804], [-6.345214454936345, 53.27107211286033], [-6.346033325268235, 53.27123284574666], [-6.347002556030592, 53.27144158280597], [-6.348114830907082, 53.271618862156174], [-6.348866862807099, 53.27183005574554], [-6.349887176937975, 53.271884987251156], [-6.350631782509919, 53.272205890065266], [-6.351022023682279, 53.27253321005099], [-6.351351932875719, 53.27284118065391], [-6.3520076511948504, 53.27362188699978], [-6.35098907920332, 53.27376786130979], [-6.350734333144712, 53.274230860775866], [-6.351043643622958, 53.27473689390179], [-6.351864058126641, 53.27482130637453], [-6.352604418551382, 53.274942442762544], [-6.35317781197653, 53.27517064163133], [-6.353655988505942, 53.27541190206438], [-6.354662834163682, 53.27577792142144], [-6.355467623247144, 53.2760606196379], [-6.355511833248719, 53.2760718344324], [-6.355628087611974, 53.27610363512111], [-6.3558453934905215, 53.27621537738371], [-6.355990052302085, 53.276280372645985], [-6.35643262816101, 53.27595170421036], [-6.356911985471791, 53.27551183076989], [-6.357611226789439, 53.274838892664164], [-6.3587471805514655, 53.27396930413135], [-6.359777416360833, 53.27323081082274], [-6.360844439602609, 53.272450934483174], [-6.362225072495535, 53.27144897177968], [-6.362994952745685, 53.270910162893976], [-6.363557215064692, 53.27069832752631], [-6.364397715162562, 53.27044959616045], [-6.365171683806939, 53.27027220313275], [-6.365965781674998, 53.27003693416893], [-6.36679019097393, 53.26999224353251], [-6.367553251915702, 53.26999676543785], [-6.368582678771153, 53.2698507989464], [-6.369312575710787, 53.269674124013335], [-6.370000520431357, 53.26943656712965], [-6.370600897185874, 53.269228904778835], [-6.371302990848951, 53.26899279207328], [-6.3723060162321685, 53.268769502836975], [-6.373125916240911, 53.268565993904375], [-6.373917600342575, 53.26843138534784], [-6.374555495044759, 53.26842337030584], [-6.375451694764169, 53.26843738637026], [-6.376402661020662, 53.26828516056297], [-6.377146996916587, 53.2681337087871], [-6.3777863709719735, 53.26811913600924], [-6.377222118189097, 53.26770092207944], [-6.376846837738942, 53.26725526198738], [-6.376557332024656, 53.26678111141711], [-6.376257029915539, 53.26631472167599], [-6.3763372620960865, 53.26592011051287], [-6.376988833034591, 53.26555008687252], [-6.377188352394152, 53.2651131523264], [-6.376793193942397, 53.26471961617577], [-6.376469426838649, 53.264318153889356], [-6.376263919981877, 53.263911561521454], [-6.3760769978750025, 53.26351375977413], [-6.3758014544055515, 53.26301130785211], [-6.375718171134108, 53.262622287245335], [-6.375648513031125, 53.262170632031385], [-6.375642248398118, 53.26160219889124], [-6.375148476226672, 53.26090588341679], [-6.374717386329815, 53.26022273297337], [-6.37421706687998, 53.25987898021458], [-6.373538661616852, 53.25982757392507], [-6.372796672720361, 53.259761185789955], [-6.373009923215495, 53.2593666848972], [-6.3726910989446175, 53.258986758355526], [-6.372051885744298, 53.25880214962978], [-6.371416009873998, 53.25866647322593], [-6.370910250867756, 53.258411694723264], [-6.370166642126065, 53.25847639066318], [-6.3694407047030985, 53.25878478615069], [-6.368847056653347, 53.259049962245754], [-6.367867275461103, 53.259496062089575], [-6.366985305147271, 53.259509324057895], [-6.3675538473670805, 53.25921900866971], [-6.368118946297264, 53.258759235300055], [-6.368522906623706, 53.258479782889815], [-6.36906468703804, 53.258063812882554], [-6.369273390939264, 53.257571835269744], [-6.369063102995825, 53.25706612540235], [-6.36942539622901, 53.25661750042343], [-6.36973615585267, 53.25620420795781], [-6.369807158290096, 53.2558290660968], [-6.370200722189733, 53.255227185896246], [-6.370492895709613, 53.25486666160538], [-6.370807400314228, 53.254474537436074], [-6.3711441617194335, 53.25404622874019], [-6.3710354990450275, 53.253406204788526], [-6.370803767942441, 53.25283055394652], [-6.370586908941817, 53.25235800907984], [-6.370331865022402, 53.25182697427573], [-6.370146804528349, 53.2514447351058], [-6.3698236008909825, 53.25095141169503], [-6.3695029077174, 53.25051249411268], [-6.3698010344582885, 53.25019294453719], [-6.370343241199225, 53.2499836798539], [-6.3705296669182925, 53.24962440534126], [-6.3702287759231595, 53.24929854949926], [-6.369878270884521, 53.24897435082909], [-6.369510200048853, 53.24857927147794], [-6.370456447410358, 53.24825079198394], [-6.371217550180819, 53.248029957375564], [-6.371431349269323, 53.24754173004957], [-6.371552939193909, 53.24709951482915], [-6.371941398838965, 53.2466454879607], [-6.372748537126112, 53.24630798997675], [-6.3735831536899274, 53.24598524112676], [-6.374316721120071, 53.2457428014056], [-6.375039950652386, 53.2454892518742], [-6.374674654483803, 53.24507265697263], [-6.374395813096136, 53.244504188648946], [-6.374183889190674, 53.2439992732985], [-6.374028584384643, 53.24350681345406], [-6.373892968545097, 53.242954677518135], [-6.373821390532256, 53.24242129983035], [-6.373720878749411, 53.24187548431902], [-6.373551853723379, 53.2412206176163], [-6.373563305384328, 53.24076233747102], [-6.373436641017304, 53.24031008067848], [-6.372758154852447, 53.239875003659385], [-6.372295073843702, 53.23963743814318], [-6.3726574944299585, 53.23917406596156], [-6.373358142926025, 53.23894313591766], [-6.374053948300849, 53.238702878894976], [-6.374613668646003, 53.23852259340522], [-6.375313340835614, 53.23829730057861], [-6.376420214662272, 53.23794490211085], [-6.377516125762134, 53.23759441122258], [-6.378334692229102, 53.237334501382804], [-6.378980704798274, 53.23712885778779], [-6.3787398463735965, 53.23644435188858], [-6.378401572624095, 53.2356343166487], [-6.378191676392737, 53.23512790752565], [-6.377888184663796, 53.23439500472929], [-6.377721676352923, 53.23398292172514], [-6.377441444962758, 53.2333507212297], [-6.37720252937355, 53.23278909295898], [-6.3770484265204335, 53.23244125650652], [-6.376800242010765, 53.23184409147317], [-6.376562495876866, 53.231284634546846], [-6.376351823036815, 53.23076068596221], [-6.3762046822908856, 53.2303500327062], [-6.375940041421797, 53.22965306307025], [-6.375800046696347, 53.229226779005735], [-6.375784761305084, 53.22871699627215], [-6.375921167216372, 53.22822330146161], [-6.375982326879125, 53.227854132017775], [-6.376000271270575, 53.227383357284154], [-6.375979097760857, 53.22682676071218], [-6.375898694112186, 53.22631761794912], [-6.375672158071666, 53.22569477178006], [-6.375470803985334, 53.225124663887655], [-6.3756171833044215, 53.22446843672404], [-6.375764910756168, 53.22408642746714], [-6.375959429091319, 53.22359388411362], [-6.376146946838901, 53.223129554719435], [-6.376337274269061, 53.22262023739196], [-6.376581843316884, 53.22200569970673], [-6.376756746396509, 53.22152187491219], [-6.376964343490522, 53.22099310986129], [-6.377118806927404, 53.2205988781546], [-6.377246760078878, 53.220242660520555], [-6.377458615721796, 53.219682587213406], [-6.377619558478715, 53.21930291249537], [-6.377196201768324, 53.21893109688134], [-6.376284555654202, 53.218543188649306], [-6.375470270452084, 53.218193538539225], [-6.374658149858728, 53.217826207476584], [-6.373949623491306, 53.21751825244367], [-6.373727522984421, 53.21705399640469], [-6.374462410295805, 53.216711368186395], [-6.375034709137275, 53.216426013130004], [-6.375847925898704, 53.21605892122117], [-6.377004423102926, 53.21574709939864], [-6.378004501445553, 53.21547312982886], [-6.378714729150628, 53.21529460596553], [-6.379692212198493, 53.21502328058629], [-6.380463668469771, 53.214821942811945], [-6.381026203092224, 53.21467258283761], [-6.382311485323323, 53.21432282649695], [-6.383196717094509, 53.214247309347876], [-6.384212278667382, 53.214176699056516], [-6.385051546796724, 53.21413460621818], [-6.385647605669099, 53.21409127876497], [-6.386676036885503, 53.2140098575279], [-6.388036175461527, 53.21392716479756], [-6.388803683667816, 53.21386888610386], [-6.390099698152594, 53.21376723823475], [-6.391037324116898, 53.21367349791841], [-6.3923282948962425, 53.21350839795898], [-6.393028448262346, 53.21340847104067], [-6.393759039519499, 53.213270485236684], [-6.394365579809732, 53.21313783296031], [-6.395014938682041, 53.21296288560115], [-6.39560809888386, 53.21266603036249], [-6.3963932421957965, 53.21240581835956], [-6.397130509196137, 53.21204861423928], [-6.397953237087796, 53.21181630874003], [-6.3983619243661005, 53.21140282137224], [-6.398821811904699, 53.2110861838883], [-6.3992635237622135, 53.21081971858523], [-6.399752855780318, 53.210504461827476], [-6.400032018290613, 53.21015330739799], [-6.400549026073336, 53.20989351067472], [-6.400859128242567, 53.20955004940968], [-6.401212377118638, 53.2091717569187], [-6.401506707709619, 53.208817207790865], [-6.402139087019332, 53.20848885232282], [-6.402864763034862, 53.20835712620375], [-6.402692478888585, 53.20874351229125], [-6.402790362658591, 53.20910916579224], [-6.402608216429096, 53.20952822275887], [-6.4024307913417955, 53.21000279375484], [-6.401954464132025, 53.21047353459411], [-6.401430391565148, 53.21084351546282], [-6.401391958985888, 53.21120581275385], [-6.4015451082022325, 53.211695333396676], [-6.401910693346531, 53.21231595123171], [-6.40219924414958, 53.2128004570689], [-6.402511604014814, 53.21328240552943], [-6.402968156274509, 53.213878176843785], [-6.403558766654091, 53.21447870873642], [-6.404043325028494, 53.214949659478194], [-6.404441648817765, 53.21534566834984], [-6.404904614705354, 53.21591635355279], [-6.405185839204293, 53.216320408024956], [-6.405572415169468, 53.21687038578515], [-6.406050487748809, 53.21719807530104], [-6.40689763123394, 53.217470395122334], [-6.407664393930642, 53.21754966831301], [-6.408197852300981, 53.21729697845571], [-6.409012506347879, 53.21690379790235], [-6.409872239067822, 53.21651337050187], [-6.41045562974331, 53.21630878944621], [-6.410853529601723, 53.21668481918413], [-6.4113567740747275, 53.21721422555773], [-6.4119911813723025, 53.21751989005762], [-6.412571296368253, 53.21776119847002], [-6.412837156535813, 53.21820897679378], [-6.413132825598279, 53.2185320501342], [-6.413581275204472, 53.21894154688686], [-6.414083671864249, 53.21941529934303], [-6.414013564392957, 53.21981528354836], [-6.414041680371002, 53.22021738422055], [-6.4142894312104985, 53.22057118172513], [-6.414621392417618, 53.22107259015449], [-6.41465510132531, 53.2214672157768], [-6.414651108526723, 53.221829345347246], [-6.414634519158099, 53.22221485363472], [-6.414437677849331, 53.22256857499338], [-6.414681564568171, 53.223090919183754], [-6.414840362841958, 53.22350958715689], [-6.415118789468067, 53.22390962528058], [-6.415341855488749, 53.22435071662677], [-6.41565346260178, 53.22474885806894], [-6.415919690835338, 53.225138486569136], [-6.415920238574487, 53.22551505573801], [-6.416355054232333, 53.22598538252432], [-6.416471715791882, 53.22635172184728], [-6.416688401606471, 53.226695304792834], [-6.41660986742112, 53.227210123706946], [-6.416671129720374, 53.227635221398494], [-6.416997624947524, 53.22794215743002], [-6.4179229004551, 53.22825704535827], [-6.41826716673941, 53.22862173154227], [-6.418630848698095, 53.229079781245574], [-6.418466122562648, 53.22951059551134], [-6.418887847014891, 53.22992906248547], [-6.419089115288934, 53.23031323769352], [-6.4192968186038435, 53.23072400997267], [-6.419500916154487, 53.23107182399484], [-6.4200673194139055, 53.2313829220283], [-6.420817530778635, 53.2312010824197], [-6.4214439221220365, 53.23111429931085], [-6.422123443684512, 53.23095991429086], [-6.422989240992688, 53.23081554036939], [-6.423806288146634, 53.23052528307289], [-6.424455313797372, 53.23074668304734], [-6.425064850227201, 53.230667746509646], [-6.426248592174379, 53.23079932247613], [-6.427084619537654, 53.23085997158138], [-6.428236307895573, 53.23097663526815], [-6.4288038368737945, 53.23113052130052], [-6.429679491984432, 53.231347331844084], [-6.430535226447647, 53.2315382601604], [-6.431331827538633, 53.231562860810655], [-6.432126051416872, 53.23156127230195], [-6.432919839719756, 53.23155131474119], [-6.43385795702474, 53.23153327347134], [-6.43479477127795, 53.23152383534129], [-6.435652574022311, 53.231482616493814], [-6.436312439133512, 53.23144598353422], [-6.437034916459186, 53.23145384572673], [-6.437628338359224, 53.23125735165325], [-6.438230069577098, 53.23099194247405], [-6.439184538487536, 53.23102314336522], [-6.43990528721113, 53.230983243937516], [-6.440553830675437, 53.230860162953704], [-6.441165717436918, 53.2309842838485], [-6.441754904423751, 53.23126412105566], [-6.442477415608269, 53.23136964065473], [-6.443502326007607, 53.231005395932705], [-6.444185899722328, 53.231006056085235], [-6.444940363911959, 53.231047989740794], [-6.44556393944379, 53.23124198051149], [-6.446152921786298, 53.23133737756668], [-6.447058113966253, 53.23140274262426], [-6.447768346528634, 53.23148272635432], [-6.448503551746374, 53.231432448338296], [-6.4491550350722155, 53.23149404400295], [-6.449820201239133, 53.23150863180818], [-6.450530914230223, 53.23163021558191], [-6.4511882779468275, 53.23168648430345], [-6.451796754923236, 53.23157081992984], [-6.452504938478173, 53.23150246151292], [-6.453212603097284, 53.231403895494175], [-6.453942043796161, 53.231304259800666], [-6.454753449819646, 53.231212962296624], [-6.4553999246328, 53.231067306143345], [-6.455819412543122, 53.23077931487711], [-6.456112217231271, 53.23032836215417], [-6.4564626929971745, 53.22985703619319], [-6.456844581621983, 53.22952865151742], [-6.45748415908521, 53.22932313064211], [-6.457501958050436, 53.22873191992461], [-6.457525511948203, 53.227860386045215], [-6.45754682108725, 53.22741885591853], [-6.457532165960965, 53.226998519063656], [-6.4580710278827596, 53.226741722898645], [-6.458515979167342, 53.22647211591927], [-6.458879134651845, 53.22614474061995], [-6.4596807655071045, 53.22590984948307], [-6.46011281130607, 53.22562074748383], [-6.460754288441764, 53.225711358933744], [-6.461133031578396, 53.225224207825015], [-6.461579058772164, 53.2254988623419], [-6.461112520783101, 53.226088771720306], [-6.461595727940973, 53.226315375986914], [-6.4624606123331825, 53.22669321458397], [-6.463266954008081, 53.227033444584094], [-6.463934088413022, 53.22732586037965], [-6.464490379170254, 53.227602644225506], [-6.465065481002848, 53.22782682366017], [-6.465795549873954, 53.228007611116844], [-6.466589219916758, 53.228202693302045], [-6.467096179021387, 53.2285576466301], [-6.467606063075823, 53.228837862767136], [-6.468269673177742, 53.22914755362642], [-6.468968321183613, 53.22955214526703], [-6.46948861546672, 53.22985630272128], [-6.469969491546711, 53.23017837516992], [-6.470583242354976, 53.23065762793121], [-6.470943340061276, 53.23097239411771], [-6.47134592060446, 53.23131879954852], [-6.471834263731887, 53.23174071662593], [-6.472260672117119, 53.23211564388836], [-6.473023207096253, 53.23269205434259], [-6.473411323533552, 53.23299108498766], [-6.473906641839497, 53.233377763399595], [-6.4743933331005294, 53.23376064451418], [-6.474873477176336, 53.23410901927029], [-6.4752494979831585, 53.23440150806621], [-6.474809399024054, 53.234792384932454], [-6.474314964010273, 53.23523801468219], [-6.4738844886464815, 53.23561139674209], [-6.47331924536984, 53.23606743916468], [-6.472651558646506, 53.236360847837695], [-6.471856413877645, 53.23673961306369], [-6.4718215869387254, 53.237144932759115], [-6.471915025975416, 53.237577241004615], [-6.47241701356245, 53.23795466408457], [-6.473049474124621, 53.23798514861009], [-6.4742576351964125, 53.23795389241546], [-6.475116031272824, 53.23796443168917], [-6.475799584691047, 53.2380486690344], [-6.476510748550163, 53.23813478327383], [-6.477114514132368, 53.2382150271167], [-6.478062715443656, 53.238351433338906], [-6.478762333631642, 53.238470728612775], [-6.479706498525221, 53.238689930862606], [-6.480775577501787, 53.23898944494853], [-6.4816438615271545, 53.239216830995936], [-6.482483150412673, 53.23943638212851], [-6.483517488774998, 53.239685191272926], [-6.484081431202389, 53.23984092324651], [-6.484944764958074, 53.240083500026564], [-6.485841899957954, 53.240317333224645], [-6.4866777621161695, 53.24052665561971], [-6.487415331513371, 53.240692575134716], [-6.488246063456833, 53.24074643523815], [-6.4889130540001805, 53.240832813289344], [-6.489790254619295, 53.241065375148075], [-6.490551869643534, 53.24132450591743], [-6.4915395381483165, 53.241564385545296], [-6.492447528970478, 53.241621351141774], [-6.493157360391513, 53.241804228907924], [-6.494005226741611, 53.24196557062746], [-6.494706716519424, 53.242168195014415], [-6.495312742918902, 53.24224289255174], [-6.496345333983906, 53.242334114487804], [-6.496894662106364, 53.24250721547133], [-6.4978894283657045, 53.242793145221704], [-6.498633858152065, 53.24299835459327], [-6.49969410054024, 53.243299383464915], [-6.500362069850758, 53.24348672359354], [-6.50128536787393, 53.24377181511202], [-6.502080290138021, 53.24398986014146], [-6.502630649916206, 53.24415944241811], [-6.503472070526863, 53.244405113305504], [-6.5042173461879935, 53.24461595988804], [-6.505020549455478, 53.24494112449924], [-6.505153005956239, 53.24538431862547], [-6.506205930214848, 53.24564655287071], [-6.506938716388235, 53.24583736431878], [-6.507798682983333, 53.24603111193599], [-6.508437837979213, 53.24623907507791], [-6.509259995744855, 53.246603721195086], [-6.509763459114977, 53.24683020032992], [-6.5103729512609965, 53.24656236892877], [-6.510652352913291, 53.24689649355765], [-6.511401876305661, 53.24725060075949], [-6.512156252113401, 53.2474794848072], [-6.512790976134989, 53.247577727467075], [-6.5134605614290555, 53.24761151540482], [-6.514141715292008, 53.247668091084144], [-6.514825269198281, 53.24764830320388], [-6.515121710685013, 53.24797687774976], [-6.515500482005279, 53.24831546416653], [-6.516027457608412, 53.24856036313208], [-6.516608320899769, 53.24876234356156], [-6.517364502285707, 53.24874047936628], [-6.518078917137698, 53.248586251655865], [-6.518688907416993, 53.24841050091476], [-6.519235019323779, 53.24815918147611], [-6.5197861965169395, 53.247900553136766], [-6.520483035610048, 53.24782167348012], [-6.52092023733296, 53.247517318894126], [-6.521644590341245, 53.247536193070516], [-6.522277173138284, 53.24740321288337], [-6.523225647658606, 53.24727252686533], [-6.524020688150681, 53.24735220587956], [-6.523979872717341, 53.247722953205646], [-6.52470131785996, 53.24751763705905], [-6.52537833633217, 53.247705576990114], [-6.52591255036082, 53.24799294018493], [-6.526610808461742, 53.24809899463941], [-6.5271495717767865, 53.24775794800714], [-6.527893801666034, 53.24739247639464], [-6.528259224739184, 53.24707516586088], [-6.5291952238683235, 53.24703360908898], [-6.529816165144468, 53.24722838067739], [-6.530589542264056, 53.24748254549467], [-6.531233479503415, 53.24772064084933], [-6.531909410025511, 53.24795930656888], [-6.532612983957096, 53.248202892166084], [-6.532648284450564, 53.24858320676474], [-6.532304136711666, 53.249037664408746], [-6.531893345990837, 53.24956867801354], [-6.531500423303198, 53.25002873347502], [-6.532533359141951, 53.250529001629495], [-6.53307237009092, 53.250703874193185], [-6.533551440850302, 53.2509800988221], [-6.533218480929426, 53.25141429621012], [-6.53277008036805, 53.2520255528762], [-6.532823574675838, 53.252668780607394], [-6.533366493268772, 53.25296142916686], [-6.533393932351208, 53.25348148383905], [-6.53406014961504, 53.25361325175456], [-6.534612996460238, 53.253793230050974], [-6.535292109070774, 53.25376850660199], [-6.535941943814084, 53.25391704796701], [-6.534967356185114, 53.254446985699616], [-6.534411704432955, 53.25479693658974], [-6.533922331218026, 53.255080657451856], [-6.533374567989364, 53.25532600233746], [-6.532684426446318, 53.25557102973591], [-6.531821607952149, 53.255790919351035], [-6.531135388403242, 53.25595348571345], [-6.5303303225318405, 53.25632335010552], [-6.529816867969604, 53.25659435528285], [-6.529146956840677, 53.257033820536336], [-6.528663028588801, 53.25745958148861], [-6.5284083073572425, 53.25780809695426], [-6.527969056812062, 53.25838646645128], [-6.527628069090719, 53.25874155364696], [-6.527298810360055, 53.25910406426523], [-6.526919365355957, 53.25959231058684], [-6.526268563301233, 53.25936246621155], [-6.525326801241866, 53.25903195900932], [-6.525540267263265, 53.25851470335747], [-6.525131360590093, 53.25786527718357], [-6.524648234214837, 53.25716406437021], [-6.523909446156226, 53.2571612071615], [-6.523062701854958, 53.25750776956155], [-6.522217625133754, 53.25784500021479], [-6.5212166342066995, 53.25834088786075], [-6.520678798849441, 53.25879299874797], [-6.520339365409013, 53.25913343592157], [-6.519806864876632, 53.25967745614619], [-6.519481594014467, 53.26000827098657], [-6.519048565510604, 53.26047039389595], [-6.518672742116581, 53.26087939423411], [-6.518341722264179, 53.26124725079118], [-6.517967936984039, 53.26166840669785], [-6.517153336753016, 53.26191440348118], [-6.516265695694011, 53.261966894354146], [-6.515417710939542, 53.26184876037065], [-6.514882233731694, 53.26152359022904], [-6.51393149449118, 53.26133900946292], [-6.513210188017281, 53.261296941279106], [-6.512533971331328, 53.26124150164151], [-6.511592357618965, 53.261200358542496], [-6.510805469114587, 53.26110344490628], [-6.510752786633835, 53.26179056121009], [-6.510373887604576, 53.26237429436571], [-6.508835787166251, 53.26214179897851], [-6.508476401753296, 53.262444657193385], [-6.508138370932097, 53.26282992277022], [-6.507843443983071, 53.26323388078253], [-6.507589474222612, 53.26365075298582], [-6.507303396375655, 53.26410910191584], [-6.5068960755659715, 53.26464088287551], [-6.507133348960015, 53.26500513217971], [-6.507979773505426, 53.26542481884507], [-6.508354435034705, 53.26577766437045], [-6.508547526802502, 53.26613668451326], [-6.509497555940161, 53.26586080547842], [-6.509866390370741, 53.26551438560096], [-6.5106227267478065, 53.26517307711208], [-6.511336476963264, 53.264904296180205], [-6.512071106474326, 53.26494887829723], [-6.512904006645003, 53.264772973101344], [-6.513525652223621, 53.264322032032226], [-6.514340308021797, 53.26428671539546], [-6.5149521285066445, 53.263975931336354], [-6.515620816961701, 53.26410369830615], [-6.516321442688178, 53.26437313444148], [-6.516887959658497, 53.2646886185466], [-6.517358098481167, 53.26512440500319], [-6.518216622256048, 53.26467890252915], [-6.5187233251172385, 53.26487275927815], [-6.51947295236943, 53.26519185456638], [-6.520044613295206, 53.265466766201875], [-6.520912979788951, 53.26588501503758], [-6.521584688685309, 53.266245458489145], [-6.522290685744264, 53.26666590681138], [-6.52278917156943, 53.26700963666454], [-6.523368513326595, 53.267389415297224], [-6.522687846804261, 53.26768932362139], [-6.521654761516304, 53.26812703138624], [-6.521033000425583, 53.268406721309084], [-6.520405374862004, 53.26867698877104], [-6.519867376499142, 53.26892221390132], [-6.519090921944922, 53.269219833906426], [-6.518193833513288, 53.26963763285132], [-6.51770501178482, 53.269858026538856], [-6.516739764506434, 53.27031172372296], [-6.516184987286837, 53.270572540672546], [-6.515673809675051, 53.27082733752943], [-6.515078600583898, 53.271130603615056], [-6.514125522789546, 53.27161678456434], [-6.513382133750769, 53.27198155315518], [-6.512683519798396, 53.27232413881798], [-6.511939201816373, 53.27270425464215], [-6.5109462654026915, 53.27323233136486], [-6.510529359312791, 53.27349448504725], [-6.510055035225336, 53.27377910599034], [-6.509356536499325, 53.27419491766724], [-6.508466292219781, 53.274726415022194], [-6.507855305528453, 53.27510682588255], [-6.50723649771365, 53.275342355495305], [-6.506533326927948, 53.27552892437013], [-6.505962171854324, 53.27564578725444], [-6.505298853191278, 53.27575663880611], [-6.504582228995504, 53.27587122157562], [-6.503803543971479, 53.27601359968725], [-6.50295354843599, 53.276165322325824], [-6.502024128363058, 53.276317928111666], [-6.5010014694255265, 53.27648804713101], [-6.500125544982845, 53.2766239660189], [-6.499472539859595, 53.2767289836615], [-6.4982090698692465, 53.27700568844081], [-6.497557072307385, 53.27711340443231], [-6.4967627787111715, 53.277244665788665], [-6.495870420778743, 53.277396972240325], [-6.494749662832307, 53.277573708542256], [-6.494000765905322, 53.277700581981826], [-6.492990421041047, 53.2778843585275], [-6.491556737908912, 53.278135834448825], [-6.490919168965512, 53.27824019196087], [-6.489898672557503, 53.278437564014695], [-6.48903473726, 53.278645090137886], [-6.488402995389739, 53.27879417348558], [-6.48773027069598, 53.27895855070028], [-6.4859187097042, 53.27942723333779], [-6.485091121263216, 53.27967239889174], [-6.484458680904279, 53.27986135486813], [-6.4838104816546895, 53.28003069515949], [-6.48292202812222, 53.28022339635265], [-6.4813800011788105, 53.280575823469505], [-6.480526493202866, 53.28076589651883], [-6.479322506140035, 53.28107407576843], [-6.478307607816451, 53.28127402682776], [-6.477548116681209, 53.281438227905944], [-6.475874696341257, 53.28183132474167], [-6.474203222259369, 53.28218281330499], [-6.471221982330539, 53.282853513030375], [-6.469296349523519, 53.28326512178211], [-6.467899576493921, 53.283519844286054], [-6.466848250349666, 53.283656321060256], [-6.465503781753563, 53.28372080410939], [-6.464251637388804, 53.2837455705195], [-6.462389013614629, 53.283667009004795], [-6.461204127095419, 53.28371993144681], [-6.458847514905304, 53.284033691157966], [-6.45795395173308, 53.28423225236667], [-6.457199606798485, 53.28447305034883], [-6.456457720128123, 53.28473512441523], [-6.455829521946823, 53.2849894099616], [-6.455021825325017, 53.28539180886871], [-6.454106683489086, 53.28589894587949], [-6.45319783032992, 53.28650528444234], [-6.449360627839908, 53.28883250356833], [-6.448624926818234, 53.28924127816779], [-6.4477012917504375, 53.28973603372902], [-6.447106073203223, 53.290291588946786], [-6.446527963722896, 53.29052526908797], [-6.445591504658681, 53.29075517339751], [-6.444812305602683, 53.29091567505631], [-6.444056464554394, 53.29103576525609], [-6.443284801026646, 53.29112481856451], [-6.442519565648107, 53.291261492273655], [-6.4416676848319145, 53.29137914437104], [-6.440865031817734, 53.29146624920663], [-6.439922583979536, 53.291540016001456], [-6.439031081152233, 53.291624418022984], [-6.437898457120727, 53.29173315461317], [-6.437004989238462, 53.29182371683579], [-6.4360645343541485, 53.29193055164303], [-6.43508964032898, 53.292055530175716], [-6.434115811996504, 53.29223236999099], [-6.433289481923914, 53.29240781510772], [-6.431791752539157, 53.29258116517983], [-6.430715724790131, 53.29291300756369], [-6.429983580431452, 53.29331578366709], [-6.429470900376735, 53.29364047331085], [-6.428285332011948, 53.29442406761427], [-6.427654616089031, 53.2949134537533], [-6.427235010969427, 53.295323480118114], [-6.42691683942872, 53.295649466494815], [-6.426495041189716, 53.296044722601074], [-6.425938157493063, 53.29663114570555], [-6.425245473233478, 53.297293330839565], [-6.4245050434572635, 53.298072251896095], [-6.423501264013213, 53.29903695370261], [-6.422716175884193, 53.29979720933942], [-6.421981817986815, 53.30040903624488], [-6.421549833537163, 53.30071229269342], [-6.420959307973624, 53.301107093052636], [-6.420360876923396, 53.30149118107751], [-6.419308386206336, 53.30200126707624], [-6.418511341158798, 53.30236177286106], [-6.417528658324532, 53.30273293079444], [-6.416729454187696, 53.303054032872005], [-6.4159197548833635, 53.303334099145594], [-6.415080206953619, 53.303641353447915], [-6.413953051769408, 53.304042825202735], [-6.412614012536876, 53.30454490669475], [-6.411756457229002, 53.30485261704394], [-6.410897802375139, 53.30519625483515], [-6.410106035922461, 53.30548442960074], [-6.409497696290286, 53.30569137659123], [-6.408669699395135, 53.30599496570417], [-6.407542314718194, 53.3064990065213], [-6.406837325320005, 53.30678175815696], [-6.406291536173854, 53.30707589028151], [-6.405586058523587, 53.30746090075844], [-6.404942224914706, 53.30784511407365], [-6.403863592906366, 53.3084728054568], [-6.40343252997812, 53.308795421497585], [-6.402877459290437, 53.309164455834896], [-6.402060469169209, 53.30969372210365], [-6.401411917144855, 53.31009645658611], [-6.400600631145911, 53.310588043821625], [-6.3989964945507785, 53.31135162604757], [-6.397828854515026, 53.311727419396945], [-6.396967124252401, 53.3119614542786], [-6.396014877215224, 53.31215687927507], [-6.395185750294863, 53.312286730538936], [-6.394180540107641, 53.312402431889595], [-6.393167521645276, 53.31249851765144], [-6.39178539226737, 53.31266160369603], [-6.391180546099688, 53.31275409990655], [-6.390489942436448, 53.312885697634165], [-6.389384965147299, 53.31313904198612], [-6.388506591887436, 53.3133364835692], [-6.383201486563719, 53.31476110930377], [-6.380247377587045, 53.31556427697255], [-6.379542044331019, 53.31572643730692], [-6.374025867991082, 53.31697326036053], [-6.372483599326694, 53.31732491576756], [-6.371307620568568, 53.31758736999023], [-6.370520334472004, 53.3177382924594]]]}}, {"type": "Feature", "id": "D3", "properties": {"district": "D3"}, "geometry": {"type": "Polygon", "coordinates": [[[-6.227482325419135, 53.36844531127802], [-6.226752543633676, 53.36817311918341], [-6.226194544046764, 53.36855370108805], [-6.225633189275878, 53.36896406805859], [-6.225137496245481, 53.36944919420119], [-6.224574488704056, 53.36997025409368], [-6.223883774959104, 53.37071561841091], [-6.223374938499028, 53.371295177009536], [-6.222867241827152, 53.37185893296977], [-6.222462548676641, 53.37231799258836], [-6.2219975290473695, 53.37280877547494], [-6.221495731183053, 53.37321524760688], [-6.220745396457556, 53.37295933922671], [-6.220118554805969, 53.37279163540743], [-6.219417893545731, 53.372649608538275], [-6.218635141443071, 53.37249089393644], [-6.2175843640436765, 53.37247933544732], [-6.2169539808189995, 53.372399816404204], [-6.216104199157358, 53.372279447396835], [-6.21550068489776, 53.3721977160595], [-6.215048934178387, 53.37249679375114], [-6.214752723041934, 53.37289067557391], [-6.21395975188061, 53.37268621211278], [-6.213154736432286, 53.37261565227718], [-6.212968419617665, 53.37301009701739], [-6.212744312997367, 53.37348405154039], [-6.211909446958021, 53.37332397289894], [-6.211351829493097, 53.373078532148845], [-6.210807009474565, 53.37283840336169], [-6.21020463320329, 53.37257296342484], [-6.209356922918703, 53.372312017113444], [-6.20838769865476, 53.37236846644089], [-6.207935372368951, 53.372057276118035], [-6.207535014338423, 53.37162140303321], [-6.207322241120992, 53.37141716199989], [-6.2070740681948235, 53.37128266876359], [-6.20681697153557, 53.37118066453051], [-6.206552976407449, 53.371083588889704], [-6.206266521100294, 53.37097835610295], [-6.205246907025507, 53.371072487545554], [-6.204508402962347, 53.371139475480504], [-6.203228187658433, 53.37125312445435], [-6.20271643500072, 53.37093571655317], [-6.202883098807552, 53.370330150512814], [-6.202249681838006, 53.37025634935619], [-6.201415089533451, 53.37015686450081], [-6.200507518591194, 53.370042342893626], [-6.199632171351073, 53.36993378281299], [-6.198822823939795, 53.36983546951883], [-6.1978945725317445, 53.36970327034633], [-6.196892729686329, 53.36955889745598], [-6.1957468626423955, 53.369385735957174], [-6.194508902082549, 53.369186724472954], [-6.193437437381174, 53.36898662630619], [-6.192580717681153, 53.36896879790092], [-6.191847837398099, 53.36899993341328], [-6.191248363832399, 53.36909402055579], [-6.190414883509861, 53.36920909095552], [-6.18976443416046, 53.36929520771142], [-6.188972050215888, 53.36931194188563], [-6.188364848365563, 53.36925500120496], [-6.187492848974906, 53.36927878490823], [-6.186670993986578, 53.36922783136601], [-6.185896980285942, 53.36917391480224], [-6.185256649318528, 53.3689781405249], [-6.184643486448789, 53.368845956622465], [-6.183596533476402, 53.36860695815204], [-6.1829090711299415, 53.36842708002105], [-6.1822394426633185, 53.36829707932797], [-6.182014212904835, 53.36882488510128], [-6.181794690533049, 53.369282586849], [-6.181354420386612, 53.36981924694302], [-6.180461513037285, 53.369687720107116], [-6.179830847692612, 53.36948945769882], [-6.178820198165457, 53.36912892391123], [-6.178080255774958, 53.36893033212617], [-6.177434346802556, 53.368767413708056], [-6.17679589755946, 53.36857503760706], [-6.176226061718307, 53.368404108020215], [-6.175221693968505, 53.36809504657063], [-6.174616111203663, 53.36790253221355], [-6.173854431496895, 53.367636536192514], [-6.173324825351862, 53.36740644287401], [-6.1725947802695345, 53.36709373976891], [-6.171617851847447, 53.367753897303736], [-6.170885964951548, 53.368253516349014], [-6.170483122840681, 53.36853277594589], [-6.170070321940891, 53.36881583586838], [-6.169646370849731, 53.36910735112642], [-6.1691190907486835, 53.36947313201117], [-6.16871857764722, 53.369746669631375], [-6.168159808231101, 53.37013829577427], [-6.167678081425055, 53.37048454840009], [-6.16714106995859, 53.37094336942659], [-6.166811531290952, 53.37133554477144], [-6.166464533508845, 53.371871427275536], [-6.166084272477804, 53.37248606539378], [-6.165816153495254, 53.37290497559309], [-6.165500563920595, 53.37329493525341], [-6.165059345766671, 53.37369509496819], [-6.164586255122646, 53.37409260585035], [-6.16345774625377, 53.373585343715185], [-6.162642643611091, 53.37327837091391], [-6.161690007089598, 53.37304836168377], [-6.16136698872294, 53.372987102778296], [-6.1608543974519545, 53.372889890120256], [-6.160251981690554, 53.3728193094229], [-6.159044675551558, 53.372672438678705], [-6.1580949178270625, 53.372551640593564], [-6.157329024076168, 53.37245542390025], [-6.156563904495738, 53.372355709178045], [-6.155837102710513, 53.37226134505716], [-6.154841282260775, 53.37213136089075], [-6.154126076070413, 53.37204129977347], [-6.153460176316829, 53.371948941761275], [-6.152757380807562, 53.3718414493441], [-6.152025824743568, 53.37167122525382], [-6.15135666717189, 53.37139681193144], [-6.15065664386065, 53.37105693810183], [-6.150023680538656, 53.370711359401], [-6.1495164808277885, 53.37034957351112], [-6.149132732826992, 53.37006483452197], [-6.148651942989743, 53.36966597740156], [-6.14799961656049, 53.36912200667596], [-6.147373746190775, 53.36860846068593], [-6.146872516332608, 53.36819588757257], [-6.145970803121113, 53.367477092587265], [-6.146514144942571, 53.36713359131379], [-6.1470828458262705, 53.36677951692331], [-6.147710156472649, 53.36638824358612], [-6.148300029931295, 53.366019842871324], [-6.148923547074569, 53.36562122465386], [-6.149504139676438, 53.36524916903397], [-6.150118266592484, 53.364860824322875], [-6.150612944779436, 53.36454638803615], [-6.151101156185571, 53.364235174823115], [-6.151643431081297, 53.36388004041093], [-6.152108124636639, 53.36357645749834], [-6.15262630564396, 53.36323936950515], [-6.153086073704322, 53.36294046985787], [-6.15351109885036, 53.36263105481451], [-6.153901094299688, 53.36234068858367], [-6.154338267713209, 53.362019415626115], [-6.1548301034250725, 53.361648837314235], [-6.155279976819403, 53.36127706891942], [-6.15566315024142, 53.360943272672856], [-6.156165318006419, 53.360487828661775], [-6.156582192054276, 53.360113568211524], [-6.156948430799714, 53.35978696571299], [-6.157501089463965, 53.35933804810742], [-6.158140126810343, 53.35883671749442], [-6.158505199082773, 53.35855098459497], [-6.159041987101633, 53.35813318073879], [-6.159423762815327, 53.357836199080275], [-6.159945713497537, 53.357428767345624], [-6.160403529858759, 53.35707184171744], [-6.160808296389568, 53.35675552801949], [-6.16125177098217, 53.3564061970501], [-6.161803272880745, 53.35597341923199], [-6.162348750624553, 53.355530660065064], [-6.162723119015462, 53.3551945489884], [-6.163115347428972, 53.35484055739724], [-6.163620496946049, 53.35438422980079], [-6.163995444412718, 53.354042821208076], [-6.164365770817208, 53.35366467210377], [-6.164788943666279, 53.35321552625002], [-6.1650373432147, 53.35285203591528], [-6.165009393927583, 53.35240403764079], [-6.164489712862502, 53.35215599110942], [-6.163945350849845, 53.351900102906484], [-6.163363765759118, 53.35162845048589], [-6.162628039523563, 53.351259874418325], [-6.162373711680932, 53.350882803133906], [-6.162967784858427, 53.351171908501264], [-6.1635803114030585, 53.351452667104645], [-6.164151841279517, 53.35173054472926], [-6.164682979279616, 53.35198856524635], [-6.165157379342892, 53.352235195477554], [-6.1656426127834525, 53.3524748903864], [-6.166185628245702, 53.35274234363531], [-6.166739338309529, 53.352997466346494], [-6.1672402464123985, 53.35323604740044], [-6.1677837411717, 53.353498557550495], [-6.16838009627379, 53.353785243818876], [-6.168946487785732, 53.354057267168], [-6.169445583227009, 53.354315583004905], [-6.170033472750631, 53.35460374862478], [-6.170584740557539, 53.35486780292916], [-6.171143061941434, 53.35515245381911], [-6.17174595653729, 53.355400308109616], [-6.1722734323706465, 53.35571126300711], [-6.1728465297588855, 53.355998558691965], [-6.174538111734577, 53.3568634199832], [-6.176912904061344, 53.3580307865381], [-6.17828680699246, 53.35870766705049], [-6.178949911323353, 53.35916113398296], [-6.177683414403065, 53.35870465268986], [-6.17700685761243, 53.358775651013104], [-6.176359346551275, 53.35859589473031], [-6.17566752086019, 53.358699455668095], [-6.174921657362291, 53.35886419824624], [-6.174415241089426, 53.35906486504422], [-6.173835044639456, 53.35929864192993], [-6.173367034311606, 53.35964395856475], [-6.173374051908157, 53.360015690631364], [-6.173279865014802, 53.36039548946494], [-6.173202257873975, 53.36079028125704], [-6.173211599326255, 53.361174271579564], [-6.1729985565140035, 53.36152564772203], [-6.1722919197601325, 53.361782825052735], [-6.171691397421243, 53.361865114067534], [-6.172313170903556, 53.361850824939346], [-6.172127254439569, 53.362199289836305], [-6.171673689911333, 53.36249844688482], [-6.1711785455348345, 53.36279328006232], [-6.170718913505787, 53.36313251373342], [-6.169923621837268, 53.36317037596447], [-6.1695040323330055, 53.36290780087036], [-6.169491051611319, 53.36291865607482], [-6.169483332852598, 53.36292527811344], [-6.169916185892332, 53.3631964149255], [-6.170145119893496, 53.363579370083976], [-6.169794534866682, 53.36386616925576], [-6.169347086387591, 53.36413170908646], [-6.1688139984199415, 53.364368521572494], [-6.1682357625212, 53.364274085802855], [-6.168233301895233, 53.36429966181523], [-6.168219058939453, 53.36431103674167], [-6.16819973485432, 53.36432242352339], [-6.168190666150715, 53.36435760435275], [-6.168806818591906, 53.36456765968841], [-6.168380993922039, 53.3648805314105], [-6.168009998843768, 53.36523234972116], [-6.16765844055688, 53.36556136807433], [-6.167046773368817, 53.36569972338496], [-6.166396449476134, 53.36560704719906], [-6.166426699209022, 53.36521153181365], [-6.16640927160421, 53.36520182730863], [-6.16638886954084, 53.365203670699266], [-6.166372376284243, 53.365206832383635], [-6.1663691140500685, 53.365207770848045], [-6.166317097626809, 53.36523303454134], [-6.166261418167283, 53.36524260401375], [-6.1663505003365255, 53.36562952822172], [-6.165934688299319, 53.36596249704237], [-6.166752332355958, 53.365996992746986], [-6.1665682688909165, 53.36635563331166], [-6.16627522666674, 53.36669803923777], [-6.165801556778663, 53.36706211310918], [-6.165567445619628, 53.36750940631474], [-6.165197446330615, 53.36787156675378], [-6.164906066916413, 53.36826414406251], [-6.164535475496299, 53.36863402245648], [-6.163948549094701, 53.36885281960371], [-6.163315151079004, 53.368953344673564], [-6.162792467790787, 53.36915065691239], [-6.16217198850119, 53.36921578518862], [-6.161484623570351, 53.369478498881364], [-6.160952482065239, 53.36981154535336], [-6.160462841624889, 53.370049709795055], [-6.1602446169679865, 53.3703941534692], [-6.159845961476407, 53.370709301549795], [-6.15926055287428, 53.37086294141131], [-6.158724346067992, 53.37070053540231], [-6.158245934111737, 53.370451123309344], [-6.157661419609422, 53.370070114512224], [-6.1579545339923785, 53.37041157425457], [-6.1584565066173935, 53.370666384077076], [-6.158800503017599, 53.371118541655626], [-6.1582135317413, 53.37147472607078], [-6.157591544933723, 53.37139583094341], [-6.157104297717816, 53.371124258981446], [-6.156493998741421, 53.370789310584065], [-6.1558312745147905, 53.37076720560671], [-6.155311944027381, 53.37100030670335], [-6.154743685652561, 53.371149516292384], [-6.154157078637467, 53.37124145981016], [-6.154812696994539, 53.37117008604345], [-6.155407110850877, 53.37102936907457], [-6.1562916695256344, 53.370845320640754], [-6.156665200394425, 53.371169871834354], [-6.157256842616452, 53.371279758725464], [-6.157740644202449, 53.37154795153504], [-6.158013244901514, 53.37187102976444], [-6.157969802995939, 53.37235486441856], [-6.158607470934772, 53.37246419679506], [-6.1593416093077185, 53.37256971152572], [-6.160131085496922, 53.37268254590911], [-6.160880880619711, 53.37274128899252], [-6.161701502237059, 53.3727815263089], [-6.16258366753536, 53.37279718183685], [-6.163603980513067, 53.372819720447815], [-6.164240039839923, 53.37276237345145], [-6.1650209154878794, 53.37261153572476], [-6.164994068579512, 53.37223859969585], [-6.165069278381652, 53.371844225761585], [-6.165499063473624, 53.37137801340603], [-6.166119989656972, 53.37120215113115], [-6.166688055467208, 53.37096705605388], [-6.167047647610944, 53.37066575487167], [-6.167514998853753, 53.37041778464063], [-6.167967593682886, 53.37016410377553], [-6.16873266843301, 53.369634904306096], [-6.169590052194242, 53.36905948360598], [-6.170119923935935, 53.368693740428064], [-6.170528163058243, 53.36830312244], [-6.171077439376375, 53.367975778728905], [-6.17166360162561, 53.36760298289022], [-6.172297236018426, 53.36717186500106], [-6.172794480072708, 53.36685216445713], [-6.1738132314742415, 53.366140421515986], [-6.174319601964184, 53.365763245925095], [-6.175127179692663, 53.365160781090864], [-6.175526411031528, 53.3647702781677], [-6.175832936538956, 53.36444665985271], [-6.176243640903865, 53.364132452298115], [-6.176707464229005, 53.3638393664382], [-6.177078025264628, 53.363521846367426], [-6.1775287101250145, 53.36324886787802], [-6.177941003985499, 53.362905560068626], [-6.178333235601962, 53.362602477172395], [-6.178806637218695, 53.362357162147916], [-6.179398142263032, 53.36204741138297], [-6.180012454943981, 53.361705291965066], [-6.180736700438709, 53.36141175950825], [-6.181476550790264, 53.361112349228], [-6.181923455662673, 53.36062135522085], [-6.181268344558752, 53.360205863606566], [-6.182050210116929, 53.360420623660204], [-6.182896357414143, 53.360123813081714], [-6.183515265930391, 53.35990532099995], [-6.1841866352948545, 53.35966803198175], [-6.184981573471506, 53.359441336947114], [-6.185800506543188, 53.359256253167366], [-6.186433038529712, 53.3591393297589], [-6.187141564134157, 53.359000909915196], [-6.187829565021671, 53.35879423031631], [-6.1885924253929545, 53.358543028126405], [-6.1895206383157095, 53.358237351348194], [-6.190316787159126, 53.35807139341461], [-6.191156157069953, 53.35792621704544], [-6.192004985699144, 53.3577916033908], [-6.192701664690779, 53.357692065844326], [-6.193547341783728, 53.35768734942924], [-6.194289160538314, 53.35782107664669], [-6.194934826232757, 53.35798147451207], [-6.195529777030671, 53.35816932175895], [-6.1961789925662725, 53.358421885960624], [-6.197061154860763, 53.35875058439234], [-6.197707625855514, 53.35893650305132], [-6.198343950069303, 53.35905764652899], [-6.19917519810073, 53.35918118991885], [-6.200012759625971, 53.359302036690416], [-6.20079648807159, 53.35942440235932], [-6.201547184475747, 53.359551567365386], [-6.202155134867499, 53.35965258053539], [-6.202871899124217, 53.3597589145902], [-6.2035771806326965, 53.35981725922764], [-6.2043319976066735, 53.359811457345046], [-6.204958136236183, 53.359542005884066], [-6.205699298991333, 53.359380420657416], [-6.205626854123216, 53.35979813681801], [-6.206446345997564, 53.35978942979929], [-6.207122274481231, 53.35978269383902], [-6.208208810315369, 53.35978796351111], [-6.209186548317989, 53.35984075037663], [-6.209944210375132, 53.35988231845562], [-6.2107334379501715, 53.359927590546484], [-6.211423385439406, 53.35996777410871], [-6.212153395800137, 53.36006616226914], [-6.212817462379224, 53.36020966260674], [-6.213476424483145, 53.36038345963391], [-6.214172774803726, 53.360596637513474], [-6.214837518247596, 53.36081023705018], [-6.215432566965429, 53.36104319133788], [-6.216289027512945, 53.361398682797535], [-6.217361316619845, 53.36184106425755], [-6.218002942266633, 53.36204234743146], [-6.218715256708371, 53.36224827746144], [-6.21933209937083, 53.36241125726654], [-6.220055846205607, 53.362536464812635], [-6.2207674401111275, 53.36248659533027], [-6.221519938278644, 53.3620853917551], [-6.222010992022869, 53.36183253096018], [-6.222648389253838, 53.36149898629381], [-6.223132336674773, 53.36124089236272], [-6.223642133191975, 53.360921259429766], [-6.224185050145995, 53.36065415337291], [-6.22481524133423, 53.360525848022014], [-6.225439686681844, 53.360410485365165], [-6.226231022462934, 53.360280345461995], [-6.227031639837847, 53.36016229127612], [-6.227728614087014, 53.35990527756006], [-6.228383852977174, 53.35962966561437], [-6.228970830810471, 53.35938350344132], [-6.229628785889096, 53.35923024106685], [-6.230120986686427, 53.35892083475064], [-6.230677549766564, 53.35869056978445], [-6.231217538774086, 53.3584325556415], [-6.231824589667961, 53.35824239793657], [-6.232426809136771, 53.35807005014182], [-6.23310231122858, 53.35805183696141], [-6.23377897003627, 53.358092503318375], [-6.234427436740537, 53.358275645237605], [-6.23493690857987, 53.358518379440916], [-6.235404815984042, 53.35880462382234], [-6.236016761397142, 53.35916741025313], [-6.236660556506546, 53.35954827914534], [-6.2373122634266585, 53.35994786487595], [-6.238012431124422, 53.360395435366705], [-6.23874052076162, 53.360851322575094], [-6.239412629814922, 53.361219832362885], [-6.240154313562893, 53.361526993442375], [-6.240830320495494, 53.36169621653695], [-6.2423704562779, 53.36194108004939], [-6.242588069877042, 53.36154606328098], [-6.24315970561274, 53.36137626648541], [-6.243967019018619, 53.36148332660443], [-6.244660812727904, 53.361578914990304], [-6.245369412246663, 53.36167309938085], [-6.2462995019911585, 53.36179893507877], [-6.247034861400734, 53.361899434424934], [-6.247711206295913, 53.36199178281844], [-6.248677114080686, 53.36212378788676], [-6.250300158180567, 53.36234559011221], [-6.252276624667399, 53.362615506785396], [-6.253908455568139, 53.36283846683593], [-6.25656282827697, 53.36320091378397], [-6.2579133803912, 53.36338537700969], [-6.257650456969601, 53.36365205136432], [-6.257454624692279, 53.36384448246576], [-6.257136378115586, 53.36419132206726], [-6.256888967432575, 53.36456642692083], [-6.256441738077769, 53.3651128725079], [-6.256080529522101, 53.36562516439205], [-6.255755792092523, 53.366127203794704], [-6.255543047087041, 53.366569227872894], [-6.255462260082615, 53.36698738795131], [-6.255437027760476, 53.36742280681582], [-6.255337376974695, 53.36791735148683], [-6.255179686476717, 53.36831281754693], [-6.254982353207802, 53.36873817009387], [-6.254745616366205, 53.36912690739848], [-6.254522711242939, 53.36947127024175], [-6.254302370922376, 53.369825556083555], [-6.254037790485024, 53.37024327264542], [-6.253797326489702, 53.370625752403946], [-6.253493511784145, 53.37112368818443], [-6.253126867362504, 53.37172423548795], [-6.25257229164851, 53.372519207916405], [-6.252312523495487, 53.37289726790654], [-6.252068063648949, 53.373282741330335], [-6.251857276818573, 53.37367814413516], [-6.251651061677355, 53.37409194737298], [-6.251396851201692, 53.37453659184517], [-6.251113619115754, 53.37489687029655], [-6.250685492069453, 53.375420297859094], [-6.250347160527968, 53.37581212050435], [-6.249759046034566, 53.37565439819193], [-6.248695237864031, 53.375363422273644], [-6.247524223887788, 53.375045428563325], [-6.246512813825012, 53.37477101995379], [-6.2457746774967005, 53.37456991175482], [-6.2446809346313445, 53.374275763380446], [-6.243938119852686, 53.37408032665643], [-6.243214714986567, 53.373874206686295], [-6.242506245793001, 53.373681783040325], [-6.241876708182794, 53.373508043209085], [-6.24095425646065, 53.37326320730936], [-6.240131239907953, 53.37300877663058], [-6.2393074314480685, 53.372728715040964], [-6.238713216855275, 53.37252258645739], [-6.238076562805254, 53.37229084380202], [-6.237149350831128, 53.37195837261922], [-6.236368984733789, 53.371674708294904], [-6.235558581566675, 53.371386370616705], [-6.23464416423831, 53.37105712451236], [-6.233910001048522, 53.37078383361972], [-6.233119476403959, 53.37048912282969], [-6.232273887684388, 53.3701836151173], [-6.230992417732739, 53.36972020513974], [-6.230446344450094, 53.36952364583922], [-6.229654010478659, 53.36923185065722], [-6.228944865794196, 53.36897238074052], [-6.228190826418119, 53.3687079259893], [-6.227482325419135, 53.36844531127802]]]}}, {"type": "Feature", "id": "D4", "properties": {"district": "D4"}, "geometry": {"type": "Polygon", "coordinates": [[[-6.218401910625916, 53.34349873268599], [-6.217250866008188, 53.343381236882124], [-6.216694097013902, 53.34368773760307], [-6.216100511492838, 53.343621073542806], [-6.2152952623388895, 53.343551329564974], [-6.2146378712633075, 53.3438378913163], [-6.212581324061717, 53.34361647150786], [-6.211015078725185, 53.34344685778685], [-6.210356541819828, 53.34337577570881], [-6.209493855268134, 53.343284909315486], [-6.208445420330381, 53.3431696774228], [-6.207781985289147, 53.343103360622884], [-6.207157508948327, 53.34307087860036], [-6.206454950615423, 53.343148841124936], [-6.205791130955502, 53.3429649539384], [-6.204749838424779, 53.34285995248804], [-6.203998376990011, 53.342775393569895], [-6.20336780634025, 53.342920388434116], [-6.202681639796314, 53.34268222355991], [-6.20159153111926, 53.342610340875], [-6.2005598799954225, 53.34254445286731], [-6.199762635376171, 53.34249153066636], [-6.199044871226124, 53.342439443728644], [-6.1979354036967695, 53.34236579727297], [-6.198175523003512, 53.341952504760314], [-6.19840778626398, 53.341414079994124], [-6.198592955894035, 53.3409643670022], [-6.198997192233696, 53.340679553116026], [-6.199699484267427, 53.34069545789177], [-6.200391831094169, 53.34079164464775], [-6.201274288451843, 53.34092313855608], [-6.2018880179111795, 53.341042396614974], [-6.202278097332801, 53.341343688393195], [-6.202682992536968, 53.34166092983341], [-6.203532394989919, 53.34159535702688], [-6.203355350648851, 53.34112562158037], [-6.202714687873642, 53.34103706125334], [-6.201829864295038, 53.34090572212427], [-6.201055769735295, 53.34079195398275], [-6.200438299741853, 53.34070283242786], [-6.199686591147382, 53.34059289813352], [-6.198926624896765, 53.3405937374667], [-6.19840749740821, 53.34086585130531], [-6.198209583628821, 53.341265312339694], [-6.197667915505522, 53.34161050862776], [-6.197297280404241, 53.341943907902426], [-6.196647319223424, 53.34190837918614], [-6.195872716585445, 53.34189450839379], [-6.195265534206249, 53.34191354290748], [-6.195157230503581, 53.34153965068213], [-6.194816879240765, 53.341196937535905], [-6.193651376439114, 53.34097905556903], [-6.193685103016189, 53.34040105439045], [-6.1937003926193634, 53.33981971826658], [-6.192991107305526, 53.33993147141164], [-6.192266922116296, 53.34113872535839], [-6.1915826070589866, 53.34114273158081], [-6.190925069726647, 53.34080391523416], [-6.189505250463151, 53.34099429239485], [-6.188951737531961, 53.34081387235035], [-6.188076974786013, 53.34110633477067], [-6.187515243099409, 53.34082197986465], [-6.186628658451829, 53.34082665845237], [-6.185247001510247, 53.34082955085796], [-6.1845004866674795, 53.340840119365645], [-6.1822183129537835, 53.34086943960124], [-6.181356513433021, 53.34087661368929], [-6.180504688201251, 53.34101308134779], [-6.179908588956755, 53.34089416161477], [-6.179074955879226, 53.340905883192626], [-6.17807921595641, 53.340923121575564], [-6.177251541777902, 53.34094318976573], [-6.176409624239128, 53.34096905595164], [-6.175509692536529, 53.340981626298685], [-6.1748110763787265, 53.340992776989445], [-6.173886161925243, 53.34100450342545], [-6.172861881017134, 53.34101712713515], [-6.172139511918637, 53.341027628695414], [-6.171294357978684, 53.34104217504908], [-6.170428890180797, 53.34105676331347], [-6.1694411168056575, 53.34107575940922], [-6.168257507410713, 53.34109830070635], [-6.1675631168431435, 53.34111477637986], [-6.1668616946014545, 53.34113347664891], [-6.165834894069438, 53.34116136964852], [-6.164961879151212, 53.34119584395751], [-6.164010689361064, 53.34120493263856], [-6.163279737346098, 53.341213271236555], [-6.1624506106233925, 53.341237977705454], [-6.161805874469515, 53.34125167979459], [-6.161113111343055, 53.34123596835846], [-6.160489090348396, 53.341194261204784], [-6.159809309275808, 53.34115034240853], [-6.15912659531854, 53.3412090098863], [-6.158339549624934, 53.3412888904191], [-6.157546966025136, 53.34137362326995], [-6.156849136577672, 53.341452355655896], [-6.156205913338972, 53.341537050899305], [-6.1555627651814255, 53.341619946381876], [-6.15488164673791, 53.34168436621892], [-6.154230696885656, 53.341764257909176], [-6.153598915544032, 53.34185621622147], [-6.152869145540712, 53.34196292085881], [-6.1522397328966045, 53.342057245401165], [-6.15140109729777, 53.341989158184255], [-6.15225028681411, 53.341899141681175], [-6.152995521067566, 53.341812901829904], [-6.154414854779585, 53.3416211530974], [-6.155276848461048, 53.34153544743414], [-6.156783380396709, 53.341357421768045], [-6.15740940324465, 53.34128090581931], [-6.158215166605429, 53.341197815383715], [-6.159196307064168, 53.34107716303488], [-6.159922151757526, 53.341034978288974], [-6.160705254276015, 53.341092532826785], [-6.161631987719773, 53.341139444181124], [-6.162579191869077, 53.34112222447913], [-6.16350906247463, 53.341084688616824], [-6.164253566658216, 53.3410952508629], [-6.164854366432562, 53.34108364563969], [-6.16561113067846, 53.34105385517764], [-6.166884627775023, 53.3410175330703], [-6.168154365374841, 53.34099084595215], [-6.169071360943127, 53.340970324697125], [-6.17010857770265, 53.34095352821685], [-6.17134528680509, 53.34093160294603], [-6.172639384161906, 53.3409085668886], [-6.1734788188464105, 53.34089446268022], [-6.175086879159915, 53.34087414049724], [-6.17642942739052, 53.340847490721195], [-6.17702212314914, 53.34078761820583], [-6.1775191673011305, 53.34053413247584], [-6.1782227486007075, 53.340438291444904], [-6.178796152684613, 53.34055768201396], [-6.179415750485815, 53.340372026555734], [-6.1796708771581566, 53.33988368543525], [-6.179627244510243, 53.339370113569906], [-6.180086136782582, 53.33902301632143], [-6.180711962865501, 53.33901908288864], [-6.181749291120921, 53.33900713023144], [-6.182155137576605, 53.33862847986823], [-6.182296257337635, 53.338033154203586], [-6.182517211330542, 53.33762795820447], [-6.1831759020120165, 53.337537964977635], [-6.184608320474999, 53.33754162180728], [-6.185749513235595, 53.33753256355524], [-6.187568032490036, 53.33750188403211], [-6.188220618105538, 53.33749130788694], [-6.189079148604327, 53.33747486797775], [-6.190150327552181, 53.33745508815407], [-6.191028557834222, 53.33744423565667], [-6.191929961993889, 53.33746518354324], [-6.192581646883283, 53.33740558911869], [-6.193264885553176, 53.33716789154918], [-6.193418463084389, 53.33678376412254], [-6.19372123917497, 53.33635911660057], [-6.1939257474347755, 53.33596227889084], [-6.1941951068251555, 53.33559554158699], [-6.194473561300664, 53.33508963825573], [-6.197371365922058, 53.3353271475168], [-6.199335731579265, 53.33553854399936], [-6.200208327817459, 53.33563691442142], [-6.200825060118404, 53.33564181571328], [-6.201502847474803, 53.33575251614495], [-6.202382518738518, 53.335827160971235], [-6.203052778982254, 53.33587554708515], [-6.203738129834925, 53.33598329302208], [-6.204361739883862, 53.3360662891824], [-6.205043821431267, 53.33615177976375], [-6.205795863426638, 53.3362492833634], [-6.206562779334716, 53.33634359068774], [-6.20738301075155, 53.33644525511073], [-6.208133608610081, 53.3365420032055], [-6.208644776323227, 53.33676124218497], [-6.209180082972824, 53.33702514863803], [-6.2097258755877025, 53.33717785771244], [-6.210270155804441, 53.33682276064815], [-6.210871899943078, 53.33643185508006], [-6.211320767109656, 53.33614578221946], [-6.211935615060651, 53.33574311481682], [-6.212540704704991, 53.335292216144914], [-6.2128082731714676, 53.33487553165812], [-6.21288265559498, 53.334450110280734], [-6.21261779858656, 53.33410336672262], [-6.212042712642946, 53.33378136058601], [-6.211435744122791, 53.33339883847632], [-6.211008930679716, 53.33307896080086], [-6.210659638984328, 53.332753144678485], [-6.2103368284657225, 53.33205825780055], [-6.209923784157227, 53.3315668357138], [-6.209585657463098, 53.33116119700442], [-6.209262572718045, 53.330736550340134], [-6.209000700995775, 53.3303345712312], [-6.208878456825387, 53.3299572466453], [-6.208843039819872, 53.32949647587055], [-6.208464329980547, 53.32912033156442], [-6.208348303001702, 53.328677582383264], [-6.208212722724923, 53.32820218503386], [-6.208079196082108, 53.327728076553036], [-6.207914287550198, 53.327202268747264], [-6.207651307862167, 53.32680979610767], [-6.207315740906917, 53.326362218091255], [-6.206902223100471, 53.32581334859208], [-6.206598756808166, 53.325406603988775], [-6.206407361757814, 53.324996331518435], [-6.206089091526973, 53.323612084223626], [-6.2061026093292515, 53.32322799073204], [-6.205989579912173, 53.322564286007704], [-6.205913878625601, 53.32216752623734], [-6.205806170140687, 53.32157184523614], [-6.205691155006408, 53.32092320879139], [-6.205844595230099, 53.31952934006205], [-6.2057672602399965, 53.319056612673165], [-6.205059460621905, 53.318454955627686], [-6.204746542001883, 53.31763815203781], [-6.204536499132108, 53.31708361830367], [-6.20414946750569, 53.31660550707631], [-6.203795996399134, 53.31611540767436], [-6.203580061427392, 53.31572516116817], [-6.203182342278005, 53.31539589518089], [-6.202697793266882, 53.3150329647546], [-6.2021791269658815, 53.31484288320183], [-6.201857775164654, 53.31451701082733], [-6.201417714922573, 53.31421801659302], [-6.200867152009473, 53.31385974473667], [-6.200265025868004, 53.31347112372696], [-6.199649049331629, 53.313073662631844], [-6.199154656664055, 53.312743012905486], [-6.1992272558771315, 53.31270016132863], [-6.2000905305062455, 53.31213261457993], [-6.200849403330629, 53.311807402327965], [-6.2015104032913335, 53.311796253916114], [-6.2022140766383345, 53.31179158700353], [-6.202915950234719, 53.31181501911864], [-6.203601917394358, 53.31192250848834], [-6.204226016011855, 53.31202384949905], [-6.205239069640816, 53.31225596599642], [-6.205905944096023, 53.31213146170669], [-6.206546448690496, 53.311924413052], [-6.206738834975024, 53.31152755089334], [-6.206995519092295, 53.31103162650856], [-6.207151861111016, 53.31057032187113], [-6.207234879973606, 53.310142785378034], [-6.207222671476524, 53.309769718149425], [-6.207474917784832, 53.3093704294893], [-6.2075165745131295, 53.30897884930487], [-6.20635731244955, 53.30925125721091], [-6.205321033440867, 53.309282218388816], [-6.20512383519181, 53.308776229866986], [-6.204602973101584, 53.30714518804527], [-6.205167051621135, 53.306722918259155], [-6.206036146704333, 53.306357002502324], [-6.206781229868098, 53.3061889136876], [-6.207182033459095, 53.30575231552463], [-6.206916551212379, 53.30539026844449], [-6.2072551989060605, 53.304986797217744], [-6.207726843116643, 53.30441842979059], [-6.208114942430178, 53.30409838287536], [-6.208645766168399, 53.30357898344132], [-6.211078845661067, 53.30263868297341], [-6.21163911767747, 53.302396252098795], [-6.213943325675597, 53.301498717603046], [-6.217115123886037, 53.300183533981674], [-6.2192169215050335, 53.29931279949667], [-6.220652825503465, 53.299493313676365], [-6.221263693779826, 53.29959400967278], [-6.2218437841743075, 53.29977144446161], [-6.222276978574073, 53.300095605823685], [-6.223457129387708, 53.300360527538956], [-6.224477883287967, 53.30039694325341], [-6.22528221691672, 53.300726080745385], [-6.2260078210548455, 53.30114589150701], [-6.226738278421457, 53.30152955110037], [-6.227731827393205, 53.301888897062554], [-6.229019259301807, 53.30218564492099], [-6.230052908329462, 53.30237211215666], [-6.231592361181609, 53.302607505027964], [-6.232578382359245, 53.30265942304824], [-6.233394826327186, 53.30273074936589], [-6.233712476790255, 53.30312298739969], [-6.234180175645945, 53.30350153939079], [-6.23504576332421, 53.304151734066295], [-6.235481590769888, 53.30449952180512], [-6.2357977979428805, 53.304855513860474], [-6.236485410075859, 53.30534857272918], [-6.236846850579444, 53.30603057036888], [-6.236900161948366, 53.306748723221716], [-6.236830364200976, 53.30781160492228], [-6.237027889699951, 53.308222547957946], [-6.237268785386358, 53.30869227945618], [-6.237564691010774, 53.309199671336614], [-6.2379795605590465, 53.30994976919768], [-6.238384858401331, 53.31080640291504], [-6.238622800674886, 53.31186843852379], [-6.238728339185788, 53.312434218115584], [-6.238794384594567, 53.31286208880593], [-6.238724741366457, 53.313296942552796], [-6.238879604046089, 53.31328422114534], [-6.238977481228401, 53.31329681089975], [-6.239216766255163, 53.31332586838732], [-6.23931421136132, 53.313342945116176], [-6.239661043456903, 53.31340828051084], [-6.23962028208073, 53.313541588990944], [-6.238431583342175, 53.313433981746314], [-6.23789295061624, 53.313686114742005], [-6.237368716315604, 53.31406922290536], [-6.237002438862096, 53.31441547980861], [-6.236756530358056, 53.31476908766443], [-6.23657846487221, 53.31515524363439], [-6.23659585319857, 53.31562202975291], [-6.23671994890644, 53.31604950171471], [-6.2364184776853655, 53.31646852338352], [-6.2358894520446615, 53.31669957967788], [-6.235166704421489, 53.31715262811982], [-6.234389732611434, 53.31764746903893], [-6.233651802192058, 53.31817361973241], [-6.233072227569881, 53.31860558919963], [-6.232661601081558, 53.319001774184244], [-6.232221299244754, 53.319379004099666], [-6.232730242580089, 53.31974891428311], [-6.23335151310742, 53.32018968829283], [-6.234163762319061, 53.32076333275939], [-6.234779676083021, 53.32121462471078], [-6.235465102462111, 53.32167664818243], [-6.236061175418519, 53.322015388849074], [-6.236809439050951, 53.32213708769186], [-6.237545797867483, 53.32247259240824], [-6.238081007453995, 53.32281392826346], [-6.238676655836676, 53.32328404291147], [-6.239143960727076, 53.323651422517045], [-6.240102462633457, 53.324380776762595], [-6.240802982088429, 53.32492387657084], [-6.241295648482472, 53.32528955446194], [-6.241913793038869, 53.32572610214427], [-6.242582224006274, 53.32622566914999], [-6.243284024147364, 53.326781264962044], [-6.244017361369742, 53.327338129687526], [-6.244483726119776, 53.32767932084148], [-6.245092924442573, 53.327937323103136], [-6.2461874434720075, 53.328349850843864], [-6.246702869097111, 53.3285400500366], [-6.247284794240481, 53.32879045015688], [-6.247959806755481, 53.32912004436795], [-6.24860963755862, 53.32930600842765], [-6.249336674481321, 53.329432977685826], [-6.250065011665433, 53.32957667780326], [-6.250818644281302, 53.32984665548371], [-6.2514771871242205, 53.330198545823635], [-6.251943368441158, 53.330658425599125], [-6.25217860318153, 53.33106764635249], [-6.252413542017268, 53.33147209902319], [-6.252758854341793, 53.33205719364707], [-6.2527948459421445, 53.33210058996258], [-6.252846664568116, 53.33215967614144], [-6.2528866555892835, 53.332205198076664], [-6.252965340839196, 53.332279506678994], [-6.253005993400491, 53.33231793835836], [-6.253076718309915, 53.332384041782674], [-6.253142429537136, 53.332445578119014], [-6.2532791029694454, 53.332573490807704], [-6.252853942351384, 53.33300539027858], [-6.252468936209541, 53.33340291633836], [-6.2521552856836475, 53.33371170458271], [-6.251736128104066, 53.334138565398966], [-6.251269654659292, 53.334601848242215], [-6.250946612817771, 53.33493997374756], [-6.250507271648283, 53.33538738468194], [-6.2497947415470865, 53.336100941297694], [-6.249476307891106, 53.33641971812063], [-6.248505235086655, 53.33740663813621], [-6.2477046969877525, 53.3382201760338], [-6.2472485804655795, 53.33867937159973], [-6.246886474218059, 53.33903839169461], [-6.246720065007855, 53.33972562484767], [-6.246292358364236, 53.34017391053535], [-6.2459472785643175, 53.34053398701955], [-6.245544103669252, 53.34096052227306], [-6.245223913394626, 53.34155256341811], [-6.245065809456657, 53.3419492698062], [-6.244837374658078, 53.34251731592027], [-6.244648664457174, 53.34295940618157], [-6.244514573320051, 53.34333813127811], [-6.244280364129588, 53.343937816190405], [-6.244082888446334, 53.344445203448345], [-6.243862682597244, 53.34486364178122], [-6.243775879503939, 53.34526076702919], [-6.243649069189645, 53.34580846807565], [-6.243544172378388, 53.34630211899963], [-6.2433881199907875, 53.34702158413258], [-6.242326881354794, 53.346951309017435], [-6.241544552848439, 53.34689699952148], [-6.240665554102366, 53.34683505793403], [-6.2398178044911665, 53.34677833420207], [-6.23905734163208, 53.346725589212824], [-6.238049783633808, 53.346657506355356], [-6.237228109049658, 53.346602407534505], [-6.236504017170085, 53.34655090268604], [-6.235746132813148, 53.34649889362727], [-6.234916490183712, 53.34644491919968], [-6.234113934680371, 53.346394934883286], [-6.233390120364011, 53.34634287595541], [-6.232657523837076, 53.34629355841535], [-6.232053906996326, 53.34625234929292], [-6.230980572474654, 53.34617891776654], [-6.23002624618118, 53.34611811707199], [-6.22919476043608, 53.34591174177405], [-6.22835275063555, 53.34574726457345], [-6.227376750885541, 53.34556434361184], [-6.227189296737896, 53.34496570386401], [-6.226471709534874, 53.3448240924934], [-6.225854409623759, 53.344731241344235], [-6.22510739258231, 53.34462144816666], [-6.224269338977084, 53.344487916816334], [-6.223627819822965, 53.34434328648104], [-6.222997602170167, 53.34417123018752], [-6.221722364648457, 53.343983714285095], [-6.220811128250651, 53.34385032561301], [-6.219949882748656, 53.34372414680285], [-6.219252006407403, 53.34362179049022], [-6.218401910625916, 53.34349873268599]]]}}, {"type": "Feature", "id": "D5", "properties": {"district": "D5"}, "geometry": {"type": "Polygon", "coordinates": [[[-6.198367520047, 53.389763082986356], [-6.197567981394077, 53.38942387486131], [-6.197041808826244, 53.389886317571836], [-6.196349181237109, 53.39043485632863], [-6.19593812533625, 53.390748947499446], [-6.195209604526046, 53.391283546192795], [-6.194546567098003, 53.390956358013845], [-6.193987607846383, 53.39068097976562], [-6.193520431400803, 53.39044608266608], [-6.192852307588107, 53.3899966714697], [-6.192129871668743, 53.39013851210138], [-6.191185135385901, 53.390221348213196], [-6.190319632814244, 53.39029234694764], [-6.18941910215749, 53.39035597768829], [-6.188732298243749, 53.39040289407362], [-6.187983654268201, 53.390457764912], [-6.1870394135360005, 53.39052565701521], [-6.18590842734088, 53.390608318005626], [-6.184982556175545, 53.39067269847696], [-6.184095851297041, 53.390731556442766], [-6.183318403866337, 53.39078991417907], [-6.179734812652563, 53.391043569592576], [-6.178713714990484, 53.391153901659315], [-6.17873623979252, 53.39244103886932], [-6.178243898001652, 53.3930143696083], [-6.176626868959576, 53.39244163214823], [-6.175741294491218, 53.392200451323625], [-6.174671700108851, 53.391985747773525], [-6.173636223724332, 53.39190402877203], [-6.172710102623846, 53.39196732189539], [-6.171751017445397, 53.39207926312169], [-6.170597733228471, 53.39216548211008], [-6.169801455349809, 53.392129906074715], [-6.168668389965276, 53.392068576149434], [-6.167485718796014, 53.392004586401754], [-6.167532698172724, 53.391759685999], [-6.167686906401521, 53.391125845708814], [-6.168798696541247, 53.39075511078952], [-6.169014770524163, 53.39039812700127], [-6.169527374096868, 53.3900453321086], [-6.1700545077101845, 53.38972358415978], [-6.1709663605962195, 53.38915932326584], [-6.172552793834632, 53.388190266340104], [-6.173078456845183, 53.38782651224614], [-6.173829508688887, 53.38731521934494], [-6.174292171671422, 53.386971615935444], [-6.174561639490515, 53.38659090401615], [-6.174751722839299, 53.386115330080365], [-6.174845137153704, 53.385647534205376], [-6.174991313313604, 53.385154841620945], [-6.175278666952099, 53.38468309110298], [-6.175582421942348, 53.38422192601003], [-6.17598594196284, 53.38357004772357], [-6.176170784955358, 53.383085853511176], [-6.176225054906832, 53.3825530195443], [-6.176144199413436, 53.38208103107502], [-6.175894779836358, 53.38165472741429], [-6.175280480658055, 53.381762888567565], [-6.17376514962545, 53.38207439234745], [-6.172885795166063, 53.38228669106273], [-6.172067006737386, 53.382502966829485], [-6.1714572344140155, 53.38267274055009], [-6.17070858140484, 53.38289520454227], [-6.170120539792776, 53.38307833616416], [-6.169441175791736, 53.383309404111984], [-6.168886955795991, 53.383507248441184], [-6.1681540485689945, 53.38378098587758], [-6.16736310914571, 53.38409229314114], [-6.16590371018227, 53.384129007156275], [-6.165275539779329, 53.383938526508715], [-6.165463875843114, 53.38355182381911], [-6.165792738830309, 53.38284346951725], [-6.161472142551983, 53.38181542900505], [-6.16113531618429, 53.381404283281476], [-6.160431527016026, 53.380467745148174], [-6.159864420586224, 53.38025148451128], [-6.15886673043411, 53.38016311778349], [-6.157440859675781, 53.37996603598091], [-6.156566318332277, 53.37984513017892], [-6.155906557223647, 53.37973688426519], [-6.155227899481591, 53.3795497037113], [-6.1566154578170265, 53.378951743665255], [-6.15717702598185, 53.37870140417832], [-6.157850350419965, 53.3783574323331], [-6.158516552890016, 53.37794845858993], [-6.159124497901892, 53.37764256535745], [-6.159780485984048, 53.37718822101419], [-6.160481249141501, 53.37659777687296], [-6.160999506294739, 53.3760942989751], [-6.161448211719887, 53.37568006944143], [-6.161779511274364, 53.37536693400756], [-6.161873720191034, 53.3749783369824], [-6.161802792354354, 53.37461361851203], [-6.161743054550955, 53.374164681705494], [-6.161969868274568, 53.373638285219], [-6.16159837362863, 53.373328341972325], [-6.161106004215556, 53.37317119327335], [-6.160910772822657, 53.37310888072686], [-6.160254576252918, 53.3729747397668], [-6.15960743534231, 53.37290085986046], [-6.158874562937795, 53.37281756497474], [-6.158188543022371, 53.37274002170939], [-6.15756752462736, 53.37271290839339], [-6.1570230892840625, 53.37291282565543], [-6.156290761493698, 53.37306373234146], [-6.1557617265552285, 53.372806697843146], [-6.155339949940783, 53.37253720920531], [-6.15452508555001, 53.372384136558956], [-6.1538940285891535, 53.37223111639085], [-6.1532690340909895, 53.37229037699164], [-6.152647615876138, 53.37238150476922], [-6.15260252881044, 53.37275018498483], [-6.152534911038847, 53.37313253650209], [-6.15210827390322, 53.37344506893919], [-6.151489293123023, 53.37359392706261], [-6.15118136029541, 53.373915574954005], [-6.150303845647433, 53.37419532016072], [-6.150158700193135, 53.37463857080467], [-6.150098912997405, 53.37502841199841], [-6.150038401647604, 53.37547495182494], [-6.149691181241743, 53.375827352507144], [-6.149286798691721, 53.37614579229559], [-6.148725813371153, 53.376362401465265], [-6.148149689408049, 53.37662209189953], [-6.147286778144364, 53.37669794018158], [-6.147473366871264, 53.37633163862474], [-6.148007366074535, 53.37607722923553], [-6.1484931367527755, 53.37583150578911], [-6.148755984330618, 53.37541848324599], [-6.148147237270561, 53.37534774332396], [-6.147323344143677, 53.37529918378449], [-6.146776661059215, 53.37503527457518], [-6.146325825887541, 53.375287105954925], [-6.145654229406543, 53.375584575668256], [-6.145130307767723, 53.3758350869695], [-6.144699961424538, 53.376099902922846], [-6.144266297437337, 53.3764009745], [-6.143780854583542, 53.37664129363883], [-6.143367112644353, 53.37690869987873], [-6.143011168049118, 53.37722931040705], [-6.142601631644964, 53.37752230346713], [-6.142105018104996, 53.3777624420102], [-6.141493664998524, 53.377941654871634], [-6.140780278553777, 53.37814102412133], [-6.140264206459455, 53.37832665837855], [-6.1394944856603235, 53.378566843125874], [-6.139006431174759, 53.37887720347773], [-6.13847537759911, 53.37915579492782], [-6.137729790052764, 53.37925146934002], [-6.137220650999017, 53.37945939747148], [-6.136536825259173, 53.37957409316629], [-6.135789481598411, 53.37970684574139], [-6.134913520245432, 53.379812688467695], [-6.134277521868925, 53.37993045555681], [-6.133613878121059, 53.38006800834522], [-6.133003874022869, 53.38021196890224], [-6.13241720046124, 53.380352426976344], [-6.131819696649998, 53.380417398828094], [-6.131355638915934, 53.38065359909188], [-6.130756123279052, 53.38080112769189], [-6.130059972931408, 53.38093024278553], [-6.1293753278711, 53.38099194949356], [-6.12853077515293, 53.38095731666874], [-6.1276408448230875, 53.3808381140118], [-6.127017451228777, 53.38075831908103], [-6.126210073141569, 53.38082859624916], [-6.125528507635116, 53.3810091418421], [-6.1248510049726805, 53.38107174370087], [-6.1242348919723515, 53.38111679287237], [-6.123360489909167, 53.38115202505765], [-6.122729776229402, 53.381204835576106], [-6.12191801430631, 53.38133208444229], [-6.120855601652054, 53.38152647063355], [-6.120038208459279, 53.381660268735665], [-6.1193281162437, 53.38182334363723], [-6.118461619657383, 53.38193748365267], [-6.117914041625175, 53.38220170383321], [-6.117413145150704, 53.38241084662603], [-6.116784956976528, 53.38263891898275], [-6.116215471010417, 53.38282890973043], [-6.115453882966645, 53.382910891797394], [-6.114555182328646, 53.38318069515758], [-6.11387507969786, 53.38309625077198], [-6.113108105972409, 53.38285135271553], [-6.113386974580379, 53.38244647817368], [-6.1138535939528635, 53.38193357710864], [-6.1142948420579994, 53.381570901318526], [-6.114820702994588, 53.38121495316172], [-6.1152256947772035, 53.380903737942155], [-6.11565208458681, 53.38048402248055], [-6.116202963138248, 53.38006627096185], [-6.116870166769685, 53.37968369591658], [-6.117516715867612, 53.379476763644604], [-6.118237128676896, 53.3791464281542], [-6.119396540945905, 53.37856992452974], [-6.120627202077986, 53.378088989066015], [-6.121166721150863, 53.37792735522447], [-6.122201364495612, 53.37761830062712], [-6.122931112173172, 53.377401054997854], [-6.1239002330240915, 53.37711000819642], [-6.125468289809632, 53.376652482349385], [-6.126122469667838, 53.376427828906564], [-6.126868542132639, 53.37617378797495], [-6.128512717284299, 53.37561271496579], [-6.1301519815897905, 53.37504956537722], [-6.131741469282196, 53.37443330782823], [-6.1340867024046695, 53.37352292176462], [-6.134989752049475, 53.373129015969354], [-6.13619721392895, 53.372603970628234], [-6.136693231421212, 53.37234847903528], [-6.138120310418916, 53.3715981165118], [-6.139003685672179, 53.37119030286838], [-6.139507252652854, 53.37095702633468], [-6.140062996057115, 53.37069804847837], [-6.140567465403984, 53.370463703120215], [-6.141481748866181, 53.37001384302401], [-6.1423062646565505, 53.3695900795578], [-6.142995106810941, 53.369222167089966], [-6.143622324954386, 53.368877467789986], [-6.1441222621724885, 53.36859819035149], [-6.144768609327236, 53.36822924728075], [-6.145343255753245, 53.36786736464888], [-6.145970803121113, 53.367477092587265], [-6.146872516332608, 53.36819588757257], [-6.147373746190775, 53.36860846068593], [-6.14799961656049, 53.36912200667596], [-6.148651942989743, 53.36966597740156], [-6.149132732826992, 53.37006483452197], [-6.1495164808277885, 53.37034957351112], [-6.150023680538656, 53.370711359401], [-6.15065664386065, 53.37105693810183], [-6.15135666717189, 53.37139681193144], [-6.152025824743568, 53.37167122525382], [-6.152757380807562, 53.3718414493441], [-6.153460176316829, 53.371948941761275], [-6.154126076070413, 53.37204129977347], [-6.154841282260775, 53.37213136089075], [-6.155837102710513, 53.37226134505716], [-6.156563904495738, 53.372355709178045], [-6.157329024076168, 53.37245542390025], [-6.1580949178270625, 53.372551640593564], [-6.159044675551558, 53.372672438678705], [-6.160251981690554, 53.3728193094229], [-6.1608543974519545, 53.372889890120256], [-6.16136698872294, 53.372987102778296], [-6.161690007089598, 53.37304836168377], [-6.162642643611091, 53.37327837091391], [-6.16345774625377, 53.373585343715185], [-6.164586255122646, 53.37409260585035], [-6.1650593457666725, 53.37369509496818], [-6.165500563920597, 53.373294935253384], [-6.165816153495256, 53.372904975593066], [-6.166084272477804, 53.37248606539378], [-6.166464533508845, 53.371871427275536], [-6.166811531290952, 53.37133554477144], [-6.16714106995859, 53.37094336942658], [-6.167678081425056, 53.370484548400064], [-6.168159808231102, 53.370138295774225], [-6.168718577647254, 53.36974666963135], [-6.169119090748684, 53.36947313201112], [-6.169646370849764, 53.36910735112641], [-6.170070321940891, 53.36881583586837], [-6.170483122840681, 53.36853277594589], [-6.170885964951549, 53.368253516348986], [-6.17161785184745, 53.36775389730373], [-6.1725947802695345, 53.36709373976891], [-6.173324825351897, 53.36740644287402], [-6.173854431496896, 53.36763653619248], [-6.174616111203697, 53.36790253221355], [-6.175221693968506, 53.36809504657061], [-6.176226061718308, 53.36840410802018], [-6.17679589755946, 53.36857503760706], [-6.17743434680256, 53.36876741370803], [-6.178080255774958, 53.36893033212617], [-6.178820198165457, 53.36912892391123], [-6.179830847692612, 53.3694894576988], [-6.180461513037285, 53.369687720107116], [-6.181354420386615, 53.36981924694297], [-6.181794690533049, 53.369282586849], [-6.182014212904835, 53.36882488510126], [-6.1822394426633185, 53.36829707932797], [-6.1829090711299415, 53.36842708002105], [-6.183596533476435, 53.36860695815204], [-6.184643486448789, 53.368845956622465], [-6.185256649318527, 53.368978140524874], [-6.185896980285943, 53.36917391480222], [-6.186670993986579, 53.36922783136597], [-6.187492848974906, 53.36927878490823], [-6.1883648483655636, 53.36925500120493], [-6.188972050215888, 53.36931194188563], [-6.18976443416046, 53.36929520771142], [-6.1904148835098916, 53.36920909095552], [-6.191248363832399, 53.36909402055579], [-6.1918478373981, 53.36899993341325], [-6.192580717681188, 53.368968797900905], [-6.193437437381176, 53.36898662630617], [-6.194508902082549, 53.369186724472954], [-6.1957468626423955, 53.369385735957174], [-6.196892729686329, 53.36955889745598], [-6.1978945725317445, 53.36970327034633], [-6.198822823939795, 53.36983546951883], [-6.199632171351073, 53.36993378281299], [-6.200507518591194, 53.370042342893626], [-6.201415089533451, 53.37015686450081], [-6.202249681838006, 53.37025634935619], [-6.202883098807552, 53.370330150512814], [-6.20271643500072, 53.37093571655317], [-6.203228187658433, 53.37125312445435], [-6.204508402962347, 53.371139475480504], [-6.205246907025507, 53.371072487545554], [-6.206266521100294, 53.37097835610295], [-6.206552976407449, 53.371083588889704], [-6.20681697153557, 53.37118066453051], [-6.2070740681948235, 53.37128266876359], [-6.207322241120992, 53.37141716199989], [-6.207535014338423, 53.37162140303321], [-6.207935372368951, 53.372057276118035], [-6.20838769865476, 53.37236846644089], [-6.209356922918703, 53.372312017113444], [-6.21020463320329, 53.37257296342484], [-6.210807009474565, 53.37283840336169], [-6.211351829493097, 53.373078532148845], [-6.211909446958021, 53.37332397289894], [-6.212744312997367, 53.37348405154039], [-6.212968419617665, 53.37301009701739], [-6.213154736432286, 53.37261565227718], [-6.21395975188061, 53.37268621211278], [-6.214752723041934, 53.37289067557391], [-6.215048934178387, 53.37249679375114], [-6.21550068489776, 53.3721977160595], [-6.216104199157358, 53.372279447396835], [-6.2169539808189995, 53.372399816404204], [-6.2175843640436765, 53.37247933544732], [-6.218635141443071, 53.37249089393644], [-6.219417893545731, 53.372649608538275], [-6.220118554805969, 53.37279163540743], [-6.220745396457556, 53.37295933922671], [-6.221495731183053, 53.37321524760688], [-6.22088264155628, 53.373567752713036], [-6.220371973323142, 53.373975436017886], [-6.220038702887872, 53.37435835271015], [-6.2196235582563055, 53.374825964562454], [-6.219227514781828, 53.375236611558634], [-6.218789862153262, 53.375506615424214], [-6.219417509129973, 53.3758192117202], [-6.220802606857572, 53.37621553835512], [-6.221653597224035, 53.376448860368804], [-6.222511819193231, 53.376681385249256], [-6.223166799853089, 53.37685956064211], [-6.223941584311823, 53.37707501513316], [-6.224691812603649, 53.37727607915295], [-6.225515917119191, 53.377498188642676], [-6.226141504047552, 53.37765946381999], [-6.226833883781648, 53.37781534735324], [-6.227510751648475, 53.37794789932431], [-6.228356106743269, 53.37810667534077], [-6.229314720278619, 53.37830235584897], [-6.230093806529908, 53.378451328600846], [-6.229901631006715, 53.378930370972824], [-6.229639428881682, 53.37960321632558], [-6.229493130212357, 53.38001005257561], [-6.2293666845774744, 53.38048207072119], [-6.228885114689257, 53.381410040682795], [-6.2279090903846726, 53.3811603553216], [-6.226999968659834, 53.38135032067346], [-6.2264446857756655, 53.38214444503155], [-6.225826356191819, 53.381962070134485], [-6.225045017854043, 53.38167535265787], [-6.224152317488724, 53.381276699865616], [-6.2232935786667465, 53.38080116618763], [-6.222737687138547, 53.38042710907664], [-6.222168492976502, 53.380622369762015], [-6.222669671282778, 53.380905203420134], [-6.223199162001612, 53.38120786883796], [-6.2237140870495855, 53.38149135204268], [-6.223521712119673, 53.381940364290415], [-6.2233608262786415, 53.38232972074187], [-6.223177134446579, 53.38277544657256], [-6.222997051525538, 53.38320289198695], [-6.22281815147104, 53.38363161294898], [-6.222658655731804, 53.38401406900394], [-6.222368968534644, 53.384733043099516], [-6.221607555319479, 53.384621940347614], [-6.2208664978622465, 53.3845371091872], [-6.219580393298984, 53.38441798977818], [-6.218684225734189, 53.384366419952386], [-6.21805067399755, 53.38432883094671], [-6.21636812434609, 53.38431322016351], [-6.216276358583452, 53.38474664921433], [-6.216117496249726, 53.38542370671913], [-6.215969075996503, 53.385856917663446], [-6.215697453555283, 53.386235890956485], [-6.215402624950534, 53.38664785910562], [-6.215055387203113, 53.387121054300174], [-6.214792866919314, 53.38760504230804], [-6.214710524876981, 53.38802899476593], [-6.214795147930279, 53.388501369560075], [-6.214941521284723, 53.38890259063234], [-6.215087657256837, 53.38946063447541], [-6.215145000929529, 53.389906537993156], [-6.215163695076539, 53.3902805050902], [-6.215151479642685, 53.39053978265528], [-6.215134417903115, 53.39076375793246], [-6.2150519680721406, 53.391249450837215], [-6.214969747660502, 53.39168814408178], [-6.214896977497356, 53.392120238216606], [-6.214828758594405, 53.392523551487436], [-6.214733559229321, 53.393088500132414], [-6.2146469720370705, 53.39364908391307], [-6.214575915074793, 53.39407563133955], [-6.21444156650757, 53.394636578838416], [-6.213992872420708, 53.395129103172216], [-6.213004196859773, 53.39471428352706], [-6.21208955021086, 53.394335434911206], [-6.2112944183498655, 53.394031436385276], [-6.210576419856712, 53.39377783886611], [-6.209873547101932, 53.39353336117053], [-6.208928154879771, 53.39320579296859], [-6.207178431522043, 53.392602991413966], [-6.205266407050565, 53.391939216398185], [-6.204496217983609, 53.39171939757798], [-6.203549066268845, 53.39144433481325], [-6.202866754244042, 53.39125225054768], [-6.202274381312622, 53.391082816905914], [-6.201634523761518, 53.39088102974409], [-6.200764697515161, 53.390540334831705], [-6.1998431462649926, 53.39018869767396], [-6.198945428074577, 53.38992485859089], [-6.198367520047, 53.389763082986356]]]}}, {"type": "Feature", "id": "D6", "properties": {"district": "D6"}, "geometry": {"type": "Polygon", "coordinates": [[[-6.24860963755862, 53.32930600842765], [-6.247959806755481, 53.32912004436795], [-6.247284794240481, 53.32879045015688], [-6.246702869097111, 53.3285400500366], [-6.2461874434720075, 53.328349850843864], [-6.245092924442573, 53.327937323103136], [-6.244483726119776, 53.32767932084148], [-6.244017361369742, 53.327338129687526], [-6.243284024147364, 53.326781264962044], [-6.242582224006274, 53.32622566914999], [-6.241913793038869, 53.32572610214427], [-6.241295648482472, 53.32528955446194], [-6.240802982088429, 53.32492387657084], [-6.240102462633457, 53.324380776762595], [-6.239143960727076, 53.323651422517045], [-6.238676655836676, 53.32328404291147], [-6.238081007453995, 53.32281392826346], [-6.237545797867483, 53.32247259240824], [-6.236809439050951, 53.32213708769186], [-6.236061175418519, 53.322015388849074], [-6.235465102462111, 53.32167664818243], [-6.234779676083021, 53.32121462471078], [-6.234163762319061, 53.32076333275939], [-6.23335151310742, 53.32018968829283], [-6.232730242580089, 53.31974891428311], [-6.232221299244754, 53.319379004099666], [-6.232661601081558, 53.319001774184244], [-6.233072227569881, 53.31860558919963], [-6.233651802192058, 53.31817361973241], [-6.234389732611434, 53.31764746903893], [-6.235166704421489, 53.31715262811982], [-6.2358894520446615, 53.31669957967788], [-6.2364184776853655, 53.31646852338352], [-6.23671994890644, 53.31604950171471], [-6.23659585319857, 53.31562202975291], [-6.23657846487221, 53.31515524363439], [-6.236756530358056, 53.31476908766443], [-6.237002438862096, 53.31441547980861], [-6.237368716315604, 53.31406922290536], [-6.23789295061624, 53.313686114742005], [-6.238431583342175, 53.313433981746314], [-6.23962028208073, 53.313541588990944], [-6.240503056019644, 53.313666599521284], [-6.241229159403873, 53.31363471185192], [-6.242051737130061, 53.31345685102064], [-6.242634274561822, 53.313231948769435], [-6.2433729680155094, 53.312836069881826], [-6.2440303029759745, 53.31253739889461], [-6.244688492416011, 53.31257351230154], [-6.2456897216095575, 53.31251104640524], [-6.246247797709354, 53.31225107597581], [-6.246595639004002, 53.31192051738398], [-6.246948333053294, 53.311474453015954], [-6.247312532522305, 53.310961871292065], [-6.247701083636282, 53.31047696760458], [-6.248126581873328, 53.30994488317923], [-6.248701942759936, 53.30916182742543], [-6.248759933402194, 53.30877919285572], [-6.249051673786455, 53.30834867379279], [-6.24973999293464, 53.30815809417232], [-6.250616807888576, 53.30809394097389], [-6.251404447992399, 53.30801939648923], [-6.252155078406058, 53.3079994860491], [-6.25300134201437, 53.30793477763306], [-6.253689855234169, 53.30789040080111], [-6.254541061572805, 53.30785001945401], [-6.255276281289495, 53.30782249424929], [-6.255942491330542, 53.30775441122758], [-6.256892633375893, 53.30789772162059], [-6.257506843131375, 53.30810360981297], [-6.257923020676941, 53.308377151519274], [-6.258980580335196, 53.308277741170414], [-6.259654439155662, 53.30769927359675], [-6.259656105229139, 53.30711386875647], [-6.259630026303585, 53.30675112234725], [-6.259888594026037, 53.30625691288471], [-6.260588185194077, 53.30604270927904], [-6.261248827809975, 53.306116783689085], [-6.261986919110403, 53.30629488732724], [-6.262562123550298, 53.306461805420234], [-6.263393247850911, 53.30668349591566], [-6.264250758499627, 53.30674307537952], [-6.265032530758514, 53.30674789280143], [-6.265923606056979, 53.306599264941866], [-6.266564392485513, 53.306049126977584], [-6.266964421546297, 53.30563173300258], [-6.267293593783913, 53.3051854475846], [-6.267341740566879, 53.304778845620426], [-6.267662572603611, 53.30430295985034], [-6.268175419108667, 53.3040079894691], [-6.268710421646537, 53.30375854444168], [-6.269408063285837, 53.30380758728725], [-6.270096031101952, 53.304034702570945], [-6.270808921422688, 53.30430360643117], [-6.271469557046946, 53.304426604602185], [-6.272201357438772, 53.30451567003308], [-6.272966377500038, 53.304664707603166], [-6.273764405279303, 53.30484225827343], [-6.274479380305454, 53.304952994878], [-6.275278342776179, 53.305003289718954], [-6.276001893004932, 53.30501501208267], [-6.276742815314016, 53.305007119363815], [-6.27749922672878, 53.30500483814311], [-6.278134644998146, 53.30502030716136], [-6.278891280856771, 53.305040128915955], [-6.279644262052017, 53.30502160756859], [-6.280406310124632, 53.30492834868709], [-6.2811519281415595, 53.30494826681206], [-6.281852228630712, 53.30507672195236], [-6.282648491752039, 53.305132859994806], [-6.283280383329533, 53.305140701504065], [-6.283316014928269, 53.30553557357132], [-6.283454962759237, 53.30601093065999], [-6.283561410821355, 53.3064235382897], [-6.283675820085174, 53.30686600806011], [-6.283788724254461, 53.30725659979385], [-6.2839154979698675, 53.30765934399312], [-6.283990946443637, 53.30817548695561], [-6.283912382320762, 53.30874567326547], [-6.2838106073089035, 53.30911394229084], [-6.2835198233473, 53.309846887643175], [-6.2833210948866265, 53.31032726896417], [-6.283002667771625, 53.31103006738598], [-6.282761348609316, 53.311643114766525], [-6.282520423334539, 53.31225850399244], [-6.282436542797719, 53.31262136757463], [-6.282224463211374, 53.31334106377264], [-6.282396493598883, 53.313892839899054], [-6.282510013547579, 53.31430213463403], [-6.282323612536973, 53.31471205229417], [-6.282046694192213, 53.31515059300642], [-6.281689652886103, 53.31553765020415], [-6.281250305235834, 53.31601375158733], [-6.28093990715887, 53.31635168975006], [-6.280355009968597, 53.31698709974148], [-6.280002419121462, 53.31738275399672], [-6.279673801144928, 53.31778540360368], [-6.279439845788018, 53.31814250497953], [-6.279168174487512, 53.3185600847567], [-6.27894371211785, 53.31903478490511], [-6.2788312340884875, 53.31942428460132], [-6.278764836621039, 53.31986828264765], [-6.278805678793003, 53.32026206222944], [-6.278952267254169, 53.3206735449142], [-6.279177960452446, 53.32113730605823], [-6.279327435358687, 53.321664854575616], [-6.279389986168575, 53.322236084707036], [-6.279271187271903, 53.32264409695577], [-6.279054562825178, 53.32312960500342], [-6.278847517793691, 53.32359844484979], [-6.278688045130621, 53.32396794349157], [-6.278543741925776, 53.32450482273783], [-6.27837655773116, 53.32512405367457], [-6.278249837118689, 53.3256114871552], [-6.278128288606704, 53.32605343008272], [-6.277955924813551, 53.32651818558311], [-6.277704311821464, 53.32691556075], [-6.277410611293694, 53.32728806206438], [-6.277014588128994, 53.32773862109506], [-6.2765249716189775, 53.32828704494481], [-6.276027282335613, 53.32884191077561], [-6.2756732655850715, 53.3293338744956], [-6.275497021269351, 53.32971274266585], [-6.2748615258730664, 53.329656369151834], [-6.273906456684321, 53.329621699950756], [-6.273172887775336, 53.3296208767781], [-6.272302381657809, 53.329635320852645], [-6.271635556186216, 53.32966798874087], [-6.271021233722739, 53.32971273793633], [-6.270304167387568, 53.32975689262253], [-6.269575598774049, 53.32979764072402], [-6.268835735495461, 53.32983597363496], [-6.267839446790335, 53.32989574211785], [-6.266603446230533, 53.32998302436468], [-6.265966702794884, 53.33002166989705], [-6.26509334198615, 53.330075653488755], [-6.264267769209377, 53.33009311916459], [-6.263572097292933, 53.3301101338345], [-6.262662981479778, 53.33013284281431], [-6.26144261433102, 53.330221917111515], [-6.260782249614235, 53.330326606169926], [-6.260168231861927, 53.33046674822927], [-6.258866601970227, 53.330753947171], [-6.258173739174603, 53.33090829608596], [-6.257079168653289, 53.33113936366101], [-6.256439670431176, 53.331272194129774], [-6.255241172809719, 53.33153111376459], [-6.254598376093451, 53.33166559374327], [-6.253454363350928, 53.3319057007626], [-6.252758854341793, 53.33205719364707], [-6.252413542017268, 53.33147209902319], [-6.25217860318153, 53.33106764635249], [-6.251943368441158, 53.330658425599125], [-6.2514771871242205, 53.330198545823635], [-6.250818644281302, 53.32984665548371], [-6.250065011665433, 53.32957667780326], [-6.249336674481321, 53.329432977685826], [-6.24860963755862, 53.32930600842765]]]}}, {"type": "Feature", "id": "D6W", "properties": {"district": "D6W"}, "geometry": {"type": "Polygon", "coordinates": [[[-6.282520423334539, 53.31225850399244], [-6.282761348609316, 53.311643114766525], [-6.283002667771625, 53.31103006738598], [-6.2833210948866265, 53.31032726896417], [-6.2835198233473, 53.309846887643175], [-6.2838106073089035, 53.30911394229084], [-6.283912382320762, 53.30874567326547], [-6.283990946443637, 53.30817548695561], [-6.2839154979698675, 53.30765934399312], [-6.283788724254461, 53.30725659979385], [-6.283675820085174, 53.30686600806011], [-6.283561410821355, 53.3064235382897], [-6.283454962759237, 53.30601093065999], [-6.283316014928269, 53.30553557357132], [-6.283280383329533, 53.305140701504065], [-6.284046587432651, 53.305085585025395], [-6.284859118641369, 53.30492121641904], [-6.285552592313738, 53.304695365456226], [-6.286298811213446, 53.30445310303372], [-6.286669971614622, 53.30414882761192], [-6.28689793312045, 53.30370615763587], [-6.286795274065488, 53.30321991226134], [-6.286626428527785, 53.30277666312208], [-6.286433594520689, 53.30214155135098], [-6.286402680404009, 53.30168383745775], [-6.286774036346655, 53.3012720774347], [-6.287314670823602, 53.30094632918255], [-6.287825814572733, 53.300664731606545], [-6.288469537210625, 53.300440126786235], [-6.289095082923006, 53.30012224000553], [-6.289920510535801, 53.299688046629036], [-6.290495891491946, 53.29936170405777], [-6.291078191508484, 53.29910043548444], [-6.2919097875539975, 53.2988826391695], [-6.29262372493774, 53.29881647405505], [-6.293540169295866, 53.298788253455896], [-6.294472134665168, 53.29873688110387], [-6.295172450015008, 53.29870501678253], [-6.295842467232149, 53.298834305294434], [-6.296535158993418, 53.29892868413177], [-6.296891605861748, 53.29857446791232], [-6.297225208922099, 53.29807594932438], [-6.2977206848695415, 53.29754810618854], [-6.2981688196752055, 53.29721173177036], [-6.298794050246769, 53.29700765810964], [-6.299583386391404, 53.29678650951694], [-6.300352227753745, 53.29660146174889], [-6.301025173015463, 53.29651632832444], [-6.301884659459355, 53.29644112786429], [-6.3025991177932985, 53.29649138490643], [-6.303117149634804, 53.296824635100265], [-6.303536532545348, 53.2970936587734], [-6.304403596470793, 53.297058451101684], [-6.30494392220644, 53.29682941162041], [-6.305519698230938, 53.29629234303486], [-6.305634506619879, 53.29589242667345], [-6.305478918920946, 53.2953756981669], [-6.305643770320633, 53.29499914076888], [-6.306508388951981, 53.29512151878154], [-6.30738988830799, 53.295580431093725], [-6.308200087685334, 53.2957716748758], [-6.309228671715776, 53.29585600711853], [-6.310001587102359, 53.29583883601714], [-6.310495197253452, 53.295391169953845], [-6.310610828123681, 53.294950368974185], [-6.310394731402724, 53.294510888438424], [-6.310249348538608, 53.294138555497796], [-6.31043039871824, 53.29350716466577], [-6.310619952261906, 53.293004950177064], [-6.311028855598004, 53.29260874655156], [-6.3114868399097395, 53.29228836967455], [-6.312231425196577, 53.292319763479945], [-6.312962362917327, 53.29261895764212], [-6.313394041969171, 53.29290609506738], [-6.313913589940587, 53.29328039118939], [-6.314410155745211, 53.293547412460434], [-6.315344880619351, 53.29364231810161], [-6.3165034181913775, 53.29327133570451], [-6.31734702050433, 53.29292124140884], [-6.318207322855932, 53.2925078373822], [-6.319109847871718, 53.29205520930912], [-6.319898495100466, 53.291827626520316], [-6.320585866905678, 53.291450682843234], [-6.321215470936516, 53.29119955123337], [-6.3223740043707375, 53.29074043790585], [-6.323363726538347, 53.29036494674691], [-6.324571881387406, 53.29009380303987], [-6.325334368015158, 53.28971114756048], [-6.327875720493014, 53.28919572642695], [-6.328522183334981, 53.2890367319172], [-6.329135203910918, 53.28887241213617], [-6.3297344257970245, 53.28872874615036], [-6.330941160834543, 53.28855520907363], [-6.330980205998223, 53.28918126317068], [-6.331229632449124, 53.289589177814605], [-6.331538708677979, 53.29000286966755], [-6.3316212378285, 53.29038948453247], [-6.331683640831922, 53.291029076174084], [-6.3313487678878655, 53.29139744698049], [-6.333019697671855, 53.29437796065541], [-6.333415865939546, 53.29503443970855], [-6.333787452599882, 53.295579043068095], [-6.334561449961002, 53.29655723579709], [-6.335122618082009, 53.29718410904485], [-6.335730406496717, 53.297748360688644], [-6.33653440728944, 53.2984629159566], [-6.337180344952507, 53.29898563224944], [-6.338156016601137, 53.29965520797849], [-6.339570473948668, 53.300490229188355], [-6.340897930897267, 53.30117393723027], [-6.341896820299393, 53.301591984755504], [-6.341236042970029, 53.30236871937382], [-6.340786789879945, 53.302821082359515], [-6.34058709598605, 53.30326092008659], [-6.339728062447742, 53.30347265134082], [-6.339000868437451, 53.30329383439951], [-6.338407514752421, 53.304514918594556], [-6.337734900740546, 53.30441513267274], [-6.337118085418697, 53.30448436052682], [-6.336445113589899, 53.304514786078606], [-6.335682554766455, 53.30424297777215], [-6.335150556840341, 53.30398642686367], [-6.334667204824823, 53.30374232615504], [-6.334031648986095, 53.303765441793836], [-6.33339032731067, 53.30384760891498], [-6.332759422391757, 53.30382117371164], [-6.331978099126985, 53.303834780698125], [-6.331378396135097, 53.30392524820589], [-6.330767747789512, 53.30395049247483], [-6.330260144733321, 53.30421425789193], [-6.329649670851792, 53.30430780129357], [-6.328473215319884, 53.304081194537204], [-6.327759258506962, 53.30392235601121], [-6.32701738226333, 53.303930192738534], [-6.326286872737784, 53.303985906236974], [-6.325375874500518, 53.303964486980085], [-6.324786277567185, 53.30406189360836], [-6.323908455924273, 53.304093773796765], [-6.323245554601813, 53.304062884090676], [-6.322603213160164, 53.30417670369137], [-6.32199965066788, 53.30427974177829], [-6.322169026880682, 53.30506598593011], [-6.321931941633821, 53.30554849560429], [-6.321497924191366, 53.306088985918855], [-6.320851244555004, 53.306533103374946], [-6.3201819122022025, 53.30679742455619], [-6.31970433707093, 53.30708493519847], [-6.318740172010669, 53.3075109962472], [-6.31813806622497, 53.307776972954784], [-6.317235545586154, 53.30818924239403], [-6.315624618141674, 53.30879389110947], [-6.314263958668841, 53.309192386055294], [-6.312072819126496, 53.30987443079134], [-6.309366733681794, 53.31070146821245], [-6.307066462562153, 53.31159774637592], [-6.305883166215425, 53.312150997197946], [-6.3052520845694735, 53.31245424402181], [-6.304593212950881, 53.312849480612876], [-6.303455735273462, 53.312710896990524], [-6.302740790019237, 53.31262864563319], [-6.302112586429598, 53.31255625280985], [-6.300984613954743, 53.3123625995479], [-6.29968437977964, 53.31202556025637], [-6.299620836953575, 53.3120673432832], [-6.299563904618567, 53.312104726952896], [-6.298553648258039, 53.31275428926798], [-6.298043358088463, 53.31315250876594], [-6.297159749232703, 53.313855992712725], [-6.297839909288697, 53.31416255040694], [-6.29866760281762, 53.3143355925928], [-6.299483087256075, 53.3144267613918], [-6.300191668529902, 53.314510918572765], [-6.301323506863615, 53.31467713323858], [-6.301140219385609, 53.31514715786265], [-6.3012118000324016, 53.31560104155171], [-6.3014353765462685, 53.31594277341117], [-6.301909219220118, 53.316565323277906], [-6.3024511889362795, 53.31727116346899], [-6.3027639747823665, 53.317676623381494], [-6.303299165228421, 53.31836996063536], [-6.302770179451326, 53.31860553596576], [-6.302023961650994, 53.31893741418061], [-6.301385836917545, 53.31922463344924], [-6.300841193222207, 53.31946743664492], [-6.300073261878977, 53.31980294776518], [-6.299473465413718, 53.32006886445483], [-6.298988253748724, 53.32028275922863], [-6.298212529886404, 53.32062048402084], [-6.297496824133803, 53.32093973825989], [-6.2965046284404655, 53.321344281653666], [-6.295492384689006, 53.321763718666624], [-6.294313779644791, 53.32225050834339], [-6.294847728887301, 53.322842580317], [-6.295334209403867, 53.32354505271557], [-6.295627713656643, 53.323983328277926], [-6.295904272630936, 53.3244431098737], [-6.296183077588132, 53.32488395991313], [-6.296429634394131, 53.32528606323343], [-6.296757549508908, 53.325759248154505], [-6.2958017786208265, 53.32593342594517], [-6.293972321291458, 53.32628113550826], [-6.292969191265519, 53.32647186861086], [-6.2917179057749975, 53.32667908039002], [-6.290868717703065, 53.32684018630156], [-6.2897378832514566, 53.3270348139524], [-6.288609563422085, 53.32726532586756], [-6.287961399589659, 53.32746084074299], [-6.28740794247145, 53.3277274526751], [-6.286945181959733, 53.32798601819592], [-6.286391782396171, 53.32831571630681], [-6.285920680875508, 53.32859671588393], [-6.285131514232546, 53.32908101409804], [-6.284626756677333, 53.32944744214742], [-6.284341723174361, 53.32980867105106], [-6.284162284755045, 53.33029364417493], [-6.284017989311199, 53.3306896103479], [-6.283031273272558, 53.33053583841863], [-6.2823560508335445, 53.33043534522587], [-6.281278047634975, 53.33027655920515], [-6.280573916286835, 53.33017159501848], [-6.279440239146843, 53.33001513514178], [-6.278836905216575, 53.32993776747311], [-6.277703760689667, 53.32982677386943], [-6.277096114109537, 53.3297736004893], [-6.276313146562174, 53.32973271911591], [-6.275497021269351, 53.32971274266585], [-6.2756732655850715, 53.3293338744956], [-6.276027282335613, 53.32884191077561], [-6.2765249716189775, 53.32828704494481], [-6.277014588128994, 53.32773862109506], [-6.277410611293694, 53.32728806206438], [-6.277704311821464, 53.32691556075], [-6.277955924813551, 53.32651818558311], [-6.278128288606704, 53.32605343008272], [-6.278249837118689, 53.3256114871552], [-6.27837655773116, 53.32512405367457], [-6.278543741925776, 53.32450482273783], [-6.278688045130621, 53.32396794349157], [-6.278847517793691, 53.32359844484979], [-6.279054562825178, 53.32312960500342], [-6.279271187271903, 53.32264409695577], [-6.279389986168575, 53.322236084707036], [-6.279327435358687, 53.321664854575616], [-6.279177960452446, 53.32113730605823], [-6.278952267254169, 53.3206735449142], [-6.278805678793003, 53.32026206222944], [-6.278764836621039, 53.31986828264765], [-6.2788312340884875, 53.31942428460132], [-6.27894371211785, 53.31903478490511], [-6.279168174487512, 53.3185600847567], [-6.279439845788018, 53.31814250497953], [-6.279673801144928, 53.31778540360368], [-6.280002419121462, 53.31738275399672], [-6.280355009968597, 53.31698709974148], [-6.28093990715887, 53.31635168975006], [-6.281250305235834, 53.31601375158733], [-6.281689652886103, 53.31553765020415], [-6.282046694192213, 53.31515059300642], [-6.282323612536973, 53.31471205229417], [-6.282510013547579, 53.31430213463403], [-6.282396493598883, 53.313892839899054], [-6.282224463211374, 53.31334106377264], [-6.282436542797719, 53.31262136757463], [-6.282520423334539, 53.31225850399244]]]}}, {"type": "Feature", "id": "D7", "properties": {"district": "D7"}, "geometry": {"type": "Polygon", "coordinates": [[[-6.320241969077213, 53.37961861361782], [-6.3196315947752835, 53.37949273867391], [-6.319337818618008, 53.37915904564184], [-6.318630647242761, 53.378985878212205], [-6.318203937662902, 53.37860034101096], [-6.317275950913069, 53.37852309054313], [-6.316714248164166, 53.37835492865696], [-6.31603550787227, 53.378328815747736], [-6.315439833281306, 53.377963261618625], [-6.314852613543713, 53.378162212062996], [-6.314310200093109, 53.378497587307905], [-6.313574341681858, 53.37840181250118], [-6.312962273620185, 53.37830715426711], [-6.312392998135554, 53.37814290902623], [-6.311416349311403, 53.3781494031474], [-6.311339926323642, 53.37818867363247], [-6.311252427600642, 53.37822904551158], [-6.311201286617613, 53.378233983588146], [-6.3111506458283575, 53.37823254789679], [-6.311029189062926, 53.37820701305948], [-6.310875349123992, 53.37817913241066], [-6.310753202711858, 53.37815223946599], [-6.310639289198652, 53.37812717049885], [-6.310505289231231, 53.378099120900636], [-6.309763592391972, 53.37801968617971], [-6.309035518620377, 53.37795625714759], [-6.308299583623338, 53.37787231153055], [-6.307587436378162, 53.37771060098898], [-6.306888935843733, 53.37752373621554], [-6.306198463519429, 53.37723470822972], [-6.305646122345205, 53.3770726480557], [-6.305196585351378, 53.376778407513164], [-6.304835724129942, 53.376420628120755], [-6.3043863519731005, 53.37607264395962], [-6.303516433740064, 53.37610494477421], [-6.302891756197497, 53.37620714214677], [-6.302076533599695, 53.376036023646314], [-6.301172847754149, 53.37604473003796], [-6.300507948292144, 53.376061234509585], [-6.299731844137369, 53.37625247756102], [-6.2987796363340385, 53.376296692443354], [-6.298001944240038, 53.37638760565562], [-6.296982808981855, 53.37666757176495], [-6.295018708305795, 53.377169492648044], [-6.294387308024423, 53.37730561076206], [-6.293746900433322, 53.377397200472416], [-6.29310892485504, 53.37735356564413], [-6.292353629297041, 53.37742606942098], [-6.291329482768238, 53.37750460470902], [-6.290459244358412, 53.377531503584294], [-6.289840658446139, 53.37745874122226], [-6.289216001478389, 53.377441608669905], [-6.288725874902633, 53.37712677204898], [-6.288030192031418, 53.3769429821615], [-6.2874110745824305, 53.376772599453155], [-6.286954529033182, 53.37633502403839], [-6.286462290275767, 53.37595004806083], [-6.286297758940446, 53.37557480977187], [-6.2861476720275755, 53.375179467805886], [-6.28595882005049, 53.37474950758084], [-6.2856022394382105, 53.37420938163385], [-6.285261670300748, 53.373875559261386], [-6.284657153447346, 53.373448160272176], [-6.284051195420681, 53.373032240903896], [-6.283528450528565, 53.37268932258112], [-6.283012342371538, 53.372440412845336], [-6.282408626474106, 53.37221279741246], [-6.281608099435464, 53.37184987432612], [-6.2807925035943635, 53.3712737336937], [-6.28018550270099, 53.37078696050044], [-6.278664907509625, 53.370069159161346], [-6.2776261289310735, 53.3696602621338], [-6.2763541758146, 53.36916135159117], [-6.275718588441811, 53.36891787321971], [-6.2746067310036935, 53.368515532386915], [-6.2735756447405615, 53.36812360656654], [-6.273117258097406, 53.36781689215485], [-6.272377633402062, 53.366929938016376], [-6.272126602768712, 53.366573916780304], [-6.271828237220708, 53.36611080151049], [-6.271606683056438, 53.36556261143724], [-6.271385908344285, 53.36593471625356], [-6.271260884958009, 53.36614554071343], [-6.270887104258088, 53.36678270531859], [-6.270139353518236, 53.36662681349618], [-6.268591768709366, 53.36630410437135], [-6.267687137646513, 53.36616074911207], [-6.266901367999481, 53.36613298086118], [-6.266039519146103, 53.366126389908906], [-6.265008811797406, 53.36603941864846], [-6.264101477806672, 53.3658654404322], [-6.2630205570254525, 53.36565145171822], [-6.262303017076093, 53.36548822130471], [-6.261565212918955, 53.365299347467165], [-6.260666573143656, 53.36507693890749], [-6.259547269485587, 53.364796213332916], [-6.2588916606750775, 53.36463431499648], [-6.258208602862365, 53.364461946658146], [-6.257136378115586, 53.36419132206726], [-6.257454624692279, 53.36384448246576], [-6.257650456969601, 53.36365205136432], [-6.2579133803912, 53.36338537700969], [-6.258429407889799, 53.362825191357025], [-6.258945686187318, 53.362255480771296], [-6.259273266318318, 53.36189780826563], [-6.259623891247098, 53.36149445673922], [-6.260140556315511, 53.36092357838446], [-6.2607010634916795, 53.36034372074323], [-6.261277731510937, 53.35975304182962], [-6.261339719332982, 53.359688249023286], [-6.261379839940855, 53.359646234535695], [-6.261610479120725, 53.35940442550407], [-6.261727954999251, 53.35927618276224], [-6.261827690644129, 53.359166734239295], [-6.261871143625789, 53.35911892648016], [-6.2619437702029845, 53.35903927979004], [-6.262694314984989, 53.35840394455925], [-6.263235140392867, 53.357980345122], [-6.263813763119703, 53.35750750443446], [-6.264134763693155, 53.35719393994403], [-6.264444601669773, 53.356874460421004], [-6.264943886764922, 53.35635022182012], [-6.265235001064767, 53.35603388308536], [-6.26562047074711, 53.35556918921265], [-6.266131637385117, 53.35498957775224], [-6.266517518006232, 53.354584471947085], [-6.266971038014903, 53.354151768357454], [-6.267422203370672, 53.353728016046965], [-6.267919075282307, 53.35328587290822], [-6.268342928841822, 53.35292418145451], [-6.268747923584842, 53.352587468778495], [-6.269069880067256, 53.35218430302548], [-6.269472349320701, 53.351655854934634], [-6.269733239527245, 53.35131641928574], [-6.270309985126949, 53.35087057181005], [-6.270536016337605, 53.35051678873499], [-6.2705475274141325, 53.350061216161755], [-6.270587738435606, 53.349695302266674], [-6.270574407369635, 53.34913430942726], [-6.270367834184551, 53.34834098229239], [-6.270306975899945, 53.347861712530616], [-6.2702671394630345, 53.34732217396478], [-6.270233346330067, 53.34692705702521], [-6.2700625549188365, 53.34647090753094], [-6.269821537926088, 53.3458832453214], [-6.269654903529295, 53.345492851692214], [-6.270098561664219, 53.3454472509184], [-6.271000926227921, 53.34535446512732], [-6.271481277041608, 53.34530498736521], [-6.272119206742756, 53.34528232539818], [-6.272798888334554, 53.34529306778424], [-6.273959480737929, 53.34538446095285], [-6.274988342626291, 53.34547762258378], [-6.2757328666130565, 53.345545186129925], [-6.276624471648254, 53.345706539227166], [-6.277689129956426, 53.34590139014996], [-6.278414130682807, 53.34603875488488], [-6.279662622227282, 53.346270392364566], [-6.280406067957648, 53.34641448167562], [-6.282960902925854, 53.34667560416198], [-6.283614882835228, 53.346734715054616], [-6.284342156462839, 53.34677312762495], [-6.285293608396856, 53.3468027157127], [-6.286053055275022, 53.34682962739916], [-6.286925490312842, 53.34685905565832], [-6.287847108626352, 53.34688828477343], [-6.288668564377084, 53.346922630431976], [-6.289589415035706, 53.3469989277214], [-6.290242782404557, 53.34712009459675], [-6.291823400481684, 53.34740875920174], [-6.291850895668678, 53.34757918974199], [-6.291893240221969, 53.347818135214716], [-6.291925888187389, 53.348002210097874], [-6.2925630693674215, 53.34804853903056], [-6.293360138966817, 53.34805212659933], [-6.29491622335174, 53.34813135790835], [-6.295022555793535, 53.34850548464532], [-6.295223023558297, 53.3490070461816], [-6.295736058082672, 53.34954192204989], [-6.296110253454706, 53.349939915600764], [-6.296487830690114, 53.350337147361344], [-6.296869615999385, 53.35074396430073], [-6.2977807063203795, 53.351714008485416], [-6.298186155441673, 53.352146232730384], [-6.298357864719687, 53.35231692130156], [-6.298515124660989, 53.35248030368684], [-6.298804578086613, 53.352783343800475], [-6.299307394853655, 53.353315721057896], [-6.299836507497715, 53.3538662653522], [-6.300257824089285, 53.354308594127396], [-6.300929761291819, 53.355018982134695], [-6.3013075386128685, 53.3553947213838], [-6.301623828467907, 53.35572797364169], [-6.301943410425782, 53.35605956431884], [-6.302412952881229, 53.35655514613534], [-6.302891993222163, 53.35706452153171], [-6.303302913832229, 53.35749878237877], [-6.3036616419469045, 53.35787792755189], [-6.3040952156165115, 53.35815712039803], [-6.3045689181786395, 53.35842744544853], [-6.305035888455533, 53.35869273000727], [-6.305664181309697, 53.35903606529495], [-6.306110092516967, 53.35928909359416], [-6.306987331806463, 53.35978523203566], [-6.307573622494005, 53.36011996242284], [-6.308209929622514, 53.36048721348729], [-6.308675497491823, 53.36075462044672], [-6.309338389529309, 53.36109869600508], [-6.3104594857858745, 53.361562045734395], [-6.311369736275975, 53.36192147549394], [-6.314110762668192, 53.36300858507498], [-6.314619756941204, 53.363203966242715], [-6.315521586025455, 53.363558751278205], [-6.316155234365049, 53.36380792096354], [-6.316998974832399, 53.364131228813406], [-6.317588162415426, 53.36435819455626], [-6.318294030248434, 53.36463686014146], [-6.319090854030606, 53.36492516096115], [-6.320197428834787, 53.365022708299165], [-6.321213201201235, 53.36529924858102], [-6.322341473507325, 53.36560809789598], [-6.3230573250167605, 53.36581057499727], [-6.323784528267534, 53.36623851328782], [-6.32425928225422, 53.36651901850111], [-6.3247144012866645, 53.36678846158352], [-6.325219985521933, 53.36708889771823], [-6.3257199429588375, 53.36738763501885], [-6.326208280247454, 53.367673175896456], [-6.3269183505395805, 53.368094024037816], [-6.327453117306035, 53.36840636311571], [-6.328049443585561, 53.36875452208481], [-6.328632247168546, 53.36910329740271], [-6.329166013859448, 53.369419658767214], [-6.330107371454029, 53.36987913510383], [-6.331055690624095, 53.37013891882166], [-6.3318546403415725, 53.370371263175485], [-6.332437697324992, 53.37053093527351], [-6.333140574376104, 53.37071034243914], [-6.333789834806412, 53.37083156939449], [-6.333243334058335, 53.37113506843963], [-6.332809658502644, 53.37149433351395], [-6.332322168172052, 53.37176845640738], [-6.331828691422394, 53.37209093389086], [-6.331816832927413, 53.37276524686462], [-6.331978332441143, 53.373205803474384], [-6.332149979267189, 53.37370392894621], [-6.332288941140382, 53.374080721382605], [-6.332419714968767, 53.37444508692176], [-6.332552897279259, 53.37480813788212], [-6.332725679295484, 53.37526484786638], [-6.333052007821039, 53.375658816183204], [-6.33398119678664, 53.37581864185232], [-6.333709183152208, 53.37620137668843], [-6.333390091002812, 53.37660879685332], [-6.333305614314605, 53.37701032667336], [-6.3333597548721015, 53.37745207743569], [-6.333420131769632, 53.37788969132436], [-6.332675746690975, 53.37792252011684], [-6.332026760429877, 53.3778677060249], [-6.331507311610646, 53.378075863469846], [-6.3309678370238816, 53.378453593853386], [-6.330425457215998, 53.37874060183332], [-6.329948507182716, 53.379037420310695], [-6.329238442703632, 53.37931695337579], [-6.328250149138419, 53.379433423936895], [-6.327400344621336, 53.37965023586144], [-6.326754691711513, 53.3796331855864], [-6.326065349700394, 53.379724981294366], [-6.32544747373107, 53.37962554280653], [-6.3247429477823625, 53.37962095628827], [-6.323968730137679, 53.379629676187285], [-6.323184910829193, 53.37965560116628], [-6.322031938984076, 53.37967210667067], [-6.320871910192005, 53.37979544778824], [-6.320241969077213, 53.37961861361782]]]}}, {"type": "Feature", "id": "D8", "properties": {"district": "D8"}, "geometry": {"type": "Polygon", "coordinates": [[[-6.2967243045737185, 53.34719376752664], [-6.295930894383007, 53.34703055311113], [-6.295255961874258, 53.3468938311524], [-6.294059061277689, 53.34685038750564], [-6.293402472287001, 53.34698020644957], [-6.292739363304074, 53.347189374853684], [-6.291823400481684, 53.34740875920174], [-6.290242782404557, 53.34712009459675], [-6.289589415035706, 53.3469989277214], [-6.288668564377084, 53.346922630431976], [-6.287847108626352, 53.34688828477343], [-6.286925490312842, 53.34685905565832], [-6.286053055275022, 53.34682962739916], [-6.285293608396856, 53.3468027157127], [-6.284342156462839, 53.34677312762495], [-6.283614882835228, 53.346734715054616], [-6.282960902925854, 53.34667560416198], [-6.280406067957648, 53.34641448167562], [-6.279662622227282, 53.346270392364566], [-6.278414130682807, 53.34603875488488], [-6.277689129956426, 53.34590139014996], [-6.276624471648254, 53.345706539227166], [-6.2757328666130565, 53.345545186129925], [-6.274988342626291, 53.34547762258378], [-6.273959480737929, 53.34538446095285], [-6.272798888334554, 53.34529306778424], [-6.272119206742756, 53.34528232539818], [-6.271481277041608, 53.34530498736521], [-6.271000926227921, 53.34535446512732], [-6.270098561664219, 53.3454472509184], [-6.269922454975553, 53.344899264883196], [-6.269809382745901, 53.344525915050646], [-6.269905669832858, 53.34410572302883], [-6.270152323088891, 53.34371593142133], [-6.26996683729735, 53.34328347427557], [-6.269846676768282, 53.34291092026987], [-6.2698669164445215, 53.34252431562794], [-6.2699990970061865, 53.34209538726476], [-6.270064440619944, 53.341616419375086], [-6.270066954504807, 53.341199540355916], [-6.2700642941351665, 53.340662697214434], [-6.269910591852799, 53.34014298572207], [-6.269566299515153, 53.339721075684444], [-6.269256244675069, 53.33934989977371], [-6.269237367751185, 53.33890484989622], [-6.269263375390114, 53.3381405073419], [-6.269179426450382, 53.33766018204126], [-6.2690725083663725, 53.33708048444778], [-6.2690062449314174, 53.336704756881794], [-6.26892558453787, 53.33621675000083], [-6.268819283767819, 53.335573072144925], [-6.268753446573924, 53.33517470277843], [-6.268558238703434, 53.33399319837761], [-6.268306853371322, 53.33247179070862], [-6.268113375489388, 53.33130010609825], [-6.268947150685162, 53.3311845924925], [-6.268912834634831, 53.3306622975616], [-6.268879194917166, 53.33027616849086], [-6.268835735495461, 53.32983597363496], [-6.269575598774049, 53.32979764072402], [-6.270304167387568, 53.32975689262253], [-6.271021233722739, 53.32971273793633], [-6.271635556186216, 53.32966798874087], [-6.272302381657809, 53.329635320852645], [-6.273172887775336, 53.3296208767781], [-6.273906456684321, 53.329621699950756], [-6.2748615258730664, 53.329656369151834], [-6.275497021269351, 53.32971274266585], [-6.276313146562174, 53.32973271911591], [-6.277096114109537, 53.3297736004893], [-6.277703760689667, 53.32982677386943], [-6.278836905216575, 53.32993776747311], [-6.279440239146843, 53.33001513514178], [-6.280573916286835, 53.33017159501848], [-6.281278047634975, 53.33027655920515], [-6.2823560508335445, 53.33043534522587], [-6.283031273272558, 53.33053583841863], [-6.284017989311199, 53.3306896103479], [-6.285015728448306, 53.330821873471905], [-6.285904737601631, 53.330954722491335], [-6.28690511249134, 53.33110183644649], [-6.287657809837792, 53.33120683122788], [-6.288560885376251, 53.33134130023815], [-6.28928152234661, 53.33144627400772], [-6.29009253114613, 53.331564132540244], [-6.291008326348585, 53.33171530166398], [-6.291726012001336, 53.331851044273954], [-6.292383147005905, 53.33199004970019], [-6.293184794973239, 53.33218773882352], [-6.29392122449639, 53.3323940159854], [-6.295026440854863, 53.33272356252647], [-6.29614750574583, 53.33305044922046], [-6.2967139804814884, 53.333237384982354], [-6.297363452272131, 53.33347331456908], [-6.298523568377426, 53.333930600534416], [-6.299112000916037, 53.33414506906519], [-6.300275531383032, 53.33460148768202], [-6.301235566723635, 53.33496925913388], [-6.302555626428971, 53.33547650496529], [-6.3033752819324445, 53.33580667185367], [-6.304276722586871, 53.336148241149616], [-6.30546240326168, 53.33660779912374], [-6.306243818209407, 53.33690720586476], [-6.306282670757144, 53.33690488170588], [-6.30661566856221, 53.33686413499386], [-6.306664232526207, 53.336857365147054], [-6.30753413601905, 53.33675827159826], [-6.308862612882078, 53.33659925965529], [-6.309852232272671, 53.336485040677175], [-6.310563435027436, 53.33639985299321], [-6.311563887560351, 53.33628388601359], [-6.312446799450811, 53.33618404220239], [-6.313401862824959, 53.33607263019186], [-6.314320287435397, 53.33596069274906], [-6.315505874883626, 53.33581576437879], [-6.3161799372666305, 53.33574233115587], [-6.317501435783891, 53.33559534733631], [-6.318358677023561, 53.33549887239238], [-6.319019176180676, 53.33542684963058], [-6.327101073557378, 53.334481887449705], [-6.328536563163378, 53.334299443554286], [-6.329367087235771, 53.33420404316952], [-6.330663964517564, 53.334060433626085], [-6.331511091219626, 53.33396453177066], [-6.332219219236199, 53.33387656616686], [-6.332945107301441, 53.33378399157248], [-6.333707300111389, 53.333693896955026], [-6.334539935992015, 53.33360406219373], [-6.335232365538979, 53.33352143156447], [-6.336040022713954, 53.33342737325501], [-6.336872880217792, 53.33332521302064], [-6.337784145869607, 53.3332158716325], [-6.338796255058211, 53.33310190656279], [-6.339719540125504, 53.33299208875379], [-6.3406962869084635, 53.33287015605699], [-6.341547914822995, 53.3327719091516], [-6.342147904334789, 53.332699905936465], [-6.342814585422594, 53.33262271515778], [-6.3435765234205945, 53.33252850997112], [-6.344873471340348, 53.33239004984883], [-6.346458668357607, 53.33219392085421], [-6.346512714588517, 53.33268842115415], [-6.3464404408233595, 53.333285869784795], [-6.346352580125652, 53.333870070935724], [-6.346539989328162, 53.33471979251502], [-6.347069127758868, 53.33614385172634], [-6.347512831839906, 53.33733791320871], [-6.346704552730203, 53.337491625230626], [-6.346003564930667, 53.337618330604904], [-6.345334996855958, 53.33773919067341], [-6.3446337535513235, 53.337865884497226], [-6.343947593871504, 53.33798990777873], [-6.343285007661915, 53.338109491410435], [-6.342583015119038, 53.338239218448926], [-6.3419128103812055, 53.33836983263045], [-6.341217336342694, 53.3385036864852], [-6.340622733190668, 53.3386197971659], [-6.339943497094313, 53.338746679863974], [-6.339310215675977, 53.338866829136755], [-6.338673766571351, 53.33898872836527], [-6.338032774186973, 53.3391127178161], [-6.337374281979506, 53.33924077371635], [-6.336705578324963, 53.33937335689745], [-6.336016367266917, 53.33950771729627], [-6.335367318686382, 53.33962510940718], [-6.334698736609202, 53.33972883450873], [-6.334055316536246, 53.339850971394476], [-6.33341647257067, 53.339973168768665], [-6.332752702579663, 53.340102473625905], [-6.332082026242583, 53.34023410475464], [-6.331450577695547, 53.340360079788105], [-6.330806699568281, 53.3404902812396], [-6.330162703431083, 53.34061706248487], [-6.329541544582771, 53.34073930706895], [-6.3288098010477345, 53.34088336558209], [-6.32800018543563, 53.341042415001134], [-6.327268502032259, 53.34118466753725], [-6.326431546392008, 53.34135213032759], [-6.325732463709248, 53.341496538456354], [-6.325151897727809, 53.34159991793884], [-6.324512980088737, 53.34168791585444], [-6.325624300629867, 53.342056984128426], [-6.326248844637295, 53.34207356823561], [-6.327378853947129, 53.3421272550431], [-6.3281066261005465, 53.34217080027861], [-6.328159124864676, 53.34294020321738], [-6.328177381272155, 53.34345479107014], [-6.328191003512865, 53.34387575818216], [-6.328240823258825, 53.34519791993845], [-6.327693752434737, 53.345036212572765], [-6.327013781298351, 53.344855653149104], [-6.3262805996504845, 53.34475936120672], [-6.325611534726199, 53.34476848480149], [-6.324854157005824, 53.34485661932227], [-6.323715059496977, 53.3450580151903], [-6.3229428484921435, 53.34522402714613], [-6.322381402622529, 53.34536576759931], [-6.321426070043777, 53.34558967747038], [-6.320502753531694, 53.345799201795096], [-6.319710178294108, 53.3459312045715], [-6.318841879189851, 53.346048474495795], [-6.317830820893448, 53.34612651835364], [-6.316855408789781, 53.34617369161564], [-6.316112312772948, 53.34620634214696], [-6.314911837499628, 53.346253557577406], [-6.314846977294074, 53.34663549250167], [-6.314636159148298, 53.347040529182976], [-6.314166020010159, 53.34730601566936], [-6.313501249919781, 53.34742171950804], [-6.312735259327608, 53.34748458165826], [-6.311758272539429, 53.34755811331571], [-6.31097688961414, 53.34752143867244], [-6.310112371106802, 53.34740080978238], [-6.309226317790377, 53.347276723864844], [-6.3082864784929, 53.34721603662073], [-6.307386278072713, 53.34721162460057], [-6.304878535010551, 53.347348207860115], [-6.304072770807444, 53.347432917064836], [-6.303373251828071, 53.347593185995066], [-6.302666892769973, 53.347697902922], [-6.3019419080552925, 53.34766035385324], [-6.300347218267377, 53.347539772643785], [-6.299145038177001, 53.34745415529084], [-6.298328998710589, 53.34737358554243], [-6.2974461919609395, 53.347231034570086], [-6.2967243045737185, 53.34719376752664]]]}}, {"type": "Feature", "id": "D9", "properties": {"district": "D9"}, "geometry": {"type": "Polygon", "coordinates": [[[-6.230833625601962, 53.411447980582274], [-6.230104892866771, 53.41137139159242], [-6.229348278205159, 53.411398635414066], [-6.22870518397667, 53.41139871032629], [-6.2277122153157976, 53.41134020383305], [-6.226886218621045, 53.41128183281309], [-6.2256907331515325, 53.410992566616706], [-6.225880126279591, 53.41065072452412], [-6.226116586576206, 53.410206229386255], [-6.226349337306733, 53.40986862575399], [-6.226598688158411, 53.40947482900159], [-6.226923834396914, 53.40905699364651], [-6.227678540860664, 53.40817685653984], [-6.228539677394146, 53.40717651846363], [-6.229406882573552, 53.406288873319355], [-6.229884823276708, 53.405846335084824], [-6.230320449136374, 53.405424916495754], [-6.230803684007345, 53.40484539909088], [-6.231113165887874, 53.40452519042262], [-6.2317742418242865, 53.40385295099735], [-6.2322053973719465, 53.403337993058486], [-6.232482321089303, 53.40284528459599], [-6.233088933972757, 53.40229194033021], [-6.233615389649589, 53.40179896875339], [-6.233941764182925, 53.40148008135081], [-6.234542246868253, 53.40090012703085], [-6.234905901654041, 53.4005491651264], [-6.235526888076948, 53.399847733272246], [-6.235857812146197, 53.399418186281345], [-6.236201612757787, 53.39897399988403], [-6.236661529316698, 53.39837281504019], [-6.2369351814256335, 53.39801413639829], [-6.236903871779692, 53.39716987011186], [-6.238042390040726, 53.397152622500656], [-6.238645168262282, 53.39732472661875], [-6.239037408777057, 53.39681752819381], [-6.239332930682525, 53.39641800570316], [-6.239908753926914, 53.39558772842111], [-6.2402519654320585, 53.39502381303228], [-6.240503026100846, 53.39455622845715], [-6.240820951684589, 53.3939044936618], [-6.241045725443842, 53.393346379321386], [-6.241253570955526, 53.3927596156734], [-6.241398965723202, 53.392297931290884], [-6.240717457520547, 53.39242763695515], [-6.240096442752696, 53.392545648833696], [-6.239471775228527, 53.392664951688715], [-6.238670215213352, 53.39289694594218], [-6.2384229924317625, 53.3933014037883], [-6.237639492032613, 53.39369605571117], [-6.236957055692778, 53.393451501128396], [-6.236311685356388, 53.39363608798655], [-6.235709628982957, 53.39381663839682], [-6.235029341389617, 53.39391882915295], [-6.2342763095105775, 53.39387012381692], [-6.233615183941771, 53.39421308650202], [-6.23294418118338, 53.39410591209712], [-6.232196734982358, 53.393967314836246], [-6.231636332103076, 53.39375590246054], [-6.231168686453136, 53.39347576234695], [-6.230613828784647, 53.39318776672685], [-6.229699050008651, 53.392970461427396], [-6.229311532769727, 53.39336509080751], [-6.228725498498018, 53.39325780508433], [-6.2281153700054475, 53.393136588105875], [-6.227484401711116, 53.393054422276066], [-6.226757620813764, 53.39295348425174], [-6.226140958902656, 53.39285840257728], [-6.225579665826329, 53.39264560011685], [-6.224849105815165, 53.39253443868632], [-6.224194436871723, 53.39250663472105], [-6.223590350296241, 53.39247310932739], [-6.222962030408751, 53.39239626130996], [-6.222243519407758, 53.39239787263328], [-6.221332804342466, 53.39225398858291], [-6.220690141769267, 53.392155525289844], [-6.220097357181223, 53.39199102765473], [-6.219485849609227, 53.391811778332894], [-6.219183141079086, 53.39148596974855], [-6.218611621658756, 53.391320343988006], [-6.218022503189255, 53.39116352972742], [-6.2173338050794635, 53.390977454647135], [-6.21676583296653, 53.39085483169742], [-6.21618257175664, 53.3909999755196], [-6.215134417903115, 53.39076375793246], [-6.215151479642685, 53.39053978265528], [-6.215163695076539, 53.3902805050902], [-6.215145000929529, 53.389906537993156], [-6.215087657256837, 53.38946063447541], [-6.214941521284723, 53.38890259063234], [-6.214795147930279, 53.388501369560075], [-6.214710524876981, 53.38802899476593], [-6.214792866919314, 53.38760504230804], [-6.215055387203113, 53.387121054300174], [-6.215402624950534, 53.38664785910562], [-6.215697453555283, 53.386235890956485], [-6.215969075996503, 53.385856917663446], [-6.216117496249726, 53.38542370671913], [-6.216276358583452, 53.38474664921433], [-6.21636812434609, 53.38431322016351], [-6.21805067399755, 53.38432883094671], [-6.218684225734189, 53.384366419952386], [-6.219580393298984, 53.38441798977818], [-6.2208664978622465, 53.3845371091872], [-6.221607555319479, 53.384621940347614], [-6.222368968534644, 53.384733043099516], [-6.222658655731804, 53.38401406900394], [-6.22281815147104, 53.38363161294898], [-6.222997051525538, 53.38320289198695], [-6.223177134446579, 53.38277544657256], [-6.2233608262786415, 53.38232972074187], [-6.223521712119673, 53.381940364290415], [-6.2237140870495855, 53.38149135204268], [-6.223199162001612, 53.38120786883796], [-6.222669671282778, 53.380905203420134], [-6.222168492976502, 53.380622369762015], [-6.222737687138547, 53.38042710907664], [-6.2232935786667465, 53.38080116618763], [-6.224152317488724, 53.381276699865616], [-6.225045017854043, 53.38167535265787], [-6.225826356191819, 53.381962070134485], [-6.2264446857756655, 53.38214444503155], [-6.226999968659834, 53.38135032067346], [-6.2279090903846726, 53.3811603553216], [-6.228885114689257, 53.381410040682795], [-6.2293666845774744, 53.38048207072119], [-6.229493130212357, 53.38001005257561], [-6.229639428881682, 53.37960321632558], [-6.229901631006715, 53.378930370972824], [-6.230093806529908, 53.378451328600846], [-6.229314720278619, 53.37830235584897], [-6.228356106743269, 53.37810667534077], [-6.227510751648475, 53.37794789932431], [-6.226833883781648, 53.37781534735324], [-6.226141504047552, 53.37765946381999], [-6.225515917119191, 53.377498188642676], [-6.224691812603649, 53.37727607915295], [-6.223941584311823, 53.37707501513316], [-6.223166799853089, 53.37685956064211], [-6.222511819193231, 53.376681385249256], [-6.221653597224035, 53.376448860368804], [-6.220802606857572, 53.37621553835512], [-6.219417509129973, 53.3758192117202], [-6.218789862153262, 53.375506615424214], [-6.219227514781828, 53.375236611558634], [-6.2196235582563055, 53.374825964562454], [-6.220038702887872, 53.37435835271015], [-6.220371973323142, 53.373975436017886], [-6.22088264155628, 53.373567752713036], [-6.221495731183053, 53.37321524760688], [-6.2219975290473695, 53.37280877547494], [-6.222462548676641, 53.37231799258836], [-6.222867241827152, 53.37185893296977], [-6.223374938499028, 53.371295177009536], [-6.223883774959104, 53.37071561841091], [-6.224574488704056, 53.36997025409368], [-6.225137496245481, 53.36944919420119], [-6.225633189275878, 53.36896406805859], [-6.226194544046764, 53.36855370108805], [-6.226752543633676, 53.36817311918341], [-6.227482325419135, 53.36844531127802], [-6.228190826418119, 53.3687079259893], [-6.228944865794196, 53.36897238074052], [-6.229654010478659, 53.36923185065722], [-6.230446344450094, 53.36952364583922], [-6.230992417732739, 53.36972020513974], [-6.232273887684388, 53.3701836151173], [-6.233119476403959, 53.37048912282969], [-6.233910001048522, 53.37078383361972], [-6.23464416423831, 53.37105712451236], [-6.235558581566675, 53.371386370616705], [-6.236368984733789, 53.371674708294904], [-6.237149350831128, 53.37195837261922], [-6.238076562805254, 53.37229084380202], [-6.238713216855275, 53.37252258645739], [-6.2393074314480685, 53.372728715040964], [-6.240131239907953, 53.37300877663058], [-6.24095425646065, 53.37326320730936], [-6.241876708182794, 53.373508043209085], [-6.242506245793001, 53.373681783040325], [-6.243214714986567, 53.373874206686295], [-6.243938119852686, 53.37408032665643], [-6.2446809346313445, 53.374275763380446], [-6.2457746774967005, 53.37456991175482], [-6.246512813825012, 53.37477101995379], [-6.247524223887788, 53.375045428563325], [-6.248695237864031, 53.375363422273644], [-6.249759046034566, 53.37565439819193], [-6.250347160527968, 53.37581212050435], [-6.250685492069453, 53.375420297859094], [-6.251113619115754, 53.37489687029655], [-6.251396851201692, 53.37453659184517], [-6.251651061677355, 53.37409194737298], [-6.251857276818573, 53.37367814413516], [-6.252068063648949, 53.373282741330335], [-6.252312523495487, 53.37289726790654], [-6.25257229164851, 53.372519207916405], [-6.253126867362504, 53.37172423548795], [-6.253493511784145, 53.37112368818443], [-6.253797326489702, 53.370625752403946], [-6.254037790485024, 53.37024327264542], [-6.254302370922376, 53.369825556083555], [-6.254522711242939, 53.36947127024175], [-6.254745616366205, 53.36912690739848], [-6.254982353207802, 53.36873817009387], [-6.255179686476717, 53.36831281754693], [-6.255337376974695, 53.36791735148683], [-6.255437027760476, 53.36742280681582], [-6.255462260082615, 53.36698738795131], [-6.255543047087041, 53.366569227872894], [-6.255755792092523, 53.366127203794704], [-6.256080529522101, 53.36562516439205], [-6.256441738077769, 53.3651128725079], [-6.256888967432575, 53.36456642692083], [-6.257136378115586, 53.36419132206726], [-6.258208602862365, 53.364461946658146], [-6.2588916606750775, 53.36463431499648], [-6.259547269485587, 53.364796213332916], [-6.260666573143656, 53.36507693890749], [-6.261565212918955, 53.365299347467165], [-6.262303017076093, 53.36548822130471], [-6.2630205570254525, 53.36565145171822], [-6.264101477806672, 53.3658654404322], [-6.265008811797406, 53.36603941864846], [-6.266039519146103, 53.366126389908906], [-6.266901367999481, 53.36613298086118], [-6.267687137646513, 53.36616074911207], [-6.268591768709366, 53.36630410437135], [-6.270139353518236, 53.36662681349618], [-6.270887104258088, 53.36678270531859], [-6.271260884958009, 53.36614554071343], [-6.271385908344285, 53.36593471625356], [-6.271606683056438, 53.36556261143724], [-6.271828237220708, 53.36611080151049], [-6.272126602768712, 53.366573916780304], [-6.272377633402062, 53.366929938016376], [-6.273117258097406, 53.36781689215485], [-6.2735756447405615, 53.36812360656654], [-6.2746067310036935, 53.368515532386915], [-6.275718588441811, 53.36891787321971], [-6.2763541758146, 53.36916135159117], [-6.2776261289310735, 53.3696602621338], [-6.278664907509625, 53.370069159161346], [-6.28018550270099, 53.37078696050044], [-6.2807925035943635, 53.3712737336937], [-6.281608099435464, 53.37184987432612], [-6.282408626474106, 53.37221279741246], [-6.283012342371538, 53.372440412845336], [-6.283528450528565, 53.37268932258112], [-6.284051195420681, 53.373032240903896], [-6.284657153447346, 53.373448160272176], [-6.285261670300748, 53.373875559261386], [-6.2856022394382105, 53.37420938163385], [-6.28595882005049, 53.37474950758084], [-6.2861476720275755, 53.375179467805886], [-6.286297758940446, 53.37557480977187], [-6.286462290275767, 53.37595004806083], [-6.286748186802079, 53.37645455586987], [-6.287122068896292, 53.37686092851297], [-6.287394503948468, 53.37722558166473], [-6.287576576469086, 53.377642860043714], [-6.287660517919833, 53.37838657968729], [-6.287697756382637, 53.37884240100827], [-6.287967070039441, 53.379328513535185], [-6.288342457026778, 53.37982495433818], [-6.288808797648377, 53.380415175516916], [-6.28921423572499, 53.380824240300484], [-6.289710272519601, 53.38113502508303], [-6.290297186069621, 53.38144881737813], [-6.290833347984073, 53.38175477999512], [-6.291421355991132, 53.382115944312105], [-6.292074893576437, 53.38258076609213], [-6.292499300222891, 53.38291055492617], [-6.293036004550901, 53.38332462987759], [-6.293495674193155, 53.38367819601898], [-6.293899282046529, 53.38399231431399], [-6.294338073201003, 53.38433820916428], [-6.29480356290639, 53.38470488454308], [-6.295314927782535, 53.38512128288274], [-6.295705922149853, 53.38542595793834], [-6.296232086088508, 53.385819916083214], [-6.296911420540281, 53.386339989809514], [-6.297391567021256, 53.38671639018055], [-6.297943801986122, 53.38711646419291], [-6.298462317043103, 53.38750428169732], [-6.2988661352368736, 53.38784912135959], [-6.2993444592633825, 53.38822854319515], [-6.2999429985459034, 53.388724530516086], [-6.300212285655206, 53.38907320057947], [-6.300423392366337, 53.38954407450566], [-6.300606974735199, 53.39003369852449], [-6.300809973371666, 53.39053402365769], [-6.301054591135853, 53.391082212884], [-6.3014785450522135, 53.39189726383746], [-6.301788962653568, 53.392481167766185], [-6.3019860854854555, 53.3928525323523], [-6.302213844475472, 53.39323934080898], [-6.302527892822008, 53.39357677893631], [-6.30303783849885, 53.3941237043522], [-6.3035065457999035, 53.39461971369846], [-6.303812220158231, 53.39495307490029], [-6.304261908638253, 53.39546004462884], [-6.3046187795684645, 53.39585964674339], [-6.30501922649838, 53.396270651072044], [-6.305364844143172, 53.39672284504248], [-6.3059537352004735, 53.39747883871493], [-6.306501332450739, 53.39818220827975], [-6.306825582358238, 53.39860488656363], [-6.307625532131216, 53.399625029187256], [-6.308178691163118, 53.40032712127855], [-6.308529306327996, 53.40077065878043], [-6.308962733239316, 53.40131530448558], [-6.30948558826099, 53.40198514655596], [-6.309812067272915, 53.40239059254975], [-6.309628408441022, 53.40274657478736], [-6.309030531075197, 53.40285152244481], [-6.30811874745416, 53.40265625415343], [-6.308167132103835, 53.40229026841663], [-6.307947306688155, 53.401841664210295], [-6.307203240596997, 53.40157426362793], [-6.306280330468714, 53.40144766404176], [-6.305275628643033, 53.401328972865684], [-6.304576287716437, 53.40120059142176], [-6.303807294226928, 53.40096202327168], [-6.302900955491811, 53.40079357346298], [-6.302931788835207, 53.40034304129821], [-6.302318588782484, 53.40049995220121], [-6.301572985258822, 53.40040333823668], [-6.300894990680769, 53.40034057473304], [-6.3002755183650025, 53.40015381050838], [-6.299647738272584, 53.40006353560365], [-6.2990160318090584, 53.399841720668284], [-6.2983478337105305, 53.39963636762275], [-6.29771282755068, 53.39953789107228], [-6.297159905680538, 53.399377762678036], [-6.296384748107566, 53.39935735411485], [-6.29583561137192, 53.39919889123485], [-6.294792994145721, 53.39882092194399], [-6.29405975587952, 53.39867986150243], [-6.2933291785126, 53.39861495508759], [-6.292738822127264, 53.3984953416301], [-6.292006898703446, 53.398327955164426], [-6.291292099817874, 53.39804595448992], [-6.290921526397965, 53.39857861495064], [-6.29076145223806, 53.39900168096819], [-6.290631337243808, 53.399611567808165], [-6.290849824252743, 53.400082563951116], [-6.291166844303622, 53.40053978225785], [-6.291472123036608, 53.401107552311615], [-6.2915645552109085, 53.40161727411435], [-6.29152525839442, 53.402016007217895], [-6.291565902183012, 53.40249038739041], [-6.291480933031312, 53.40288675913575], [-6.291454591182337, 53.40338615303402], [-6.291428179325517, 53.403964632098024], [-6.291552927413925, 53.40446969360829], [-6.29177483915727, 53.40500463454906], [-6.291831252404962, 53.4055839393855], [-6.291822515363133, 53.406133103815606], [-6.291275061628531, 53.4066394179247], [-6.290332299465523, 53.40660722486621], [-6.289709314084833, 53.40650070032969], [-6.289085060302424, 53.40640421985526], [-6.288447968805075, 53.40630934942594], [-6.2873601818729306, 53.40621627772688], [-6.286584146874943, 53.40607276068093], [-6.285815961314394, 53.40620606328234], [-6.2851631889689275, 53.40620522446009], [-6.284444026695032, 53.40608803381743], [-6.283672928697389, 53.40598545991928], [-6.283026869497367, 53.405845765699524], [-6.28198921788416, 53.405728022504434], [-6.281093793913737, 53.405762133205045], [-6.280247570099406, 53.40582184030762], [-6.279178223251076, 53.40589333326788], [-6.278527213685517, 53.405855097262865], [-6.277860011740638, 53.40572953922007], [-6.2770159202125875, 53.40561059092495], [-6.276324104252657, 53.405547938019026], [-6.275471992358267, 53.405483324683686], [-6.274601074443967, 53.40545743736682], [-6.27373686455932, 53.405452760368505], [-6.273119076908274, 53.40544589085883], [-6.272299549710771, 53.40545883551566], [-6.271514564645319, 53.405399928665], [-6.270764569278509, 53.40522154584039], [-6.270025284937881, 53.40510334730822], [-6.269576952471197, 53.40480575626574], [-6.269315073783733, 53.40435170569795], [-6.268990765439833, 53.40393242788337], [-6.268862751675356, 53.40352660110658], [-6.26876533983376, 53.402932309164534], [-6.268683715685478, 53.40250513656903], [-6.26831176080191, 53.40217845163355], [-6.267283022553794, 53.40202458082617], [-6.266697385732095, 53.4019236900056], [-6.265624232128396, 53.40171559663118], [-6.264428068790468, 53.401504177048395], [-6.263775138575703, 53.40139627186228], [-6.263783114358323, 53.401349654911684], [-6.263783208375829, 53.40132907579672], [-6.263788332015812, 53.40129158420825], [-6.263763449105922, 53.40122651504288], [-6.263770935100953, 53.4011888780776], [-6.263103662645249, 53.401080041563624], [-6.262359699393399, 53.40094501074441], [-6.26143442997939, 53.40079151704959], [-6.260614855936518, 53.40064962210484], [-6.2595698930975985, 53.4004754964986], [-6.258667147577262, 53.40032365772158], [-6.257968908132187, 53.40020238762936], [-6.257372517682681, 53.40010174311068], [-6.256757006729553, 53.39999865941039], [-6.256150623957431, 53.39989381859136], [-6.254889182117579, 53.399685842450765], [-6.253344939856428, 53.39943372182288], [-6.252276743998352, 53.3992499351795], [-6.25158104568869, 53.399076629184954], [-6.248633805473164, 53.39827616120112], [-6.24597051198143, 53.397551690162345], [-6.245185073919041, 53.397360491224084], [-6.244823041899585, 53.397701891509556], [-6.244471931322279, 53.39819353662525], [-6.244116520039406, 53.39854249152059], [-6.243965526688085, 53.39901380245865], [-6.244023931250177, 53.399682406297735], [-6.243893457449284, 53.4002124353974], [-6.243596738503434, 53.40070460863064], [-6.24330033879739, 53.401029355434886], [-6.242701480677416, 53.401398269056955], [-6.2421109873510074, 53.401804689423024], [-6.241622031671979, 53.40214564866959], [-6.2411781672840245, 53.40252681384333], [-6.240975564784816, 53.40303636467647], [-6.240646304042312, 53.403513312209235], [-6.240265387607916, 53.40406660692298], [-6.23975694070708, 53.404557176790355], [-6.239059925571247, 53.405333539678054], [-6.238577367056848, 53.40596531502216], [-6.238145363512845, 53.40655901025912], [-6.237939673355254, 53.40694385880594], [-6.2376155455874045, 53.40749007485528], [-6.237656028676752, 53.40804392078407], [-6.237826659517128, 53.408438189284446], [-6.238006651714099, 53.40884913201621], [-6.238330308592118, 53.40934972954693], [-6.238556316713767, 53.409728008203835], [-6.238629499625892, 53.41040042698643], [-6.238733553158665, 53.41089625465402], [-6.238884875446387, 53.41150008593171], [-6.23809924379029, 53.411416145752014], [-6.237325956229711, 53.411282773690246], [-6.236171074846575, 53.41123965120277], [-6.234017561081362, 53.41146025853367], [-6.233203675301855, 53.411636135580096], [-6.232298343842772, 53.41150724708212], [-6.231615131031267, 53.41149353245844], [-6.230833625601962, 53.411447980582274]]]}}]}